subject,split,condition,channel,mean,std,median,mad_sigma,iqr_sigma,std_over_mad_sigma
1,train,high,AF3,-0.0037389079193586266,115.3547265836431,-0.5391523241996765,16.579982384204865,16.57618762299783,6.957469791616743
1,train,high,F7,-0.0019519335155195763,63.72189616544025,-0.10664521902799606,20.37139645038396,20.481947884018815,3.1280082502267157
1,train,high,F3,-0.0013370542116650245,21.47700942598949,-0.2067055031657219,11.202227961874007,11.199964250433084,1.917208746249851
1,train,high,FC5,-0.0013577432012808102,40.71819906111234,-0.18529776483774185,13.692070950065553,13.704960217203716,2.973852473421297
1,train,high,T7,0.0029696917175316673,19.179509556413585,0.1276293396949768,10.825033202683924,10.826406786404688,1.771773739378303
1,train,high,P7,0.0015395355784587107,23.105138917554623,-0.039757637307047844,9.714890849314257,9.713932175915536,2.3783220291338156
1,train,high,O1,0.011552272709530593,23.602858995273525,0.007072548847645521,12.693391148418467,12.716820012029672,1.859460464055291
1,train,high,O2,0.009171360434743599,22.350368574624753,-0.005818388424813747,11.315203186512552,11.326454055141395,1.9752511913587067
1,train,high,P8,0.0085413001575065,22.972504502270784,-0.07620372623205185,12.00487112789154,12.00822170263224,1.9135985932325064
1,train,high,T8,0.019930741160852153,22.788292190025015,-0.0665830671787262,12.204104834747314,12.198292475616253,1.8672645391526455
1,train,high,FC6,0.019746344295127356,24.92743753398712,-0.12109536305069923,17.02431472576037,16.99160681202113,1.4642256052907743
1,train,high,F4,0.014795316856358064,33.65056938807853,0.3697722256183624,24.58621380212903,24.60513387104597,1.368676350856616
1,train,high,F8,0.024220599653685865,56.08664224936334,-0.22570736706256866,20.67922060403824,20.68458776990072,2.7122222506979172
1,train,high,AF4,-0.005646578148105778,32.644953134525984,-0.9241627752780914,17.430275631809234,17.506561957967996,1.8728879464734827
1,train,low,AF3,0.014475669553189003,19.35585620440845,-1.1704198122024536,18.05475369951725,18.306853949714363,1.072064262218431
1,train,low,F7,-0.029405829404085298,67.23249934557353,10.588406562805176,49.959779517173764,51.83765108802745,1.3457325071353095
1,train,low,F3,0.015665901305994424,17.807333923876993,-0.7974354028701782,16.706363812994955,16.793142167438482,1.065901241180062
1,train,low,FC5,0.012603837575417819,15.21137812614314,-1.1487246751785278,14.038265710759163,14.300127750507013,1.083565337738613
1,train,low,T7,-1.5093567468807245,2031.0431561395967,444.50437927246094,1838.451531802368,2016.1885684998147,1.1047575206665454
1,train,low,P7,0.017089396375222873,15.033071069280812,-1.0161008834838867,13.149870743465423,13.324136288630866,1.1432105579251575
1,train,low,O1,0.022067980392341417,19.581471283701315,-1.4659959077835083,15.894415655636786,16.23904819926834,1.2319717634134573
1,train,low,O2,0.02067422851250801,18.152597594171535,-1.3129712343215942,16.827668924331665,16.94341232548651,1.0787351281866566
1,train,low,P8,0.014537714896775739,19.25487359361494,-0.5926440060138702,14.829431975537538,14.878136922554939,1.2984228678062355
1,train,low,T8,0.01679131215115373,18.361452527756573,-0.48216988146305084,15.599485004997252,15.669483710784574,1.1770550452065907
1,train,low,FC6,0.0043275800059647635,28.941307002825944,-0.8244616985321045,23.86218051896095,23.95258275025681,1.2128525714500025
1,train,low,F4,0.006923627305480762,25.08963231557742,-0.10393435508012772,23.41653042282611,23.41099400446095,1.0714496068606472
1,train,low,F8,0.011862929116523906,18.537837201295176,-0.36634621024131775,17.10269780187607,17.09937483757138,1.0839130420267193
1,train,low,AF4,0.0200893274736285,20.02318452458157,-1.031123399734497,18.806732135009764,18.935939132769608,1.064681752302268
2,train,high,AF3,-0.0030574661462632984,22.914297380371426,-0.3985214829444885,15.852041872465609,15.85388042203933,1.445510778026185
2,train,high,F7,-0.004689406740936106,41.706758241269924,-0.34106098115444183,21.485224497404694,21.46608286914868,1.9411832650995986
2,train,high,F3,0.014687103339912102,17.65731981496864,0.09092617779970169,13.418124117104709,13.44062506136318,1.315930577245148
2,train,high,FC5,0.016711001212508958,20.900982128665813,-0.20257241278886795,14.835278933282195,14.857580610519873,1.4088701818592382
2,train,high,T7,-0.0037384497442650862,70.02540239252717,-0.3334932327270508,33.58953554019928,33.63966146515775,2.0847386326233117
2,train,high,P7,0.0034251988094885708,10.439077006879396,0.047320328652858734,7.457890766273438,7.451527201749379,1.3997358414107743
2,train,high,O1,0.005071973763907297,16.433224553510822,0.20003332197666168,12.855060253724455,12.849397708788194,1.278346754442452
2,train,high,O2,0.01049399683365295,18.676774879965826,-0.01894546113908291,14.505902862584218,14.500499566985201,1.2875292945839132
2,train,high,P8,0.006741716571010895,19.239491204262674,-0.08293424546718597,15.852546751490234,15.846148696627946,1.21365301776852
2,train,high,T8,0.004000700506508479,23.601161982604335,0.013426954858005047,19.024311680172197,19.025887976406768,1.2405790222204092
2,train,high,FC6,-9.700998840049283e-05,28.857038305572733,-0.26106271147727966,23.801312296682596,23.80117475765559,1.2124137503794192
2,train,high,F4,-0.0006870426492807039,15.869520898953196,-0.14178836345672607,13.37763500869274,13.370033897586538,1.1862725278901118
2,train,high,F8,0.013868044544742096,40.07104783307253,-0.5796191096305847,28.71754375258684,28.734550377101346,1.395350806402549
2,train,high,AF4,0.02973780172457024,23.653179210367504,-0.19972039759159088,17.45503688484728,17.445445502573158,1.355091906502978
2,train,low,AF3,0.005744482361647725,15.382716492844384,-0.7164793908596039,11.284276403814554,11.297606997705548,1.3631991934940895
2,train,low,F7,0.00524000464962363,13.018863033136832,-0.5313512086868286,9.648069771838188,9.64309110563715,1.3493748844082445
2,train,low,F3,0.00421831526977706,12.558386196205863,-0.19089504331350327,10.157260593236982,10.17555676185263,1.2363949985262388
2,train,low,FC5,0.0007057469448731403,10.126406576995992,-0.08084572106599808,7.740397721140086,7.746695058269798,1.3082540383344112
2,train,low,T7,-0.008433796597202942,15.841593838907855,0.2167564108967781,9.726426077413558,9.753553049046522,1.628716829061681
2,train,low,P7,-0.003371296036735931,6.393603927501017,0.08810078352689743,5.470850288057327,5.465349504203599,1.1686673169357291
2,train,low,O1,-0.004120472375437178,11.838628645289244,0.1897778883576393,8.887305606222153,8.895586471896953,1.332082992285178
2,train,low,O2,-0.001642494712984217,13.013934099953142,0.12203042209148407,10.657546517774461,10.64183201234901,1.2211003797401907
2,train,low,P8,-0.0021807418802566375,13.549723338921686,0.05455850064754486,10.677207483038305,10.652108931205643,1.2690325031565255
2,train,low,T8,-0.00253359421349682,12.531781794322047,0.019362367689609528,10.408802952776849,10.405323874782509,1.2039599415203486
2,train,low,FC6,-0.0014413243942330326,17.82404267499715,-0.2408474236726761,13.327246235105395,13.354191168579373,1.337413773300497
2,train,low,F4,-0.0009333383946255168,13.235502964719858,-0.23219898343086243,10.071314853286742,10.074279942805896,1.3141782535376196
2,train,low,F8,0.00017160333726605058,21.9659383899901,-0.621068000793457,14.403647277259825,14.402397833018943,1.5250261247836485
2,train,low,AF4,0.009288631481596027,16.13103998251416,-0.7620632648468018,12.283696020555496,12.25702421500826,1.3132073567695368
3,train,high,AF3,-0.018088009977824136,25.12536585439496,-2.2333621978759766,24.534749633789062,24.950400027988398,1.0240726410263632
3,train,high,F7,-0.018407508700555488,22.107134311644977,-0.5002674460411072,20.821799960553644,20.840662863627465,1.061730222820619
3,train,high,F3,-0.009783546518384674,14.712632269085514,-0.2797708213329315,13.653100963497161,13.659161934594565,1.0776037113049342
3,train,high,FC5,0.0025294196841998285,12.899307635178912,-0.08007395267486572,11.92806200158596,11.968364885243952,1.081425267026933
3,train,high,T7,-0.002850795365752774,7.789474711285306,-0.01362529955804348,7.179205677467957,7.193701986563126,1.0850050912641613
3,train,high,P7,-0.00510716409405017,10.21565988240836,0.16681702435016632,8.171436791065334,8.152008410115167,1.250166909885197
3,train,high,O1,-0.006387847258067907,12.935665117329108,0.043317120522260666,10.959847854280472,10.954006677914585,1.1802778003233834
3,train,high,O2,-0.00282475018451117,16.6643002147918,-0.08384625613689423,14.911164738294481,14.937192974839942,1.1175720010654138
3,train,high,P8,-0.002297731468474553,16.483499057416175,-0.17716163396835327,15.159975011479855,15.13796457102601,1.087303840866102
3,train,high,T8,-0.004464747518033766,18.562704613596164,-0.2242012768983841,17.484907284736632,17.469251306079954,1.0616415810108635
3,train,high,FC6,-0.004701096608918355,24.679324189468705,-0.4401421546936035,19.20727447271347,19.189418024977904,1.284894648875301
3,train,high,F4,-0.007104233751681169,16.69841327998544,-0.16810540109872818,15.401936279140411,15.420381363627644,1.0841762345557104
3,train,high,F8,0.0037540183492687043,32.223605777095074,-1.2552310228347778,26.957727986454962,26.952404194712376,1.1953383383527714
3,train,high,AF4,-0.002697820677190527,18.114153099129673,-0.3661532998085022,16.324643103754518,16.31371050609139,1.109620160391965
3,train,low,AF3,0.018427285108003077,39.746668419210195,-1.799627423286438,19.897562271952626,19.98736930830201,1.9975647205404976
3,train,low,F7,-0.0011976665536646604,27.706846547904682,-1.3627986311912537,16.791730056631565,16.82373609606472,1.650029297425634
3,train,low,F3,0.004962336201982465,16.497376314857085,-0.7521539926528931,15.821982073903083,15.854470371051221,1.0426870816689904
3,train,low,FC5,-0.0008412122074271276,14.976826281706416,-0.6626404523849487,13.49839381763935,13.542499075649932,1.1095265469388726
3,train,low,T7,-0.0003095844007632238,9.856576428026026,-0.26012344658374786,8.641252074578404,8.639034913856953,1.1406421596035798
3,train,low,P7,0.006322824771384173,11.169715641398586,0.11995996534824371,9.210800749254226,9.202384347823747,1.2126758514782734
3,train,low,O1,0.011281800192662289,16.28469225636474,0.5000330209732056,13.275335953688622,13.280040516156989,1.226687769949803
3,train,low,O2,0.007414985209988043,20.680777703417867,0.06506242230534554,18.237150857383757,18.231356559284006,1.1339916999724082
3,train,low,P8,0.002687032717777104,18.657327097824695,-0.1973944455385208,17.150674255397917,17.153046412146296,1.087848023931338
3,train,low,T8,0.0016573269047964114,19.76949451939624,-0.35141099989414215,18.323045282068847,18.3312629575284,1.0789415304639838
3,train,low,FC6,0.008225441262813878,19.946773534514968,-0.7459879517555237,18.367596122682095,18.413430235843645,1.0859762704539628
3,train,low,F4,0.0053261066108941145,19.440193845394173,-0.6906542778015137,17.987340762233732,18.0098375980725,1.080770865597368
3,train,low,F8,0.011945472410953303,23.18529610936016,-1.389058232307434,20.67182369441986,20.665942517981165,1.1215892923670197
3,train,low,AF4,0.012636111012017028,22.741958794487452,-1.8708345890045166,20.066865288591384,20.140357508846705,1.1333089880967577
4,train,high,AF3,0.015466238841348649,46.10438547471014,-0.38829146325588226,32.582956485709545,32.69622447845934,1.4149847173914656
4,train,high,F7,-0.011053969314424993,16.968411629777286,-2.0885956287384033,15.058924887514113,15.187621558481363,1.1268010005047835
4,train,high,F3,-0.013978142084413536,11.73006117557739,0.06146790832281113,10.60263746085316,10.602928780908492,1.106334270023556
4,train,high,FC5,-0.04510054833734078,31.435276750617067,-0.11975197121500969,10.72305313520953,10.70119408521942,2.931560289242455
4,train,high,T7,0.07415776368021718,33.95830163244876,0.18535585701465607,10.608996168377995,10.606156091852663,3.200896776046308
4,train,high,P7,-0.01962365412861333,9.840189168697146,-0.0557301789522171,8.379389309978485,8.383594503042167,1.1743324966389956
4,train,high,O1,-0.007617999383363575,15.03658056929548,-0.0720524862408638,9.191663021850585,9.186178158617974,1.6358933670164206
4,train,high,O2,0.0005400001491403367,13.517091028296688,0.040335189551115036,11.91776035854891,11.930855227188326,1.134197250291288
4,train,high,P8,0.00046037393513944226,12.180573238359814,0.18917957693338394,9.205604370318353,9.205959831192548,1.3231693160346603
4,train,high,T8,0.005815106480797782,19.210116064121486,0.08110206946730614,12.87342698183432,12.863646974556529,1.4922301646040996
4,train,high,FC6,-0.0014321297507489657,38.73330965342788,0.283054456114769,17.62967335309982,17.63095990033217,2.197052031404621
4,train,high,F4,-0.00876895076794839,12.435845499314883,0.07151857763528824,11.881558905373513,11.87860179247902,1.0466509991117992
4,train,high,F8,-0.005661160938145897,23.22150832827672,-0.08655093982815742,18.96261479313299,19.01015941967692,1.22459421243351
4,train,high,AF4,-0.007058148578383569,17.79158866278809,-0.25390319526195526,13.20814011902511,13.200447239462228,1.3470169533680934
4,train,low,AF3,-0.03467884414832239,43.164154738269986,-0.2649976909160614,29.583160596656796,29.558172218882657,1.4590785388613272
4,train,low,F7,-0.0008545235063249149,28.25725708212125,-0.44227099418640137,14.724483194875717,14.745775198742052,1.9190661368648299
4,train,low,F3,0.0001545321276623597,28.133886164818968,-0.04254130646586418,12.229497087150067,12.242137988113845,2.30049412206657
4,train,low,FC5,-0.0022042350866897592,69.67344320740199,0.02169570606201887,12.726760867881774,12.730151657884964,5.474562139627783
4,train,low,T7,0.0021984933957257353,56.432803160170586,0.32632604241371155,18.13162941250205,18.150044512625,3.112395575505159
4,train,low,P7,-0.0037761191690882747,33.151694286548995,-0.0029721116879954934,11.296643740854947,11.28678475599805,2.934649887794021
4,train,low,O1,-0.0013682348088865626,27.840008836706996,0.006668733898550272,12.19491977992868,12.188073703321905,2.2829185709387105
4,train,low,O2,-0.0038433935855627585,29.57953072344399,0.24135233461856842,15.035362680736183,15.045180331343982,1.9673307090451693
4,train,low,P8,0.007018743469551417,41.91154833386817,-0.22381256520748138,26.48478794517517,26.49381586672908,1.582476266022109
4,train,low,T8,-0.003065959206221148,29.874842910509834,0.15496951341629028,15.642126372063158,15.622321723389396,1.9098965319616847
4,train,low,FC6,-0.002569572159648094,37.91728286562506,-0.14835795760154724,17.370765963363645,17.365828543084035,2.1828215834348175
4,train,low,F4,-0.005059008930165751,32.07715975163018,-0.7391829490661621,22.352528388118742,22.37956218139784,1.435057331978626
4,train,low,F8,-0.0007601383959698413,61.55471162620943,-0.5853511095046997,23.959603149104115,23.94053810521176,2.569103972346514
4,train,low,AF4,0.0005290645740879463,31.54125634828925,-0.37134696543216705,16.517582690396903,16.512458637257343,1.9095564368887286
5,test,high,AF3,-0.003863366117174509,24.909703814196405,-0.17057327926158905,11.650015934470295,11.644431005326618,2.138169076704272
5,test,high,F7,-0.060795742642985595,88.23118889733881,-0.40623578429222107,18.30914331341386,18.31743839142321,4.818968718907664
5,test,high,F3,-0.0083401534369583,15.879514332024627,-0.23739412426948547,10.066032059687375,10.0760709099455,1.577534647005466
5,test,high,FC5,-0.0074602548570694765,27.2998021780865,-0.19378182291984558,8.639107934904098,8.65085200966509,3.1600255933588532
5,test,high,T7,-0.00491987395282895,14.896551458682591,-0.00550714461132884,7.775386840130109,7.772883898775342,1.9158598491587489
5,test,high,P7,-0.001600553199415037,10.30622681058843,-0.022679397836327553,7.75326466073133,7.7514365657865785,1.3292757646707616
5,test,high,O1,0.0017189770623454515,18.928498407298083,0.2978169173002243,12.901466883203387,12.878879606502863,1.4671586245701547
5,test,high,O2,0.0014390324520448033,12.04290930546313,-0.10825562477111816,10.50172831993103,10.524418903687337,1.1467549853300931
5,test,high,P8,0.0007632488147673694,14.34195540707239,0.028170686215162277,12.273244844692199,12.283263337267515,1.1685544930096334
5,test,high,T8,-0.0018628895951482067,24.25934354912046,-0.08625120669603348,14.847476700496673,14.835409096561598,1.6339034597245028
5,test,high,FC6,0.07774654893311791,96.45196365727773,-0.3146750330924988,18.610434693038464,18.59622924216506,5.18268193345087
5,test,high,F4,0.005631560440934737,14.965534212696365,-0.12048178166151047,10.726266555547713,10.736757777548437,1.3952230382486688
5,test,high,F8,0.03126586177291461,87.33161140472845,-0.34735679626464844,22.88051135559082,22.892666534638742,3.8168557532429928
5,test,high,AF4,0.040673566804125705,23.256056425765884,-0.5556595325469971,14.405748005247116,14.418140175255958,1.6143595193595746
5,test,low,AF3,0.0016740153038906126,30.25513818290756,-0.19716675579547882,17.33511074077785,17.33793056479554,1.7453097724802866
5,test,low,F7,-0.00022982633615626852,20.679245268244713,-0.07136660814285278,17.79361028755903,17.767789719103,1.162172540257514
5,test,low,F3,-0.0033470527079636943,14.77629700245152,-0.300895094871521,13.071082132601738,13.082248180154698,1.1304570541712575
5,test,low,FC5,-0.009399329009368471,20.700368223677376,-0.5280941724777222,16.978723214221,16.98004872468421,1.2191946333361046
5,test,low,T7,-0.000366172611700529,25.27883392951309,-0.09901921451091766,20.45868527944386,20.430786862383957,1.2356040275428812
5,test,low,P7,-0.002042463398647608,19.081172624031204,-0.17909695953130722,16.76221411924213,16.72376271439447,1.1383444029704306
5,test,low,O1,-0.006843661908324312,40.28340358952863,-0.08397199958562851,22.889042934036254,22.975206905333884,1.759942681116945
5,test,low,O2,0.0006798140611202733,16.345882582445086,-0.06639716774225235,14.945236406372487,14.940655964935507,1.093718569448348
5,test,low,P8,0.006097295584202191,26.801704262384696,-0.0801987498998642,23.58114284534454,23.55306072532026,1.1365735934921393
5,test,low,T8,-0.0013424341494260876,23.60895547598566,-0.4441499710083008,21.679524140167235,21.68824621445166,1.08899786376047
5,test,low,FC6,0.005663449989337759,22.598927418502008,-0.3048461079597473,20.20536973475218,20.19337020687389,1.1184614642132995
5,test,low,F4,0.0006844468410487959,20.85003209490361,-0.2955481708049774,19.026982312202453,19.005553823121836,1.0958139211351448
5,test,low,F8,0.0016530142119139586,25.862859322792193,-0.339290052652359,22.602321532827613,22.604746496880647,1.1442567651835664
5,test,low,AF4,0.0015388331399321942,19.969005030874772,-0.30174967646598816,17.887356997203828,17.873723035038974,1.1163753836856027
6,validation,high,AF3,-0.01716685975390425,23.5971418805798,-0.6565932631492615,15.315941427648067,15.309960511633872,1.5406915723758683
6,validation,high,F7,-0.004535005435148353,20.635490548023977,-0.488440603017807,15.087922701448202,15.075681649640014,1.3676826794747097
6,validation,high,F3,-0.012854803630028295,11.06720209062005,-0.3558080792427063,9.357419403076172,9.336648383257211,1.1827194671836343
6,validation,high,FC5,-0.023562959719642267,30.497500572448004,0.6408242583274841,24.298249213922023,24.308316348834424,1.2551316065592921
6,validation,high,T7,0.00330706243723269,10.877294757221643,0.19231528043746948,10.980980884444714,10.94111669850049,0.9905576625335949
6,validation,high,P7,0.0005878817030773729,7.566489639224105,0.07225335016846657,7.58035675361976,7.584869022100745,0.998170651481669
6,validation,high,O1,-0.005435157069400334,11.54462441326255,-0.1095893457531929,11.215563325166702,11.199080387338874,1.0293396843792468
6,validation,high,O2,0.003915396087293359,9.314915680240404,0.1677819937467575,8.878538963985443,8.876964637665859,1.049149608739125
6,validation,high,P8,0.0035252297367516826,9.212963981972898,0.12791888415813446,8.727634726095198,8.724194796019965,1.0556083373226641
6,validation,high,T8,0.006135209582634456,14.498095225053534,0.16605675220489502,13.413866999173164,13.404910170298493,1.0808289083190703
6,validation,high,FC6,-0.01333263202225164,24.419341957746404,-0.26124100387096405,13.755602274987101,13.768166414095438,1.7752288463697459
6,validation,high,F4,-0.011476014835430896,15.043115250788826,-0.4022061675786972,12.310089265823363,12.320229263107718,1.2220151232008685
6,validation,high,F8,-0.03018516311067902,34.11080560369962,-0.2813035100698471,20.582296556568146,20.620069652243487,1.6572886077095368
6,validation,high,AF4,-0.021697004805040755,19.03789460350209,-0.6330781579017639,12.91709882415533,12.927072325664772,1.4738522064955253
6,validation,low,AF3,0.001478564333201821,27.598039667936092,-0.4583749771118164,10.587806912899017,10.67095725425002,2.6065869820797056
6,validation,low,F7,0.0031308309460753763,26.59179345078269,-2.225721836090088,19.676297785663603,19.830011455459537,1.3514632549502175
6,validation,low,F3,0.0030162271096139956,11.160370936297992,-0.40780651569366455,7.909939700889587,7.900148254575511,1.4109299638583652
6,validation,low,FC5,-0.03454712269971473,61.80285685614791,-1.7119335532188416,52.343843235933775,52.332391024873026,1.1807091920549038
6,validation,low,T7,0.00436182287118195,6.384670623996283,0.05985090509057045,6.405227836599201,6.410914054174968,0.9967905571624706
6,validation,low,P7,-3.4085056826542485e-05,7.3040573822744985,0.06020177900791168,6.8287411923319095,6.831237702479267,1.0696052429804088
6,validation,low,O1,-0.03080202257786451,21.632520417170905,0.3673935830593109,12.921914141267537,12.921660983889433,1.6740956626607741
6,validation,low,O2,0.0013941236388500082,8.698812886601061,0.12267018482089043,7.575809793638437,7.578201873643563,1.148235386520083
6,validation,low,P8,0.0017604716820852058,9.381155107947226,0.28679729998111725,8.21677326170504,8.215529641193138,1.1417079197826823
6,validation,low,T8,0.005678258953620312,11.142342436999364,0.10058071836829185,9.10070857290253,9.103772903566806,1.2243379015756888
6,validation,low,FC6,0.0030013256439501853,13.434829017693017,-0.35741597414016724,9.847181263196468,9.845116387657805,1.3643324580512466
6,validation,low,F4,0.005530943976721672,15.399145626967508,-0.6463214755058289,10.230663625323771,10.21455163156836,1.5051951848803131
6,validation,low,F8,0.017987283735876828,27.6206934383035,-1.4674205780029297,18.849510210227965,18.806364732463773,1.465326850950015
6,validation,low,AF4,0.0016407784313238103,21.781725116561912,-0.5327172577381134,11.458329829913378,11.48410122689713,1.9009511368487615
7,train,high,AF3,0.14519940000472825,100.3100677950161,-0.3832207918167114,18.805685836029053,18.800347358584848,5.3340286905589
7,train,high,F7,-0.004398152502637237,15.986109053468162,0.10076609998941422,11.191338907898961,11.196875236403775,1.4284357917339991
7,train,high,F3,0.0031288220281714676,8.660863259877564,0.01114535704255104,8.381235184852033,8.370145945481852,1.033363587688235
7,train,high,FC5,-0.015522892957764073,16.857635027049145,-0.04259703494608402,8.21811749133803,8.224599886329374,2.0512769554362356
7,train,high,T7,-0.000883957678596332,6.685733898802068,0.1472826451063156,6.02404789006412,6.010783876287575,1.1098407616960206
7,train,high,P7,0.007268649415704129,5.913819015439369,0.2570607364177704,5.709830233258009,5.710045747000523,1.0357258926882253
7,train,high,O1,0.005431839079214164,10.420273928336819,0.27752605080604553,9.285457583767176,9.28363480154367,1.1222143695485214
7,train,high,O2,0.014965617604657743,15.098743063192554,0.04590913653373718,9.24767072584033,9.254190460499169,1.6327076850825635
7,train,high,P8,0.01346028834139459,24.624919450818705,-0.1307927519083023,8.634724635878205,8.653005199842404,2.8518476835381095
7,train,high,T8,-0.011732550771664347,20.576517896471252,-0.31068918108940125,16.183559892922638,16.196412806867936,1.2714457160608856
7,train,high,FC6,0.0041595361566934925,22.063249792550796,0.07022754848003387,11.656765336132048,11.672655505724004,1.8927420391797842
7,train,high,F4,0.005976855206267214,13.096636491610159,-0.20873969793319702,11.40482078332901,11.410619966890124,1.148342156393563
7,train,high,F8,-0.00912117859353952,28.99678883567941,-0.16190485656261444,16.69061146812737,16.68823622526108,1.737311355611632
7,train,high,AF4,0.010083033621550167,12.592612620024576,-0.06531502306461334,11.179766092237829,11.175070805758171,1.1263753209262306
7,train,low,AF3,-0.009793280768278506,18.429006771083422,-0.1386599913239479,14.67748993321806,14.676417661119691,1.2555966214205971
7,train,low,F7,0.00020042471538004434,6.434347124328691,-0.03889820910990238,6.10818528470993,6.109416705754353,1.0533975025995386
7,train,low,F3,-0.005555068334587845,7.2214099360114234,-0.062497805804014206,7.018640298425406,7.016502193736535,1.0288901594845241
7,train,low,FC5,-0.000458231670089404,6.401032089984308,-0.0290486803278327,5.991413721849582,5.995106750103701,1.0683675651776345
7,train,low,T7,0.002971275279387198,6.122850926190446,0.0006723585829604417,5.966202866506576,5.968350582957003,1.0262559056721436
7,train,low,P7,-0.0002777678314197297,5.255366376156265,0.043886397033929825,5.228801782789081,5.229676361875767,1.0050804361057675
7,train,low,O1,-0.0016620184693181272,7.116297107471209,0.031110720708966255,6.83837889890559,6.8362322977686745,1.0406409490720232
7,train,low,O2,-0.002131322638945989,7.949730566473902,0.08422864228487015,7.759772655303776,7.751945569128174,1.02447982944968
7,train,low,P8,-0.002529267933879267,14.906542952850671,0.119940135627985,8.80921833712086,8.79749180742155,1.692152740730299
7,train,low,T8,-0.0022098600868199706,10.02651809018762,0.13113895058631897,10.074232118654251,10.084541308782647,0.9952637553011827
7,train,low,FC6,-0.005089453622297918,8.79529094029862,0.11545566096901894,8.704906758282332,8.696247596401387,1.0103831304028952
7,train,low,F4,-0.0050028786294209005,12.23522457907168,0.04544876515865326,9.518993062734603,9.495512832969625,1.2853486181191482
7,train,low,F8,-0.003401829409018024,10.805109172091093,0.1023661345243454,9.119859097364545,9.125678781406185,1.1847890473673603
7,train,low,AF4,-0.0003538286869292512,12.76894879338798,-0.09542853385210037,10.919278218846022,10.914173013108849,1.1693949487750515
8,validation,high,AF3,0.013271325674294088,20.542311569168675,-0.8675719499588013,11.81809226717949,11.866017215069883,1.7382087654043432
8,validation,high,F7,0.015401804022358929,23.67754588555162,-0.7692678570747375,14.134872598850727,14.142275386779197,1.6751156206018287
8,validation,high,F3,-0.006077281293966206,62.60367667962255,-0.29934506118297577,6.761643470290303,6.7568245068402355,9.258647983244632
8,validation,high,FC5,0.0005998906408084056,11.314558501953437,-0.4884520173072815,9.282080309164524,9.283901409717558,1.2189679603161994
8,validation,high,T7,0.003984839939934121,15.99752191764623,0.07933386415243149,6.321681652794778,6.314062029454689,2.5305801203345664
8,validation,high,P7,-0.00041845380957898377,6.141316296895188,-0.05926721915602684,5.640832421442121,5.655858850726558,1.0887251806223868
8,validation,high,O1,-0.0008147593800713735,45.65360182170743,-0.11351127177476883,7.619514244432747,7.621138603091682,5.991668281880904
8,validation,high,O2,-0.0026875887581633076,9.27454675855647,-0.0017744641518220305,8.840200816813088,8.87706166642785,1.0491330401586922
8,validation,high,P8,-0.0021393193300650024,11.359272347772318,-0.03011227585375309,10.523095455626025,10.535748292995082,1.0794611144289528
8,validation,high,T8,-0.0009638257889012468,14.717599640162906,0.14621084928512573,14.583822347724437,14.589725555182387,1.00917299246033
8,validation,high,FC6,-0.0010733119379192184,20.27500204749731,-0.4740820825099945,17.199167981815336,17.1734369446208,1.1788362128292513
8,validation,high,F4,-0.006095531904523685,43.121200025464354,-0.5195783376693726,12.511243602919578,12.511112320591026,3.4465958296425265
8,validation,high,F8,-0.0020984153858922285,27.75301583307939,-0.4665801525115967,24.575468691587446,24.565205033219595,1.129297519464183
8,validation,high,AF4,-0.0058503591882453215,27.89672179308343,-0.7791082859039307,18.030257754850386,18.0608816196337,1.5472170266439387
8,validation,low,AF3,0.05811622701371162,19.491885210315957,-0.15261759608983994,12.712032298730312,12.719795383993478,1.5333413849383328
8,validation,low,F7,-0.0017560083653885509,11.926562848202018,-0.26322081685066223,8.205109171038865,8.204384147016272,1.4535532190477816
8,validation,low,F3,-0.0017260267715480618,12.395079192698569,-0.21519774198532104,6.779908965218067,6.780254655276695,1.8282073190491426
8,validation,low,FC5,-0.00021936993152695396,8.917407248790331,-0.1307520717382431,7.470936685180663,7.49530360997386,1.1936130132756826
8,validation,low,T7,0.007896962358451083,11.912715953127163,-0.49494168162345886,12.176864343577623,12.192624511322858,0.9783073554079809
8,validation,low,P7,0.006208709019513146,6.5608904884637695,0.027458500117063522,5.943997893536835,5.947200698795983,1.1037841207174228
8,validation,low,O1,0.0004291697593107774,7.288494342555325,0.041534772142767906,6.0808342732395975,6.090849571708753,1.1986010496339903
8,validation,low,O2,-0.0015056626401793757,8.377726314115359,0.03941226564347744,7.804852055298909,7.804225160953643,1.0733997588625028
8,validation,low,P8,0.0029063002026317474,9.238678623714513,0.08383497595787048,8.590515123796463,8.596767400086943,1.0754510632456233
8,validation,low,T8,0.012907637768409887,12.404758778877003,0.08397486060857773,11.820786873672901,11.83002908818363,1.049402117764657
8,validation,low,FC6,0.003872588041486023,10.446955793836992,-0.056695662438869476,9.30555943724066,9.305324176225598,1.1226574677529313
8,validation,low,F4,-0.0018481205142984742,9.332765282282336,-0.20858275890350342,8.348604260087013,8.32859810588093,1.117883300194309
8,validation,low,F8,-0.009258791343832805,16.014115411559736,0.5497207045555115,14.996688213980198,14.995234555187183,1.0678434587065078
8,validation,low,AF4,-0.006181041955931112,13.560237212945735,-0.22778832912445068,10.840470089292525,10.84584355619415,1.2508901460223214
9,train,high,AF3,-0.0010531346239288821,13.814824335229035,-0.3853789269924164,11.750893229109048,11.741453846619693,1.1756403590671103
9,train,high,F7,-0.002426945574164755,13.309248894861804,-0.09124532714486122,11.984592242000252,11.979705850842974,1.1105299726610027
9,train,high,F3,-0.001680464737879951,9.884393668589256,-0.21280445158481598,9.23746263885498,9.245668277641506,1.070033412315318
9,train,high,FC5,0.0010760110425864597,32.89181745336013,-0.2144741415977478,9.548668098986148,9.540036839852075,3.4446497786275025
9,train,high,T7,-0.0010621920811586646,9.570475766090956,0.09427716583013535,7.7153284108176825,7.706858300561813,1.2404495643597189
9,train,high,P7,-0.0004504877069787137,9.060726144846013,-0.08987613767385483,8.468524030481278,8.48949194131205,1.0699297908623966
9,train,high,O1,-0.013569891233705552,21.297507824654208,0.07090020179748535,16.920164935541152,16.911163252313727,1.2587056867228497
9,train,high,O2,2.9161149913110223e-05,15.113587322680491,-0.07331188768148422,14.098194550524651,14.103989498627637,1.0720228940320626
9,train,high,P8,-0.006096056462755203,15.37641058983963,-0.08731946349143982,14.346696667009592,14.339770273953743,1.0717735898883174
9,train,high,T8,-0.008889285512518778,42.07839061637505,-0.11600130423903465,14.506581628612429,14.503991541993274,2.9006413567053357
9,train,high,FC6,-0.00690372223128769,16.243753788972825,0.023952625691890717,14.347919341157375,14.345921437947109,1.1321330572564066
9,train,high,F4,-0.00936972344743788,12.818286066484852,-0.1114412471652031,12.162260486371814,12.145619996836487,1.0539394449615789
9,train,high,F8,-0.011540861767337669,34.54702497574846,-0.08886123076081276,16.241391191538423,16.25964728172308,2.1270976462747266
9,train,high,AF4,-0.0019435763863315503,14.852193618998761,-0.3955438435077667,13.667981429368258,13.673361360452368,1.0866413373291537
9,train,low,AF3,0.00837788887656643,15.654789084843538,-1.025513768196106,13.546548667788505,13.550744222834696,1.1556293391591386
9,train,low,F7,0.008281872306884612,12.927751509646146,-0.35807569324970245,11.798268679305911,11.814530024800678,1.0957329300629797
9,train,low,F3,0.0107800506226506,18.56810115248187,-0.1589568555355072,11.049080057770013,11.04931870242063,1.680511052087479
9,train,low,FC5,0.012690243357023729,14.188709449987007,-0.11193443089723587,10.072446351845562,10.05875719662858,1.4086656760785057
9,train,low,T7,0.006703259990128597,8.019920398294799,0.04707451909780502,7.663366974306106,7.671140581700783,1.0465269933156212
9,train,low,P7,0.0037318458396799615,9.888100152364276,0.06551463529467583,9.545874921452253,9.55380264081453,1.0358505882098819
9,train,low,O1,0.012070660351088083,21.582346672882114,0.16031642258167267,14.124213980296254,14.125212463650374,1.5280387781571563
9,train,low,O2,0.016039030136766996,20.533875944045096,0.28374603390693665,19.615244428557155,19.61263450894027,1.046832529608988
9,train,low,P8,0.000861520339984398,19.788658949061293,0.19587387144565582,18.967630494394896,18.955183700776438,1.0432857680831045
9,train,low,T8,0.0011800943541648186,16.26268328922208,0.006555954925715923,15.531561113262176,15.551810798333962,1.0470733219042359
9,train,low,FC6,0.011233992918092198,23.167257589495794,-0.14831752330064774,19.159737581853566,19.15369093904149,1.2091636166999387
9,train,low,F4,-0.00018724834621258884,14.740685261220706,-0.0932401493191719,13.21059550834447,13.200792230615976,1.1158229204663601
9,train,low,F8,-0.002022715951695957,23.23360678082897,-0.27098548412323,16.786280730056763,16.80185549165515,1.3840830589248942
9,train,low,AF4,0.0034084534902061674,17.593597975196143,-0.7380330562591553,15.503640837049483,15.46702727819037,1.1348042798535574
10,train,high,AF3,0.0037100275840694433,14.97926738538678,-0.40156033635139465,12.252226855498552,12.261776945341774,1.2225750928423584
10,train,high,F7,0.02873671527804372,30.338640229505145,-0.33982713520526886,27.369739956977963,27.368610925016977,1.1084738209860214
10,train,high,F3,0.00014113114386074467,8.299829139695337,-0.264631062746048,7.312688559579849,7.3071616592011335,1.1349901027608107
10,train,high,FC5,0.019575673958109514,11.818107458385224,-0.2216181978583336,9.793364148281514,9.803261201941941,1.206746453970978
10,train,high,T7,0.003367991742358164,7.903244270771204,0.025225311517715454,7.431396260207891,7.431077550657596,1.0634938568798795
10,train,high,P7,-0.0027691182861761606,7.17746788094281,0.0999787263572216,6.433724538273364,6.432708322427466,1.1156007438995899
10,train,high,O1,-0.007311509034602825,7.407647266936457,0.12795457243919373,6.63194147824645,6.634458601253841,1.1169651136449883
10,train,high,O2,-0.010175281236530356,9.694190772556226,0.11974644660949707,8.83297087597847,8.834072534378764,1.0975005927982702
10,train,high,P8,-0.011364165095553314,8.16625618361917,0.22007155418395996,7.574128275632858,7.564657524482156,1.0781776973452217
10,train,high,T8,-0.016240196239866354,12.046107685969895,0.13944176584482193,10.554290295825899,10.537234476710179,1.1413470113413493
10,train,high,FC6,-0.018970323068232747,12.401778315311457,-0.1654427945613861,10.48386183695197,10.506384279040429,1.18293988495723
10,train,high,F4,-0.007433216694650853,23.500004318312932,-0.1542624682188034,9.951242854785919,9.945617418451784,2.3615145023830784
10,train,high,F8,-0.03661699132666817,25.854543722325744,-0.7810310125350952,17.085177949619293,17.084519716436727,1.5132733061701507
10,train,high,AF4,-0.016632900445173574,17.786503642379557,-0.849614679813385,13.254120297718048,13.227810499136142,1.3419603295317795
10,train,low,AF3,-0.0009378156950659202,15.973489639953101,-0.6217605471611023,10.61241791510582,10.606315420502817,1.5051696764802562
10,train,low,F7,-0.024446470037299002,20.87084611982919,0.506010502576828,18.742968032866717,18.77205207491027,1.1135294091752774
10,train,low,F3,-0.003859459384299432,6.488564682565623,-0.129267156124115,5.9572731819033615,5.9591721746106785,1.0891836725359827
10,train,low,FC5,-0.0012215034671007252,6.055005708751321,-0.10120756924152374,5.451472791168094,5.443712620491271,1.1107100669310885
10,train,low,T7,0.0005856036091172213,6.886690845824164,-0.2945008873939514,6.637900919759273,6.651631631702737,1.0374802108486298
10,train,low,P7,0.001953555242969564,4.672929203502283,0.03280001878738403,4.580284780597687,4.576724135849191,1.0202267822509734
10,train,low,O1,-0.0003866880661330224,4.582945360975838,0.026556053198873997,4.338994860040582,4.336417251555808,1.0562228139936019
10,train,low,O2,0.0026592327920027586,5.731170146672924,0.03928489238023758,5.545828645209967,5.549285259840664,1.0334199834362066
10,train,low,P8,0.0004499140845837246,5.645498670597144,0.03542342968285084,5.532937704920768,5.5221445565757445,1.0203437977579737
10,train,low,T8,0.005975814366987842,6.514303952816777,0.04109355807304382,6.2956555952847,6.295666595668242,1.03473003791628
10,train,low,FC6,0.002315271990651288,10.847175741478022,0.005600827978923917,6.960196088647842,6.9595404781174715,1.5584583542365837
10,train,low,F4,-0.0017637333536184754,9.363540520038583,-0.133853517472744,8.056809800063073,8.065217154568614,1.1621895951875743
10,train,low,F8,0.0029877078505656704,9.202251103338657,0.09889357537031174,8.58234434838742,8.571665758906336,1.072230468714264
10,train,low,AF4,-0.001307031901881822,9.260677831194648,-0.2724800109863281,7.518097197818756,7.5204565049631675,1.231784797073583
11,train,high,AF3,0.012204242478643407,23.251051737880765,-0.10217684507369995,10.193779995596408,10.195165673744423,2.280905782538464
11,train,high,F7,0.012870270743148522,30.346634768726002,-0.1439688503742218,11.359610725754498,11.360813371334542,2.671450237280063
11,train,high,F3,0.007933243402021617,12.266580210981822,0.07620731741189957,9.715059715805948,9.721280027973467,1.2626355956438096
11,train,high,FC5,0.01801299513348985,12.437802146116876,0.23014813661575317,10.354216688811778,10.372104425621174,1.2012306212942705
11,train,high,T7,-0.013208467586128496,82.29649709605889,0.08102711290121078,10.295295773421227,10.341720902716522,7.993602020499403
11,train,high,P7,0.005390589453561553,8.505221214804179,0.024465935304760933,7.082180562509223,7.078500568115596,1.2009325573860787
11,train,high,O1,0.01574920531639519,10.007243769070753,-0.07083257287740707,8.33930922140032,8.3432529836871,1.2000087181549979
11,train,high,O2,-0.002257421139200085,10.231457792246136,-0.06403302401304245,9.151222870333493,9.155581402195393,1.1180426853567906
11,train,high,P8,-0.01095003810992427,12.227895767638014,-0.008996148128062487,10.873418758195918,10.868166533994003,1.1245677224029609
11,train,high,T8,-0.011705804456528928,68.40600842150546,0.38633236289024353,14.705497684532403,14.765915294503,4.651730250072158
11,train,high,FC6,-0.00408647560714935,12.226819602889243,-0.042218368500471115,10.070480641937255,10.068461133251374,1.2141247312439274
11,train,high,F4,0.00011167219379768921,10.73362045631548,-0.03763852082192898,9.074809312314168,9.071112386026234,1.1827929476986772
11,train,high,F8,-0.010710014564809883,18.65838540253198,-0.08807124197483063,11.582262684908509,11.587588675734377,1.6109447618420483
11,train,high,AF4,0.005124327611371415,20.279264568995075,-0.04622657783329487,11.728792303348705,11.734948942977645,1.7290155750481755
11,train,low,AF3,-0.0023042557461290906,12.00117338830314,-0.19394682347774506,9.69402509651184,9.691443506923758,1.2379969381987128
11,train,low,F7,-0.007189626766425185,11.211093043705928,-0.2607983350753784,8.965180119395255,8.953919138530168,1.250515092212355
11,train,low,F3,0.0005454452626874652,7.718788827302707,-0.058033471927046776,6.49284085320197,6.492862531748235,1.1888153432093067
11,train,low,FC5,-0.0053559189319298695,7.267964762912511,-0.031997743993997574,6.382757560781389,6.392125468328319,1.1386872670161003
11,train,low,T7,-0.00038481723196109424,12.2702627691424,-0.07707252353429794,7.915333232952654,7.916911608029331,1.550189032858346
11,train,low,P7,-0.006418461588838058,6.290286847996732,0.14354445040225983,5.655845160403848,5.651006617309254,1.1121745149663156
11,train,low,O1,-0.00578643149474973,8.264575820047316,0.11267798021435738,7.067661349808424,7.077611579640518,1.1693508518587037
11,train,low,O2,0.0028807778492459628,9.402729371124822,0.13439807295799255,8.112269047647715,8.130052692365258,1.159075138644631
11,train,low,P8,-0.0016876874993502842,9.352603446816872,-0.0064786686562001705,8.509560567998886,8.518499299453046,1.09907008382881
11,train,low,T8,-0.0007852989257682222,9.976439677948887,0.0582220908254385,9.543357742279396,9.539819187902362,1.045380457001086
11,train,low,FC6,-0.0031733082199023837,11.340396945652781,-0.02614501118659973,8.334991945695876,8.33201152117187,1.3605768331316592
11,train,low,F4,-0.0009183417102724126,23.189914228568934,-0.07721855491399765,9.941910965873301,9.938701423916488,2.3325409278126563
11,train,low,F8,-2.0078293944167756e-05,11.855721462510392,-0.284261092543602,10.047973350200056,10.051117374598318,1.1799117144627322
11,train,low,AF4,0.002814634790396624,11.50795656026479,-0.26970869302749634,9.63919841133356,9.638280140372716,1.193870700569249
12,train,high,AF3,-0.006098851068304458,36.02299732725338,-0.0973854586482048,13.275434320373833,13.27721006875572,2.7135080071895517
12,train,high,F7,-0.01624998701620094,27.253862974337878,-0.2288101613521576,17.82912034057975,17.800205808997244,1.5286151225479734
12,train,high,F3,-0.00299216701409625,19.48838601738147,-0.0004877179744653404,8.66701442542076,8.673502835103369,2.2485696989520543
12,train,high,FC5,0.0028991447304987116,22.065236169250184,-0.10752595588564873,9.680677521611004,9.667734290335778,2.2793070133771187
12,train,high,T7,-0.002741307729232981,21.452302386565595,0.005108729004859924,6.795046985006332,6.796568389112107,3.157049897359261
12,train,high,P7,0.0006932210876477035,21.271655152135004,-0.025110039860010147,6.644289844248443,6.652615528092551,3.201494162773254
12,train,high,O1,0.0005890839697006388,20.676743548585957,-0.01720961183309555,9.681451956282556,9.667653874877296,2.1357068797070524
12,train,high,O2,0.00391516603353675,45.37480351567532,0.013193733990192413,12.38424235907346,12.386787017245396,3.6639143679573536
12,train,high,P8,0.0008050136121783982,19.62460438962552,-0.054241545498371124,12.323328317029773,12.319488468834699,1.5924759841467517
12,train,high,T8,0.003372177363994647,24.26041626878495,-0.13740143924951553,16.853622297643124,16.827771007970494,1.4394778665579577
12,train,high,FC6,-0.011714796105492054,25.586762024613996,-0.29058921337127686,19.2975069786787,19.285904733758223,1.325910235601113
12,train,high,F4,-0.002933916314735118,23.434692283428344,-0.42820213735103607,16.041502514997124,16.043945804536563,1.460878883478612
12,train,high,F8,-0.007828782764212937,35.59252681623049,-0.3412981629371643,26.758715999543664,26.75470305514212,1.3301283520792804
12,train,high,AF4,0.027040733014269187,47.65992011177494,-0.08962780237197876,32.08452980750799,32.05340840005274,1.4854486070923254
12,train,low,AF3,-0.010378876864399138,52.522353968994935,-0.608230471611023,17.97725157687664,18.004093283277868,2.9216008767742987
12,train,low,F7,-0.0005698909649986014,14.268589712178294,-0.2734544277191162,12.798123053598403,12.801894441721968,1.1148970557965097
12,train,low,F3,-0.005261433264753596,11.916793136993872,-0.15786530077457428,10.742849709525704,10.740360036613854,1.1092767244455846
12,train,low,FC5,-0.005942861473269315,11.98026863019881,-0.005766531685367227,10.783410532484343,10.776318825113059,1.1109906827815752
12,train,low,T7,-0.008805539654746541,10.80602627794896,-0.11174797266721725,9.38256345219612,9.384588986701484,1.151713637003932
12,train,low,P7,-0.004016444614406381,9.698554697475625,-0.18041028827428818,8.136083296273648,8.137192082811586,1.1920422080631345
12,train,low,O1,-0.014898563134115524,11.606610710809793,0.05822276324033737,9.108192410834134,9.108558418664161,1.2743045148018401
12,train,low,O2,-0.0012390572722004258,13.442900637360195,0.11175785958766937,12.423362994137406,12.424734100047706,1.082066155814968
12,train,low,P8,0.0009999399196105416,13.468425842022352,-0.004731109365820885,12.184536113795264,12.184348611852874,1.1053704233166066
12,train,low,T8,-0.007979331989089145,14.758474702516288,0.011503370013087988,13.510404386451746,13.513568951696532,1.0923784573995512
12,train,low,FC6,0.0013793368179248972,15.186761043151465,-0.13414093852043152,13.951124426203965,13.930852188721156,1.0885689625580748
12,train,low,F4,-0.011144838868625124,17.71213116847415,-0.38605988025665283,16.052301288127897,16.06456450482843,1.1034013659819508
12,train,low,F8,-0.01957485514505016,18.576073670187306,0.18933242559432983,16.239288966786862,16.258051697636994,1.1438969839245865
12,train,low,AF4,-0.028775369854793405,54.66084375271222,-1.2209854125976562,33.542510056686396,33.58163402379222,1.6295990866615564
13,test,high,AF3,0.005999475499677558,126.81125787756272,-0.8757053017616272,16.081307187902926,16.072192308724237,7.885631211183863
13,test,high,F7,9.053071946525322e-05,59.10562787419946,-0.37450140714645386,16.799951898765563,16.799313832955328,3.5182022085755174
13,test,high,F3,0.001461001848598686,115.17933632791384,-0.15750914812088013,10.995231229126453,10.993575060075967,10.47539009664507
13,test,high,FC5,-0.0008373109400296827,91.84935625019563,-0.2467677742242813,11.862229846206306,11.879280286863878,7.7430093195817005
13,test,high,T7,0.0001921318600735147,85.84235692354797,0.01581602916121483,8.468149668196588,8.50312386379143,10.13708546578267
13,test,high,P7,-0.0021199114794829233,195.78860063001943,-0.10847098380327225,8.666384978051482,8.670282416912784,22.59172666871762
13,test,high,O1,-0.0009809700126798722,173.0888552392015,-0.3562643229961395,11.079936157017945,11.100677404693537,15.62182785047623
13,test,high,O2,-0.013417576180521841,183.1629725648977,0.01925894059240818,12.765824581718444,12.775371479404866,14.347915513988804
13,test,high,P8,0.0053969398636458995,198.89531006647996,-0.015827718656510115,12.088858630018215,12.102100034392791,16.452778227763943
13,test,high,T8,0.013468767003753266,260.671196677192,-0.552283763885498,17.326866651535035,17.383539915261576,15.044335592788693
13,test,high,FC6,0.007764740589787047,253.70853682690728,-0.811718076467514,20.38316522617936,20.49144521477136,12.446964640263706
13,test,high,F4,-0.0196163586918933,204.25622687762493,-0.6742414832115173,18.001595878887176,17.993714210278373,11.346562174367156
13,test,high,F8,0.02052028680168405,181.90785966695535,-1.1323538422584534,29.99224944730997,29.84198470571644,6.065162267556121
13,test,high,AF4,-0.031715446874947296,169.36340977809976,-1.0431525707244873,24.527707263994216,24.514480906119605,6.904983329881758
13,test,low,AF3,0.0033948505823458174,17.311461714780087,-0.8627887964248657,13.140049672222137,13.139873544227822,1.3174578594916768
13,test,low,F7,-0.0010973407923615555,14.26061910032056,-0.8008298277854919,9.264912787485121,9.266307567825487,1.5392070521790069
13,test,low,F3,-0.0009548732463943796,10.846820207592803,-0.25143594294786453,9.280158430700004,9.282796801771386,1.1688184300507276
13,test,low,FC5,-0.0006559087320360468,9.441367644833921,-0.33457884192466736,7.620402394527196,7.642501544033359,1.2389591987444786
13,test,low,T7,-0.0014425001623684743,5.0497154102172574,0.05399955064058304,4.721416561706364,4.723852258686493,1.0695339723195794
13,test,low,P7,0.0016322926639203172,8.792142709462624,0.0886651761829853,6.60015637441948,6.59304084028466,1.3321112729296418
13,test,low,O1,0.002496764331134408,12.139705025805938,0.011697584297508001,7.9587696172700255,7.951010236747182,1.5253243415242914
13,test,low,O2,0.0016206141940421509,9.351172514916891,0.08801005035638809,8.44303648776859,8.449174458225892,1.1075603579901516
13,test,low,P8,-0.016891233175482665,112.69631709470511,-0.5404738485813141,62.350243058198686,62.32732909975271,1.8074719771262577
13,test,low,T8,0.0015698383905926774,11.467649085453536,0.1912783682346344,10.657552283906936,10.7280930560814,1.076011524969937
13,test,low,FC6,-0.006902083582214825,13.319668460061127,-0.28893226385116577,10.779361987066268,10.77369312784069,1.2356638988506807
13,test,low,F4,-0.008478982873151148,14.650236778586045,-0.9083156585693359,12.267906449890136,12.294176775407049,1.194192084723408
13,test,low,F8,0.02322728566565041,33.13908758272434,-0.5658271908760071,32.34623118667602,32.3900137237481,1.0245115541119025
13,test,low,AF4,0.006067740904962046,22.58782954887644,-0.5858788192272186,16.222496663475034,16.29451789884235,1.392376895951716
14,train,high,AF3,0.015306691820995097,18.411696402489774,-0.2951349914073944,15.628360780173539,15.628683204735713,1.178095173349673
14,train,high,F7,-0.005207615714696019,29.69228753808335,-0.40220877528190613,25.60525629673004,25.61188380394802,1.159616884673607
14,train,high,F3,0.004561985723616877,13.468663160426546,-0.249063178896904,12.26485355890095,12.272618274674581,1.0981511597952962
14,train,high,FC5,-0.006132891606114683,22.8788374916029,-0.8427772521972656,18.418662670898435,18.427872321975062,1.2421551933708825
14,train,high,T7,0.0018547991314851577,10.543018783133684,0.016380133107304573,9.250203005210683,9.250345629528773,1.1397608006218622
14,train,high,P7,-0.0001243843695488989,9.338771423173464,0.03674713149666786,7.905667775485664,7.910754876811916,1.1812754707618307
14,train,high,O1,-0.005885814130343269,12.39430224615846,0.028609877452254295,10.455597661197558,10.460842265474788,1.185422646106186
14,train,high,O2,-0.006919607352446095,15.039795736564583,-0.0909702479839325,13.755883975964784,13.792894079209788,1.0933354601451377
14,train,high,P8,0.0023061939789524354,2.688080784916297,-0.03622867539525032,2.410899812943488,2.4162249886786347,1.1149699255376342
14,train,high,T8,0.0010604055426858543,17.076822316278527,-0.03289631009101868,15.660212763404845,15.656256870131214,1.0904591511160084
14,train,high,FC6,0.002160319867163855,16.001317958178028,-0.44059187173843384,14.937322765123843,14.902878373176456,1.0712306488776178
14,train,high,F4,0.002511200531370304,10.838492966067419,-0.2354663908481598,10.006127466398476,10.033088582281364,1.0831855782833173
14,train,high,F8,0.0014778698260544377,25.592967388255936,-0.4036356210708618,23.68010098993778,23.68062544611315,1.0807794865034983
14,train,high,AF4,0.0072064408520565995,19.594060215812704,-0.46457332372665405,16.629073689615726,16.64094893114049,1.1783013643176352
14,train,low,AF3,-0.013818931184908474,26.281711841156525,-0.32957689464092255,21.137034489181637,21.138154461792084,1.2433963645471666
14,train,low,F7,-0.04264810099554681,59.03170848903624,-1.1496672630310059,46.86852735443115,46.94281479798042,1.2595170324560054
14,train,low,F3,-0.0040557147334938405,22.690623525730373,-0.040870584547519684,20.539668478117882,20.58135623663244,1.104721994413105
14,train,low,FC5,-0.001164129138795846,18.20382794244821,-0.2506903111934662,16.054003158813714,16.035683337099204,1.1339120693055447
14,train,low,T7,0.0024728299587656473,21.626719721669414,0.2397504448890686,19.059867118012903,19.026484994909513,1.1346731636565637
14,train,low,P7,-0.0016756707413138872,8.743462085143477,0.06982968747615814,7.109206715378165,7.115755989606333,1.2298787241943885
14,train,low,O1,0.008099170421273411,19.322832464925362,0.18268214166164398,17.379113180217146,17.406843254705816,1.1118422594152142
14,train,low,O2,-0.01728380920539584,60.62540571798924,0.1088474839925766,18.552554807576538,18.568614396985325,3.2677658870589017
14,train,low,P8,0.005099858337904441,8.583745461050773,0.010465165134519339,7.749978231021109,7.755235710172321,1.1075831705813461
14,train,low,T8,0.008287878007115217,23.560885488416368,0.1232111006975174,21.665909528160093,21.670234035438217,1.0874634853336433
14,train,low,FC6,-0.005095424499205439,23.60587014243599,-0.1128963828086853,21.415765687716007,21.41590910191179,1.1022659888353288
14,train,low,F4,-0.003043711143289028,20.869120194850822,-0.06192907318472862,19.164075276515632,19.167683052079955,1.0889708944331176
14,train,low,F8,-0.0008063769886379108,28.300567826547677,-0.20964555442333221,24.801732613563537,24.78838037613854,1.1410722092484258
14,train,low,AF4,-0.015885230357841007,26.773124083867256,-0.6011145114898682,23.35459543290138,23.396662025649608,1.1463749890588957
15,train,high,AF3,-0.014608918014385448,14.282819345058074,-0.17949101328849792,11.142454995471239,11.157242610244243,1.2818377414010838
15,train,high,F7,-0.0004750792492500664,14.848486334480338,-0.2265663892030716,12.375492739078402,12.354461947045916,1.1998299096077931
15,train,high,F3,-0.0024397164535261058,10.722275958932766,-0.03782918304204941,9.014528813029825,9.019875013890136,1.1894438612736498
15,train,high,FC5,-0.0007518843910007932,17.00963828056435,-0.14333795011043549,9.789464906135201,9.807445898685215,1.7375452533574292
15,train,high,T7,-0.001840414987435218,9.655359441414063,-0.017906328663229942,6.651703524806723,6.648912086939264,1.4515619052180497
15,train,high,P7,-0.005005451869498904,7.63449064375745,-0.11309293657541275,6.0959374559774995,6.096165740463449,1.2523899234352034
15,train,high,O1,-0.006769727577365474,10.701383082304396,-0.03885797783732414,9.1992275414519,9.19086576126698,1.1632914866040385
15,train,high,O2,-0.0012627791232068524,10.44713957594667,-0.035540539771318436,9.089317307567596,9.09325288259338,1.1493866065439895
15,train,high,P8,-0.0012681161991588703,9.406557549205884,0.07057422399520874,8.344725619161128,8.381741942963483,1.1272458770371767
15,train,high,T8,-0.003223354563747737,20.933398621066488,-0.0762241743505001,12.492567569301277,12.487794488690534,1.6756682327264223
15,train,high,FC6,-0.005373074460260648,15.522517635811875,-0.25482654571533203,13.876534576034546,13.87852328719697,1.118616290743081
15,train,high,F4,-0.0037793221313453047,15.6575238883781,-0.3812696933746338,11.458888636636733,11.470325175172935,1.3664085920442017
15,train,high,F8,-0.00995385566642426,22.984078099617832,-0.40672433376312256,20.74799620435238,20.754771024055,1.1077733904152336
15,train,high,AF4,-0.013051010292331116,15.677883558996013,-0.24524644017219543,12.882405573624371,12.873943687987557,1.2169996876278406
15,train,low,AF3,0.004416001844534807,14.107725206921646,-0.15539027750492096,9.732736037921905,9.736264874265316,1.4495127733818487
15,train,low,F7,0.012494962404029803,20.133024846875344,-0.1884128451347351,12.597995839226245,12.595855014424929,1.5981133113401547
15,train,low,F3,-0.003468338502052667,153.63714851556827,-0.10709676146507263,9.44806402181983,9.462849841107255,16.261230677602416
15,train,low,FC5,0.0031371177781976084,13.792312683366644,-0.08146530389785767,7.685519085538387,7.695992669854189,1.794584403455484
15,train,low,T7,-0.0030547350379231683,10.63858464929882,0.109044149518013,6.322257238742709,6.321637077274987,1.682719359172182
15,train,low,P7,-0.0009219221735982139,9.653603687132508,-0.0481493528932333,5.85237384417057,5.855435482036458,1.6495193137308317
15,train,low,O1,-0.006580907242995463,12.251149413547878,0.07097994536161423,7.05531491689682,7.056226016328103,1.7364426050221402
15,train,low,O2,-0.008556357646123284,11.199089313788257,0.2692839056253433,8.280639541482925,8.27817089739687,1.3524425568441887
15,train,low,P8,-0.006930571159589793,11.190218635958505,0.04697662964463234,8.707087935968488,8.691878562684055,1.2851849801277813
15,train,low,T8,-0.01979534508682018,13.815523102236499,0.12083326652646065,10.851786218165605,10.852464664592135,1.2731105114390915
15,train,low,FC6,-0.018818407808917196,15.773550334639111,-0.12916292250156403,12.5867135504812,12.586116614034212,1.2531905386880022
15,train,low,F4,-0.018804216803535174,15.212213083558687,-0.09076206758618355,12.823816304744033,12.82082865908024,1.1862469581641693
15,train,low,F8,-0.03774674298702354,23.34594857506111,0.18096156418323517,20.067907699298857,20.048790458752723,1.1633474164263164
15,train,low,AF4,-0.02195151063990364,21.0181528423117,0.24420341849327087,19.37543826947808,19.387621982085253,1.084783350445361
16,validation,high,AF3,0.007896995066713514,21.644530761801647,-1.3199477195739746,12.794540540027617,12.812959697177623,1.6917005103924527
16,validation,high,F7,0.12082236818587477,47.592412067351056,-1.2143192291259766,17.701290397453306,17.699661919414954,2.6886408278007914
16,validation,high,F3,0.005073559905747823,18.34370304543269,-0.47489801049232483,10.866066105991601,10.880681653655486,1.6881641310205064
16,validation,high,FC5,0.004023930914221686,18.65254022727162,-0.4590606689453125,11.503015235710144,11.526082868130672,1.6215348623868961
16,validation,high,T7,-0.0022608935560881676,30.246009198998046,0.0007151091122068465,9.990429089876299,10.001214103755286,3.0274985115151396
16,validation,high,P7,0.007662305824083346,12.416745139840794,0.2052650898694992,9.043352681967615,9.04157764386742,1.373024538189216
16,validation,high,O1,-0.00026793586427654217,12.095347510247683,0.10496964305639267,8.999016403341292,8.976741487490326,1.3440743930366366
16,validation,high,O2,0.0011421374191068149,15.1403706124377,-0.03294207155704498,11.196577262511848,11.200037066188894,1.3522320489075157
16,validation,high,P8,0.0030445127493177663,16.072088105330366,0.1392861157655716,11.60709642331302,11.611943071731556,1.3846777453359778
16,validation,high,T8,0.0005535353041252804,84.55983976368974,-0.3235650658607483,18.644180309522152,18.657500519409634,4.53545494410942
16,validation,high,FC6,0.007777154743026844,29.29289765507652,-0.6333078742027283,17.230739346599577,17.23168760516009,1.7000371873687106
16,validation,high,F4,0.0066573773700088785,17.426702792722782,-0.599175214767456,12.610932742881774,12.665841736733428,1.3818726297275088
16,validation,high,F8,0.013674904610777073,84.72945808241599,-0.6614307761192322,29.974468727266785,30.068389745532716,2.826720928846368
16,validation,high,AF4,0.015104179049085115,26.764583524033753,-1.6536873579025269,16.095525631070135,16.104406211180013,1.6628586190666872
16,validation,low,AF3,-0.0048945893338840675,59.49448568903566,-1.0459939241409302,18.147078626704214,18.14965286283161,3.27846078770425
16,validation,low,F7,-0.01029406067497858,39.26430248251481,-1.948104739189148,21.295125382733342,21.458237678409066,1.8438164498599925
16,validation,low,F3,0.0021743004824042443,29.46030244323125,-0.7302991449832916,15.888566322952508,15.908422957887643,1.8541825514283885
16,validation,low,FC5,-0.005620657348670746,34.856619871243275,-1.163744330406189,16.980458974742888,17.04919735885179,2.052748981820208
16,validation,low,T7,-0.026880722707396196,43.945070943673215,-0.07287873327732086,12.211150231209396,12.196349072580077,3.598765891140861
16,validation,low,P7,0.0069996586372369435,31.88929822930118,0.11191920191049576,13.274342555107175,13.307179407864876,2.402325998211646
16,validation,low,O1,-0.00023176736001951704,32.151770329023776,0.022280732169747353,14.91280676050186,14.91943582770911,2.1559838362675716
16,validation,low,O2,-0.002547950920406632,32.3310464711643,-0.2622467279434204,16.915486812615395,16.88822452186036,1.9113281710019803
16,validation,low,P8,0.0016214334768816312,31.624416125717474,-0.21808286011219025,16.618029557606576,16.61994635749517,1.9030184063694855
16,validation,low,T8,0.002239462897098538,33.07689934697109,-0.40733441710472107,19.667037200170753,19.61818211515185,1.6818445508754063
16,validation,low,FC6,-0.011755271348266507,35.86745558068957,-0.8558566272258759,23.304790850275754,23.322735299350068,1.5390593209406627
16,validation,low,F4,-0.019105682728312222,42.14392532346192,-1.1742054224014282,22.216546105742452,22.24370812910234,1.8969611713212573
16,validation,low,F8,-0.006305287500843995,41.93471987695544,-2.1130253076553345,27.647618651604652,27.7674443815442,1.5167570272646818
16,validation,low,AF4,-0.009728150532946284,38.0002897069177,-2.515861749649048,23.69014245557785,23.758724762652875,1.6040549261437862
17,train,high,AF3,0.001495263530949381,17.47571039813503,-0.12796950340270996,5.14039973115921,5.140285256882788,3.3996792685603237
17,train,high,F7,-0.0030211689369225897,37.052191085808595,-0.15670765936374664,10.020978836497664,10.015499423926984,3.6974622629537808
17,train,high,F3,0.0007996002313342695,5.0522168272037495,0.003059547278098762,4.7255749427313685,4.726817998469008,1.0691221467082654
17,train,high,FC5,0.0011592953690299855,4.7562953952519855,-0.05161605775356293,3.670720993351936,3.6737887041050916,1.2957387401183962
17,train,high,T7,-0.004559226746281994,15.531233607185959,0.5816056132316589,16.03138688496351,16.07262955673365,0.9688016213839449
17,train,high,P7,0.0029797250390778437,5.487839283278556,0.07628507912158966,4.757457551810145,4.749829014466373,1.1535235414114229
17,train,high,O1,-0.0003050221039767148,6.22158760549508,0.029577186331152916,5.5905213387575,5.589010098671542,1.1128814699914615
17,train,high,O2,-0.0008812145078622593,7.667083558599961,-0.05691259354352951,7.110819917969406,7.097026699114235,1.0782277778157268
17,train,high,P8,-0.0001400365431897405,6.0917503277495735,0.01575085986405611,5.704012536978722,5.699206803620878,1.0679763216257283
17,train,high,T8,-0.0015026867421667972,9.51413248683513,-0.07226994633674622,8.97019683138728,8.972596998476293,1.0606380958714958
17,train,high,FC6,0.0008019384407835123,10.161505720240324,-0.08518484234809875,7.930312838745117,7.950787812891141,1.2813499198410272
17,train,high,F4,0.0008623683824418927,5.684369283217868,0.005648033227771521,5.361192298305127,5.3575256296755915,1.060280804517105
17,train,high,F8,-0.003715299323310909,16.711362487549323,-0.3086389899253845,15.23211096357107,15.225283210590383,1.0971140196861757
17,train,high,AF4,-0.001704453942710262,7.138812290936233,-0.15095102787017822,6.395869254469871,6.393464076421807,1.1161598223645899
17,train,low,AF3,0.004093084544679201,123.58210665611341,-0.1279868632555008,7.568932835626602,7.5640367348164075,16.327547005625203
17,train,low,F7,-0.003714148453989961,50.43765550578232,-0.049625519663095474,9.185927283080666,9.206061543492233,5.490752751622821
17,train,low,F3,0.0006922575282899472,8.36976696529292,-0.04481130465865135,6.23637210946083,6.244710677636827,1.342089089359444
17,train,low,FC5,-0.015370420210405047,36.37582814800786,-0.17345859110355377,14.812883086967467,14.7910941698712,2.4556886012292707
17,train,low,T7,-0.00816516777642293,13.880209436207398,0.020010264590382576,6.683541959835961,6.687325844506673,2.076774488679663
17,train,low,P7,-0.001135888567929242,5.766651156092016,-0.002210034755989909,5.6241887821014505,5.6256282055616555,1.0253302973121994
17,train,low,O1,0.0007703273792218612,6.050665224852528,-0.08457668125629425,5.336290693929791,5.331985017297177,1.1338709923984018
17,train,low,O2,-0.002239478321771872,7.51022119268242,-0.09278415143489838,6.8752634537547825,6.881586262877558,1.092353950244753
17,train,low,P8,-0.0046124156080678234,6.859412767050143,-0.04805022478103638,6.40869401679039,6.404296392153775,1.0703292666304394
17,train,low,T8,-0.0037491820550983263,10.247180877813074,-0.10037567466497421,9.627401268817485,9.62540412320306,1.0643766258089828
17,train,low,FC6,0.003407059603936481,7.35807157840613,-0.1954221874475479,6.7008245583862065,6.703111929218357,1.0980844990483098
17,train,low,F4,0.003439677957469239,6.358519738543507,-0.12814375758171082,5.867828537303209,5.873684975021057,1.0836239842593993
17,train,low,F8,0.006068209150010882,16.072577369478147,-0.25208744406700134,14.474357514435052,14.491953612964537,1.1104173261886903
17,train,low,AF4,0.003699081501379722,8.925544340986033,-0.19733063876628876,7.54971193010509,7.543160616688767,1.1822364116165411
18,train,high,AF3,-0.008070063505258346,17.471683804933566,-1.0667113661766052,11.027778815603256,11.042970299632396,1.5843338987006883
18,train,high,F7,-0.013036935110166441,28.68000384485615,-1.6113746166229248,19.958579706716538,19.95710358078874,1.4369761910064494
18,train,high,F3,-0.0018301174877460406,10.82675115693574,-0.3490757644176483,8.14193533528447,8.148780834065091,1.3297515530510493
18,train,high,FC5,-0.005594010604755641,12.42486424948931,-0.6863654255867004,10.709302461254596,10.731724830271139,1.1601936068610892
18,train,high,T7,0.0022078148630947218,8.169928766934737,-0.0401977077126503,7.570924691963195,7.5649469317640525,1.0791190111304905
18,train,high,P7,0.0003822218059950329,6.617321583525673,0.03274419158697128,6.349403472425044,6.350901234671308,1.0421957924495076
18,train,high,O1,0.0026028757237852645,9.721462929910246,0.1958402693271637,9.061565508466959,9.08442547446803,1.0728237765126445
18,train,high,O2,0.006113786891890757,11.153233015668617,0.18032504618167877,10.712677747535706,10.700533706404881,1.0411246635542877
18,train,high,P8,0.00688567137037608,13.11824029922393,0.1706366091966629,12.198800456812977,12.214920094845647,1.075371332260579
18,train,high,T8,0.004745612699283614,21.399902480696007,-0.023172127082943916,17.30899190597534,17.309779498734414,1.2363459753718193
18,train,high,FC6,0.004055183213283173,21.772348093899538,-0.5234456658363342,19.570979928338527,19.56646189679032,1.11248124384275
18,train,high,F4,-0.0005934714750992498,14.736698727784585,-0.746886134147644,13.191972435879707,13.19287917276415,1.1170959308331716
18,train,high,F8,-0.0045754759877815335,42.965730421252395,-1.0691907405853271,33.295105946588514,33.27300903795383,1.2904518306737736
18,train,high,AF4,-0.009269917636482057,25.18098358332742,-1.2601869106292725,19.148572504663466,19.16608092871483,1.3150318947897977
18,train,low,AF3,-0.010298687862325857,18.431962741368913,-1.231843650341034,12.452097841501235,12.488657496786718,1.4802295144146362
18,train,low,F7,-0.010553778890066251,45.995540130626146,-0.8251607418060303,11.527100260591506,11.534761905316692,3.990209080411513
18,train,low,F3,-0.0049108868063961605,517.3418521790708,-0.7116375863552094,19.407373629659414,19.50622311868519,26.656973893079513
18,train,low,FC5,-0.0006362113300395789,11.092416341741933,-0.6336870193481445,9.122024048137664,9.111365448376972,1.2160038477432582
18,train,low,T7,-0.00040070649483008974,8.470959280881095,-0.35923564434051514,8.515127868318558,8.550757386226667,0.9948129272841812
18,train,low,P7,0.005119437364571142,8.180011258626605,-0.053786035627126694,6.7332552481256425,6.716870042109507,1.2148672458100709
18,train,low,O1,0.005296224559218887,7.950870657767527,0.04990341514348984,7.078137313413619,7.078934634854124,1.123299860642716
18,train,low,O2,0.008574188186039956,9.776327479431353,0.16807952523231506,9.305089121872186,9.300560399812623,1.0506430783614413
18,train,low,P8,0.008197441592998886,8.945029069179824,0.017176616936922073,8.277787669801711,8.285753986763018,1.0806062472237943
18,train,low,T8,0.0051894366388035304,10.777106637522882,0.026262596249580383,9.641732306215166,9.634392715719915,1.11775625948211
18,train,low,FC6,0.0026373727622451435,13.992963597297296,-0.5901329517364502,11.340019881963729,11.35482754505856,1.233945243742744
18,train,low,F4,-0.006656359128629521,15.494965173513744,-0.9912689626216888,12.113321917194128,12.119443086096762,1.2791672903136158
18,train,low,F8,0.0067976344123415995,23.753319637719194,-1.3544734120368958,18.288106031978128,18.302093884784085,1.2988397812318415
18,train,low,AF4,-0.0070853177158605955,20.584373706373253,-1.408499002456665,14.691915725183486,14.789842163040692,1.4010680493551617
19,train,high,AF3,0.0033567658361955575,13.391438299323323,-0.2866815775632858,12.315956316661834,12.339271378570173,1.0873242771417195
19,train,high,F7,0.0020332048903902752,13.663736386149186,-0.1678304597735405,12.393352042007445,12.398093253970588,1.1025053060572922
19,train,high,F3,-0.00013635191678541638,8.91041730365302,-0.05178035981953144,8.4685108550895,8.468167882570079,1.0521823088055604
19,train,high,FC5,0.0025819783529591497,10.12317390912082,-0.04172801412642002,9.662344506597519,9.658051650554185,1.0476933318004387
19,train,high,T7,-0.004223072249795076,6.900430171508597,0.058623289689421654,6.88711033744812,6.893576207737113,1.0019340236191732
19,train,high,P7,0.0017156938736575653,7.997887061637595,0.13639461994171143,7.8254190683126446,7.817408612606878,1.0220394578001992
19,train,high,O1,0.0008165333763526104,10.443107310736531,9.027242776937783e-05,10.1775166741848,10.200890635807838,1.0260958193490757
19,train,high,O2,-0.001326249799155227,10.524723048592113,0.2562257647514343,10.071109570133686,10.080046968339902,1.0450410627845454
19,train,high,P8,0.0011495512658134307,16.130266835516423,-0.038846321403980255,15.620342155547439,15.636519028399944,1.0326449110327516
19,train,high,T8,0.001621915906544264,14.230077912690911,-0.06099315918982029,13.772867503339423,13.762047416285466,1.0331964574000752
19,train,high,FC6,-0.007275271249921856,15.691338015264316,-0.3890855014324188,14.386844678860902,14.385600722746288,1.0906726502942061
19,train,high,F4,0.0003277511671549783,12.559289559588631,-0.14854959398508072,12.013663518892228,12.014725280744752,1.0454171235808605
19,train,high,F8,-0.0022861492061615443,22.33188729467905,-0.6626115441322327,19.759296159267425,19.763583514847696,1.1301964966097762
19,train,high,AF4,-0.004126599234692745,46.277949868725784,-0.6062818765640259,14.95229447286129,14.961814774328731,3.0950400256443036
19,train,low,AF3,-0.02677808316218796,75.65736009769059,0.4205833673477173,17.122015980505942,17.173410787504633,4.41871799347865
19,train,low,F7,-0.02598234127228392,74.31391502930799,-0.14853747189044952,9.600355423280597,9.605524007968324,7.740746227905146
19,train,low,F3,-0.024174241054510815,78.71640847282876,-0.20884175598621368,10.251669933128357,10.252995346103269,7.678398640055318
19,train,low,FC5,-0.05082161865381774,98.46320804557045,-0.36519651114940643,22.901972215792537,23.004202068603153,4.299333136806143
19,train,low,T7,-0.019849155323410396,69.97714208015397,-0.13173162937164307,6.964375275421142,6.984345200682146,10.047870672207909
19,train,low,P7,-0.016827460451171082,65.3197863726414,-0.07762885093688965,7.941584942865371,7.947740685595151,8.225031507259008
19,train,low,O1,-0.015451520612253484,68.7640688517472,-0.0023629246279597282,11.09869879860878,11.103825890814667,6.195687449448287
19,train,low,O2,-0.014879612081950051,77.12415287240032,-0.07439667731523514,13.035644587039947,13.026085493739576,5.916405004557829
19,train,low,P8,-0.018371860439896335,76.65843393372495,0.09849836677312851,11.656032186748087,11.694042836409132,6.576717763432315
19,train,low,T8,-0.022949768292496505,76.43758167898461,0.12213524430990219,11.920746215486526,11.90974077885022,6.412147385512052
19,train,low,FC6,-0.020688223692639292,73.44816248907219,-0.08501440286636353,11.063931538331508,11.063187364475032,6.6385228645538525
19,train,low,F4,-0.023446313982270334,65.96669645039992,-0.21515241265296936,11.485305697578191,11.475379330922799,5.74357341348866
19,train,low,F8,-0.015648357426403595,75.95585667711619,0.017711395397782326,12.328003962838277,12.320456989081901,6.161245316442035
19,train,low,AF4,-0.02740171912885954,71.92051556662216,-0.19302063435316086,12.802229423618316,12.79836588209872,5.6178118034612705
20,test,high,AF3,-0.0007239431903341225,15.951223084268863,-0.4147074520587921,5.988484793043137,5.990990362315817,2.663649259458671
20,test,high,F7,-0.009341629050583366,66.64402865306607,-0.6735119819641113,16.739986241912842,16.72508506265899,3.981128042160852
20,test,high,F3,0.003505745675077968,6.5311893517616975,-0.17007610201835632,5.643426302880049,5.647689700568491,1.1573092304631656
20,test,high,FC5,0.0002586126692701352,7.076809144464226,-0.21055155992507935,5.792259991085529,5.792862755709706,1.2217699404646303
20,test,high,T7,-0.00512042719369244,10.102601834133152,-0.09116926789283752,6.770120546633005,6.774672055085382,1.492233670662998
20,test,high,P7,0.002547304210627378,24.562815963619133,-0.05492382124066353,5.610380619764328,5.596605073619189,4.378101527922882
20,test,high,O1,3.5776241118681454e-06,10.324949673259328,0.1299518421292305,7.264904697091877,7.269424186802688,1.421209238628055
20,test,high,O2,0.006532067972022707,8.832266217298736,0.032525621354579926,8.499307776917517,8.500552424861379,1.0391747715367445
20,test,high,P8,0.0031692476827107087,5.504733644245018,0.013122951611876488,5.2320988230943675,5.227018144945466,1.0521081176730163
20,test,high,T8,0.001549084846894596,12.430767830270025,0.08107377216219902,11.190441208337992,11.189739557440145,1.1108380446168526
20,test,high,FC6,0.007389609426778603,11.345941097848325,-0.18532242625951767,10.171757224680483,10.179754713891258,1.1154356958420943
20,test,high,F4,0.002259669601649826,5.948399234757782,-0.11197647452354431,5.416991871285438,5.406412042627696,1.0981000850839828
20,test,high,F8,0.0014706438228807423,20.116664657815793,-0.5107981264591217,17.243619428443907,17.243579725939934,1.1666149755446762
20,test,high,AF4,0.003282698960706558,15.520335467869103,-0.5350072085857391,11.259063249474764,11.263652056389336,1.3784748450181348
20,test,low,AF3,-0.003803375197383109,16.775999269088185,-1.2512004375457764,13.974266323900222,14.034630016895292,1.2004923106693732
20,test,low,F7,-0.009936702334944375,19.687416946696004,-1.6193933486938477,15.956363448143005,15.933641245667364,1.233828560666636
20,test,low,F3,-0.00041195598097866005,7.330847472765513,-0.26272401213645935,6.838630507189035,6.848352851471785,1.0719759555745907
20,test,low,FC5,-0.0023583100412160143,8.6678686928779,-0.9104572534561157,7.192602952122688,7.2672884936152435,1.2051087416579598
20,test,low,T7,0.0027320919185026037,6.029787390454326,0.010095875710248947,5.756681788343936,5.757695661817682,1.0474414970553647
20,test,low,P7,0.0016998070998720076,6.590791690402943,0.0939965769648552,5.675669046525657,5.6803763752252285,1.1612360827200585
20,test,low,O1,0.004894225433639115,6.403298007898385,0.05466807447373867,6.113443122112378,6.113440129737486,1.0474127067180194
20,test,low,O2,0.006042595915989996,7.566610647404555,0.15541046857833862,6.978735463821888,6.9802765319575375,1.0842380667142695
20,test,low,P8,0.003198258221625504,8.067864595801455,0.08496782183647156,6.7767816447258,6.770188230510285,1.1905156486900346
20,test,low,T8,0.0026646440117576576,8.452391831835685,0.031151076778769493,7.443159891221299,7.446714292374958,1.1355918662723754
20,test,low,FC6,-0.003591787016689538,10.746454972184782,-0.23956679552793503,9.615373105430603,9.613781968605263,1.1176326549528655
20,test,low,F4,-0.008708058100960198,8.20557270629102,-0.11515609547495842,6.5242626879215235,6.529995916153078,1.2577011531865714
20,test,low,F8,-0.001834471103018439,13.04677478888475,-1.3501310348510742,10.537418426513671,10.617623071126182,1.2381376785852192
20,test,low,AF4,-0.0034654087855224627,14.68681338679438,-2.0187392234802246,11.60911984977722,11.713364108391742,1.265109980501771
21,train,high,AF3,-0.0062193010439227075,21.92022958754861,0.06661921739578247,12.588058826744556,12.587037591955413,1.7413510604968696
21,train,high,F7,-0.0063457585449545936,24.307962029389305,0.0035897147026844323,13.741784117968578,13.7857998451363,1.7689087399942873
21,train,high,F3,-0.0037895475052430647,18.71264184785048,0.10226748138666153,11.363782920263708,11.345340730173664,1.6466912452615063
21,train,high,FC5,0.0007175866764603019,18.774444292745883,-0.02948593907058239,10.105113494439795,10.104571827435334,1.857915233022991
21,train,high,T7,-0.005337086103441539,128.84515833252237,1.2490829229354858,14.327795373129844,14.625742136769334,8.992671585340817
21,train,high,P7,0.0052939600191489015,20.81471877567034,-0.3022725135087967,10.548472853609919,10.551268829956507,1.97324475917356
21,train,high,O1,0.005991687939146563,26.878768465304724,0.2635152041912079,13.003436959362029,12.983300228133036,2.0670510842099272
21,train,high,O2,0.0012312445874742381,21.324790539704285,-0.3243970572948456,13.492350601512193,13.479053929967293,1.5805096657741942
21,train,high,P8,0.004314594435535078,22.116752174516332,-0.3682935833930969,14.210377739703654,14.200013332494194,1.5563803144178459
21,train,high,T8,-0.007876487858375277,78.07535018129433,-0.3437832295894623,18.327069799518583,18.343381832227433,4.260110919823376
21,train,high,FC6,-0.0027038052368044264,25.96422561762783,-0.5960493385791779,18.97716429736018,18.95719673829754,1.3681825804311336
21,train,high,F4,-0.00742909869844203,24.29635174816425,0.20977498590946198,17.878201196256278,17.876726861703474,1.3589930822152254
21,train,high,F8,0.003021106025278743,28.662711997856405,-0.48593395948410034,20.662621653950215,20.65907804236048,1.3871769264272793
21,train,high,AF4,-0.007300677581294646,23.739211425936634,0.36294999718666077,16.502050784111024,16.580712450619888,1.4385612877154579
21,train,low,AF3,0.010182216490734022,10.053790191487863,0.17457687109708786,9.805697176592052,9.801193022392166,1.0253009052215127
21,train,low,F7,0.019290860372915927,11.091812580208513,0.15302149951457977,9.520693895074725,9.531112756439278,1.1650214472231446
21,train,low,F3,-0.005274378648332581,9.32642699400574,0.19137738645076752,9.047183956655859,9.050907250949416,1.0308651884042268
21,train,low,FC5,0.012122177633732524,8.785708363048569,0.044966936111450195,8.873504710578917,8.87900126961269,0.9901057867895559
21,train,low,T7,0.0054781117997276235,6.6384497046264155,0.06332632154226303,6.4336139047488565,6.428072061955796,1.0318383730995053
21,train,low,P7,0.007159166741778612,10.73491946669199,-0.09201130643486977,11.469127658591418,11.466941363374952,0.9359839550351993
21,train,low,O1,0.006031912321174258,15.972330853863035,-0.27504104375839233,14.218260860216617,14.23149094747737,1.1233674083554333
21,train,low,O2,0.01083432332756262,12.810104626719225,-0.1795589178800583,13.40349266641438,13.421972563215501,0.9557288496018632
21,train,low,P8,0.008859616418290733,11.28410851060939,0.02349497564136982,11.751664653682708,11.763881187778301,0.9602136244649564
21,train,low,T8,0.012207112904222314,11.28671183156451,0.6029345095157623,11.366750700044632,11.405690499285225,0.9929585093759637
21,train,low,FC6,0.014669545651779695,14.943907338260576,-0.3143577426671982,15.887902974700927,15.880796448047997,0.9405840004219864
21,train,low,F4,0.0059469661433695364,32.88852023012324,0.5870477259159088,12.12783083204627,12.142965049545706,2.7118221457393235
21,train,low,F8,0.016810701761983182,11.914811682512017,0.05851563811302185,11.352561109632253,11.352404830542381,1.0495263198717966
21,train,low,AF4,0.010099079835211994,12.460938094875685,0.6517415046691895,12.293749327754973,12.361641191746942,1.013599493747872
22,train,high,AF3,0.006243400156452824,29.168441805593645,-0.8556493520736694,17.11596671104431,17.140768827377556,1.704165607354933
22,train,high,F7,0.00938985448443123,42.71818718610623,-0.043285297229886055,20.7246136120487,20.704864130097906,2.061229607739036
22,train,high,F3,0.00407224366797682,51.031989292608486,-0.4413566589355469,13.780953750228882,13.781356493396348,3.703081094206627
22,train,high,FC5,0.005355651064642311,51.99752277447062,-0.26275429129600525,12.71569674219489,12.729017004602657,4.089238979876394
22,train,high,T7,-0.01863870697418383,101.43819303187091,-0.09180288761854172,12.244183034420013,12.228712671504717,8.284602798464771
22,train,high,P7,-0.004867202859294074,10.266460028042852,-0.1317407190799713,7.253777817767858,7.2683687118179625,1.4153259564823644
22,train,high,O1,-0.0005220769707069867,12.32708779742267,0.03573986515402794,9.92116039488092,9.911833470445638,1.242504637238115
22,train,high,O2,-0.005657706545838129,15.992133436873054,0.025682277977466583,13.502048363681137,13.487928085100926,1.184422763577854
22,train,high,P8,-0.014994050736736488,120.2645065531708,-0.09123838320374489,13.094608483314513,13.104158122951318,9.184276620902025
22,train,high,T8,-0.02186754691486791,57.64018715709642,0.3316267430782318,17.897259589630366,17.901434025294346,3.220615249414666
22,train,high,FC6,-0.0018713840939666181,41.21733087610109,-0.09565799683332443,15.827317060942947,15.83328646496546,2.604189371919076
22,train,high,F4,-0.004216177691256001,22.386115825552107,-0.0653605218976736,18.67279031238556,18.676020994815588,1.198862915024731
22,train,high,F8,-0.009103905495328184,27.956690926449955,-0.14251720160245895,21.896705950601397,21.91671908034317,1.2767532700818005
22,train,high,AF4,-0.009900290466297569,25.943114589852247,-0.599126935005188,17.847338358807562,17.83575244617957,1.4536125257607089
22,train,low,AF3,-0.010975291419145907,21.545292473609514,-0.4331558644771576,20.312735077232123,20.33067491869294,1.0606790465041276
22,train,low,F7,-0.011611248704991948,32.251471999915765,-0.33939969539642334,16.738910780882833,16.769374892656852,1.9267365972671
22,train,low,F3,0.001249164127704864,15.2681773286094,-0.158115953207016,15.040642447668313,15.057786293962959,1.0151280027919527
22,train,low,FC5,-0.012152667456067209,16.030212581630824,-0.1923232525587082,15.232142224404216,15.234116716151595,1.0523938357106446
22,train,low,T7,-0.009217060496888047,11.321523834931144,0.43972471356391907,9.459189343625306,9.486454871073752,1.1968809824661024
22,train,low,P7,-0.0019526265534796654,9.509498066011558,0.1986909732222557,8.674039121246338,8.684263218765881,1.0963171750884582
22,train,low,O1,0.004727887879284567,16.938220049031173,0.1355452984571457,10.52144900111854,10.53097974467578,1.6098752222465236
22,train,low,O2,-0.0011719508841796032,18.867926199340346,-0.16864127665758133,16.568552550955115,16.54974525287648,1.1387793919422782
22,train,low,P8,-0.005564511638893335,86.05938878704482,-0.09263112396001816,20.435762384319304,20.418809730976577,4.211214985210417
22,train,low,T8,-0.01031831941061166,20.02517777725137,0.026184463873505592,16.04008928232193,16.044475662876184,1.2484455307441136
22,train,low,FC6,-0.017668806046725802,18.767506302837383,-0.37761256098747253,17.095421738022566,17.09690352030557,1.0978089099197752
22,train,low,F4,-0.012304105046336484,20.619903209595968,-0.47043125331401825,20.252675615787506,20.26928186946838,1.0181323001846827
22,train,low,F8,-0.0026092020377930297,57.706210275233694,-0.7382849454879761,36.565412208294866,36.65724288454049,1.5781638108305815
22,train,low,AF4,0.004589608930048927,30.120272183166968,-0.5706025063991547,28.365260232156512,28.365633238501864,1.0618718790748436
23,train,high,AF3,0.010408811339902046,13.376768452491117,-0.3931054621934891,9.797308304402232,9.803993070982756,1.3653513839592577
23,train,high,F7,0.0070772963647408385,14.1851628029212,-0.24526602029800415,11.896669585740566,11.919915013352176,1.1923641907247418
23,train,high,F3,0.00030464962384104256,170.56181903513044,-0.1475835219025612,150.29832538832275,150.17784605033316,1.1348218191683328
23,train,high,FC5,0.011381029727882944,10.031552781382716,0.03151832893490791,7.915350956629961,7.910435777668426,1.267354137087277
23,train,high,T7,0.01822811961102811,9.62943409289531,0.00878109224140644,7.405308793939277,7.401758958181688,1.3003420060992357
23,train,high,P7,0.015659779872902544,10.737241955245178,-0.099187470972538,7.724123364543915,7.7171578417891835,1.390091981768753
23,train,high,O1,0.015282410752385851,12.474071746609768,-0.36419248580932617,10.406235863971709,10.39932320257573,1.198711225621676
23,train,high,O2,0.013693311276823947,14.007395665574592,0.06813566386699677,10.316002474308013,10.29102081188544,1.357831747371134
23,train,high,P8,0.02167062473268525,15.96095369783253,0.10097025334835052,11.048590621376038,11.047359746504572,1.4446144530825855
23,train,high,T8,0.020098665908157225,15.122788212664362,0.17386746406555176,11.703119562292098,11.70472430687997,1.2922014623682534
23,train,high,FC6,0.01987053435186681,16.674549824749697,0.1986319050192833,13.599604189275205,13.65130790699138,1.2261055242989665
23,train,high,F4,0.019470711636579673,103.81642488359128,0.12371567636728287,11.592363921703397,11.59249366522719,8.95558710758076
23,train,high,F8,0.022252836851785595,22.866287123088284,0.4863450229167938,18.262569399815796,18.275518784971922,1.2520848858933795
23,train,high,AF4,0.02453706869033721,15.702503603684447,0.043337974697351456,10.99675405698046,11.003826440396885,1.4279216869196867
23,train,low,AF3,-0.016956472242776806,13.02866306596956,-0.5164815485477448,8.799596633774042,8.810262489177457,1.4805977601250253
23,train,low,F7,-0.004401946237632385,10.98321507163947,-0.32171279191970825,10.13185977448225,10.14398379711154,1.0840275444101009
23,train,low,F3,-0.0074300333867479305,7.114022494195527,-0.2325916513800621,6.35969997344166,6.351426497841871,1.118609765225395
23,train,low,FC5,-0.01206631609300751,10.028252558271559,-0.2352788746356964,8.121155651950836,8.11510884912037,1.2348307295234031
23,train,low,T7,-0.0034297201980249352,6.187025178188969,-0.03845975734293461,5.7254118254899975,5.730741283821123,1.0806253535586439
23,train,low,P7,-0.0007538455567641535,4.88524478362205,-0.03649313189089298,4.714914018448814,4.724535215687451,1.0361259536243408
23,train,low,O1,-0.000593378861247623,5.451496560346588,-0.004504624288529158,5.211355508785229,5.217434080376989,1.046080343426299
23,train,low,O2,-0.0009738534437968991,7.099744632269987,0.07058291882276535,6.823250044727325,6.823642594978666,1.0405224175766978
23,train,low,P8,0.005935199014755666,14.511478528685576,-1.2399705648422241,13.571108062005042,13.764549662573767,1.0692920918751863
23,train,low,T8,-0.009520787385726353,11.051803258562618,0.06817536801099777,8.458017264461517,8.46374193945136,1.3066659611821252
23,train,low,FC6,-0.005040652492378722,8.060310944543259,-0.033414099365472794,6.990465588855743,6.992734918954905,1.1530435050553818
23,train,low,F4,-0.004486245412836853,8.784374864320867,-0.03727547824382782,7.788370253250003,7.777911013722685,1.1278835723886191
23,train,low,F8,-0.006782059748800477,10.893891670769309,-0.30417919158935547,8.878622031641006,8.887296256707986,1.2269800011698242
23,train,low,AF4,-0.01444756341636703,19.204762596306303,-0.26584869623184204,11.961276161813736,11.959062142227207,1.6055780617805089
24,train,high,AF3,0.003148490975407898,15.323366756657496,-0.35701173543930054,12.577533271086216,12.588580861809167,1.2183125598946754
24,train,high,F7,0.0018084104376028434,37.629618964223894,-0.33184540271759033,15.119799163126945,15.166828065028096,2.4887644708927246
24,train,high,F3,0.003138456253136948,13.630364451401768,-0.16716594994068146,10.999387992051243,11.013837723134623,1.2391929861235744
24,train,high,FC5,-0.002603877423606061,13.672552877265137,-0.08995572850108147,10.49626823985055,10.470628031454234,1.3026108484304333
24,train,high,T7,0.0001672308452991867,11.294450709012064,0.07287346571683884,7.649838070003688,7.6404834695000226,1.47643003755851
24,train,high,P7,0.005859266098177521,11.327231798703757,0.025110777467489243,7.407948862429707,7.424552852441153,1.5290645236701292
24,train,high,O1,0.0027594890683561774,43.08016632684654,-0.091923788189888,9.332282180526851,9.322045908052008,4.616252004974678
24,train,high,O2,0.0016332557685583761,15.103909502707673,-0.08550597727298737,12.450456636714934,12.420652176027744,1.2131209274821309
24,train,high,P8,0.00358040097615083,17.097985246748404,-0.16210681200027466,14.166979131424426,14.19799357895678,1.2068899860819713
24,train,high,T8,0.0014961007231118469,18.046634327212036,0.029459157958626747,14.841100404610856,14.838221163286644,1.2159903130636647
24,train,high,FC6,0.004151276900412651,18.37366362074602,0.04233355447649956,15.25264544819668,15.251621835933427,1.204621433255589
24,train,high,F4,0.004100035898791494,74.94356488166768,-0.1075233444571495,14.906660604549943,14.900767776681548,5.027522050028613
24,train,high,F8,0.0034590201369916166,22.55085653796071,0.0984906330704689,18.646591712750492,18.646341151356964,1.2093822230547628
24,train,high,AF4,0.008195109237312186,19.682109490841167,-0.40522605180740356,15.295477445590496,15.261622514434883,1.2867927503966399
24,train,low,AF3,-0.006778313257406218,16.128378110898524,-0.5093100368976593,13.325862164479494,13.324289519845157,1.2103065386560297
24,train,low,F7,-0.010808935600255193,15.32238495742387,-0.2022964209318161,12.224110354042052,12.26021290885863,1.2534560400428105
24,train,low,F3,-0.005306775601411573,12.158950637839748,-0.2177884578704834,10.73655775437355,10.722261433074703,1.132481277147397
24,train,low,FC5,-0.004668248412149358,10.604987378109604,-0.11930445209145546,8.947104774284362,8.94861922960444,1.1852982216761676
24,train,low,T7,-0.0034497385836879083,9.130578594665042,0.06433263421058655,7.7567523396492,7.758034433233376,1.1771135901804457
24,train,low,P7,0.00042941625284627024,8.511019055954039,-0.05466543510556221,6.880421607208997,6.876308622848025,1.2369909203000837
24,train,low,O1,0.0037179005901302967,19.69051871719019,-0.07213423401117325,10.35983359775394,10.353128056423676,1.900659748189313
24,train,low,O2,0.005684850101731073,17.21776710103944,0.2967946380376816,15.117002610969543,15.11816557819884,1.138966999221492
24,train,low,P8,-0.002029106797752664,15.083062257086093,0.15576082468032837,13.099825750672817,13.05363158812074,1.1513941134912742
24,train,low,T8,-0.009396864874963433,15.01709975247475,0.1296626180410385,12.894516528511046,12.866116701186897,1.1646113073933764
24,train,low,FC6,-0.007911864064933095,14.823486572070756,-0.05473407357931137,12.722711883030831,12.7041392895449,1.1651200395288268
24,train,low,F4,-0.003471369261651366,15.03448564833775,-0.09681284427642822,12.666578351426123,12.68308935031085,1.1869413531591209
24,train,low,F8,-0.01388536402949921,16.087304901536225,-0.2147435024380684,13.812273271997272,13.816017676849025,1.1647108759534397
24,train,low,AF4,-0.014263453380688072,18.873529284222307,-0.35541898012161255,14.587470961940287,14.57971427244465,1.2938177792068715
25,test,high,AF3,0.03554364715910811,19.48561823065588,0.09486747533082962,9.22545176281929,9.212654108820887,2.1121587030770073
25,test,high,F7,0.009278484374731675,51.96762496321853,0.07087699323892593,9.854281923951207,9.872742190548365,5.273608504837805
25,test,high,F3,0.018480760756847917,71.12799094823501,-0.17723847925662994,11.16308082690239,11.183606509017096,6.371716916787039
25,test,high,FC5,0.007308613372865816,21.940293626921854,0.009001132333651185,7.682734645227854,7.681650086806561,2.8557921938056405
25,test,high,T7,-0.0032426547326674547,24.092722236061245,0.06481040269136429,6.766227645023167,6.784406213781584,3.5607318435084596
25,test,high,P7,-0.011838946662005521,22.36802247025111,-0.09867159277200699,6.7620333028212185,6.766471180587101,3.3078841035755984
25,test,high,O1,0.03935470855576322,51.538793514046276,-0.39254702627658844,14.37322684135437,14.384132742970143,3.5857496777104956
25,test,high,O2,0.0078692796022416,22.652017488715217,0.08145533874630928,10.167710255766659,10.16833324446512,2.2278386105532495
25,test,high,P8,0.012639544593694891,34.15111599924842,-0.009972882457077503,13.176272825717925,13.169501603665928,2.59186466848129
25,test,high,T8,0.0021903373691076456,25.498921868803293,-0.03539762645959854,10.569893991565705,10.574612377129986,2.4124103694086503
25,test,high,FC6,0.0016715890749740513,22.61035718773899,0.09613880515098572,9.709646057510376,9.700467181788982,2.328648959376842
25,test,high,F4,0.0064958125287093195,23.937265004525546,-0.06529192999005318,8.61483457731083,8.615664856092765,2.778609941921566
25,test,high,F8,0.002045331332830646,24.63737249402072,-0.025833155028522015,11.730094597347266,11.739271759898509,2.1003558231825687
25,test,high,AF4,0.04976381968150678,21.561092557374916,-0.09868044406175613,11.440610924577712,11.422416737912053,1.8846102449874866
25,test,low,AF3,0.003671664814013688,8.05941088436624,-0.09244639426469803,7.755951454778015,7.758230876710523,1.039126009408076
25,test,low,F7,-0.0003511274715744573,12.160686087269754,0.11427822709083557,8.63716826096177,8.614877845023278,1.4079482672849575
25,test,low,F3,0.0012605409317376216,7.175084037992196,-0.05271892063319683,7.0088097550392146,7.0131546130791875,1.023723611963277
25,test,low,FC5,-0.004590859164166914,8.263468503403407,-0.16718241572380066,6.298924572640657,6.310131834382212,1.311885609695302
25,test,low,T7,-0.0007981051623199017,5.932626721817636,0.05047683045268059,5.428786594676971,5.4334677352650775,1.0928089764358557
25,test,low,P7,-0.0028882132349195132,5.69440446745098,0.0613547433167696,5.564915943808481,5.551612536230293,1.0232687294740843
25,test,low,O1,-0.0006373383516279933,29.025940121919568,-0.09551330655813217,7.802599974618852,7.802645836696526,3.7200343752516227
25,test,low,O2,0.0002093085632054489,11.89485888467618,0.08893477916717529,9.584757372164725,9.569778541355685,1.2410182566770303
25,test,low,P8,-0.012447114360107613,14.686727268034758,-0.10638752579689026,13.762875974947214,13.749076137726531,1.0671263255419323
25,test,low,T8,-0.0056010576486371704,8.530028114607093,-0.009531722869724035,8.228258865302895,8.228087796380203,1.0366747393639626
25,test,low,FC6,-0.02724943453337518,14.20842993181418,-0.24874470382928848,10.339622353456914,10.316280279449396,1.374173006141156
25,test,low,F4,-0.0007099792271735685,6.778403688830602,0.026818182319402695,6.215924525532871,6.227487984014671,1.090490024611345
25,test,low,F8,-0.0109823461775013,9.504093387562827,-0.08533477410674095,9.064423516329377,9.058589489924811,1.048505000945884
25,test,low,AF4,-0.011254526642592527,9.24833216703046,-0.05790977366268635,8.122577699518203,8.128060774948086,1.1385957154437603
26,test,high,AF3,0.01694192287780807,12.72505941605712,-0.3820439279079437,8.946089448934792,8.95235501367839,1.4224158487004943
26,test,high,F7,-0.03888357884007443,20.939826038743142,-0.32214266061782837,10.004992311537265,10.003670663458935,2.0929377441496246
26,test,high,F3,0.011058651507664148,9.090489713932556,-0.09328510612249374,8.365122141887246,8.374004385222145,1.0867133270431435
26,test,high,FC5,0.014136891785348958,7.54917354351297,-0.15341120958328247,6.49173277541399,6.502086273204671,1.1628903722136876
26,test,high,T7,-1.609995968645753,352.9992183602824,-0.11975997686386108,13.543698298394679,13.539913055894992,26.063724293247365
26,test,high,P7,0.00768123743692914,4.681440920177795,0.08166451752185822,4.31607866859734,4.316084556353366,1.084651434701303
26,test,high,O1,0.026551275003550867,22.0581415082522,0.2580549865961075,20.51442356586456,20.50003252531353,1.075250368962662
26,test,high,O2,0.009082991172024737,8.852725227639178,-0.025218918919563293,8.027132896998523,8.022937092452336,1.102850213299615
26,test,high,P8,-0.03989786007390206,11.699267508683747,-0.05856888182461262,9.00009992535822,8.995866757838968,1.2999041794769954
26,test,high,T8,-0.008565145500342255,9.587517483311467,-0.048369335010647774,8.898254522483423,8.89540266513471,1.077460468127369
26,test,high,FC6,-0.00886930707768418,23.782573242399405,-0.07715601101517677,11.197935578850656,11.219148992873546,2.1238355119060635
26,test,high,F4,-0.010340557066708651,9.273257211254466,-0.13975686579942703,8.41346904180497,8.405446564382407,1.1021918741457737
26,test,high,F8,0.0008810157319950457,15.413926359024407,-0.3857961595058441,13.01948646993041,12.979471922097513,1.1839120071766391
26,test,high,AF4,0.00921275755921043,15.626945597091206,-0.5541833639144897,11.880271411943435,11.905629162968664,1.3153694099430404
26,test,low,AF3,-0.0008105088465305704,22.502876972626144,-0.5110376477241516,12.799861376845836,12.833185245409288,1.7580563031200063
26,test,low,F7,-0.0009830448795668959,20.24440122032186,-0.33747825026512146,12.319620837450026,12.292364953269422,1.6432649581861758
26,test,low,F3,0.0010214371827745512,12.832680309486776,-0.08262622356414795,9.29025849659443,9.289948740563982,1.3813049781328375
26,test,low,FC5,0.001220836643211454,15.677816228563005,0.0059423965867608786,8.966020086176181,8.993307425412008,1.748581430542976
26,test,low,T7,0.001966405880543297,22.718882398142593,0.2604193240404129,9.746540755560993,9.768720288202443,2.3309687988715475
26,test,low,P7,-0.00527740482730308,13.584618936226,-0.03995509818196297,7.7618710746288295,7.772829552064391,1.750173225709706
26,test,low,O1,-0.006049902147282951,19.11989544576098,0.1462629735469818,10.235287798458337,10.255793892427054,1.8680369152532148
26,test,low,O2,-0.003921637832533904,19.70147808906239,0.21307925879955292,11.74266831612289,11.766244606939928,1.677768421851098
26,test,low,P8,-0.004508249707924192,21.574166962959254,0.013150268699973822,11.783363191650901,11.782172876786444,1.8309006191242263
26,test,low,T8,-0.006883020334314367,20.97331793266945,0.05973906069993973,12.157167798404394,12.164268430026926,1.7251812494865917
26,test,low,FC6,-0.0026068336031044425,21.639037435700228,-0.01968192122876644,12.801701325416564,12.801270735891242,1.6903251283279022
26,test,low,F4,-0.006942958940208457,20.55352101149798,-0.07344482839107513,12.141978027024864,12.149538438880418,1.6927654592811174
26,test,low,F8,-0.009250033723128792,24.291644958956105,-0.12050607800483704,14.493621920013426,14.513429842497173,1.6760230874667112
26,test,low,AF4,0.0012349917969667994,25.34316123414951,-0.44134728610515594,14.950069607332347,14.919101440791646,1.6951868385763107
27,test,high,AF3,0.03589886243328176,32.29437024113465,-0.6785333752632141,21.070382305812835,21.14988044953682,1.5326902840403316
27,test,high,F7,0.059307299620667366,33.78324740451209,-0.7878694534301758,31.29985444049835,31.34036435296219,1.0793419972202976
27,test,high,F3,0.030079015162153007,120.11097855023553,0.9563899636268616,59.0507962652564,59.04726349397268,2.0340280935534985
27,test,high,FC5,0.032439673352455796,19.902547380244712,-0.24012035131454468,17.160070245587825,17.146931832768107,1.1598173606172755
27,test,high,T7,0.021323411538480434,12.914392031942082,0.1272134706377983,9.013876665656268,9.010422309298617,1.4327234009255032
27,test,high,P7,0.019664148447317085,13.692849967836658,0.1017468199133873,8.732875057983398,8.751931678285592,1.5679658619779477
27,test,high,O1,0.012091448474271337,15.870433764389523,0.1612854152917862,12.05212495908737,12.054382296647736,1.316816231018508
27,test,high,O2,0.0052201736133353025,19.337369843598005,0.21228314191102982,16.702926060278713,16.713089373838116,1.1577234895138686
27,test,high,P8,0.006942881611108361,21.748218810564,0.20512277632951736,18.253388435554502,18.246430304423363,1.1914620064843502
27,test,high,T8,-0.0006532719895723268,24.331665774711595,0.2556571364402771,20.585645508635043,20.57972937004932,1.1819724460185235
27,test,high,FC6,-0.009375380575924332,34.19718249623241,-0.035094086080789566,30.127284399410335,30.126387848511197,1.1350901077862077
27,test,high,F4,0.0010446700895979145,26.48439968576808,-0.0176978912204504,22.40443471498489,22.39365786247734,1.1821052404439538
27,test,high,F8,-0.034069023052263614,44.96035032130186,0.11453034728765488,40.925009027481074,40.981006410229725,1.0986033085810942
27,test,high,AF4,0.007660222015970617,52.044254193643745,-0.9277424812316895,32.75064836540222,32.7400899622686,1.58910607243499
27,test,low,AF3,0.00846081704805261,83.05685064653785,0.1107325628399849,16.822714546220002,16.839687341756516,4.9371848055996645
27,test,low,F7,0.0015346301399828204,43.95542770043088,-0.13046084344387054,10.334161417293547,10.33365364159541,4.253410211579851
27,test,low,F3,0.0065863211865800275,12.70038775732176,-0.020536395721137524,10.456525416171736,10.462695532502556,1.2145896702627181
27,test,low,FC5,0.003736106073708433,12.362460322164232,0.08035140484571457,10.122072725629806,10.121338450528675,1.2213368405130705
27,test,low,T7,0.004993779839952441,11.02148606503696,-0.03027716465294361,8.718002636529878,8.724398220619332,1.2642214650010661
27,test,low,P7,0.014460591409936791,18.172358857059447,-0.13012825697660446,8.383125774867832,8.383825145181326,2.167730670526168
27,test,low,O1,0.009376369397460695,11.394368126323027,-0.07291430234909058,9.576712092983723,9.565717914176924,1.1897995904743748
27,test,low,O2,0.01005622690191816,15.847281693782183,0.05757610499858856,11.949141457530855,11.935674852579059,1.3262276415511471
27,test,low,P8,0.005854622510420036,13.653200521357824,0.10510089248418808,11.825487089060246,11.861942360540777,1.1545571373536399
27,test,low,T8,0.007637094853487577,17.127465520778802,0.15489043295383453,12.286270963230729,12.29977236578781,1.3940328657927514
27,test,low,FC6,0.011848553278610239,27.389696353861694,0.15993966162204742,15.167529108962416,15.16602603129054,1.8058113590615932
27,test,low,F4,0.005988498990678341,13.781720145866464,0.13903041183948517,12.21009136161804,12.21418557474576,1.1287155630291825
27,test,low,F8,0.007559622065204306,15.005564240421288,0.41174137592315674,12.135671402478218,12.152917655509343,1.2364840594939817
27,test,low,AF4,0.003807308653879748,27.607152938067674,1.1768120527267456,25.230558957767485,25.456173319212148,1.0941950586302223
28,test,high,AF3,-6.975676276581637e-05,12.742866855153958,-1.0702667832374573,8.923997119903564,8.910787291134438,1.4279326499033722
28,test,high,F7,0.04259963239827984,54.53621789242349,0.8785588443279266,37.832228817540404,37.80451167327904,1.4415280198119997
28,test,high,F3,-0.014771663863088542,13.690468817138296,-0.7936017513275146,9.93385555729866,10.010000950676853,1.3781626618357214
28,test,high,FC5,-0.022375794977767476,17.254543092757828,-0.5904699563980103,11.565687660956382,11.556483622919284,1.491873514015597
28,test,high,T7,-0.0064003928918101045,28.442569354742176,0.03599681705236435,7.266721393346786,7.256910481039377,3.914085571077959
28,test,high,P7,-0.012516686317427672,11.638519860320686,0.07719788700342178,7.420729533720016,7.420411898172547,1.5683794709718102
28,test,high,O1,-0.005344850174531751,11.271860459544317,0.006373432464897633,8.237815200507827,8.229779525541923,1.3683070310741439
28,test,high,O2,-0.012231697829988846,13.96485540836869,0.09130977839231491,10.904257222826779,10.90663516848418,1.2806791992337552
28,test,high,P8,-0.01886555199553186,15.465392388377406,0.03583452105522156,11.904401284521818,11.907414209409676,1.2991323140698905
28,test,high,T8,-0.02124484660935564,20.3855605607487,0.23983803391456604,13.64679219598174,13.683588792873012,1.4937987087361946
28,test,high,FC6,-0.021159698714335397,43.1524972484891,-0.7450031638145447,18.412621619832514,18.400844067799063,2.343636780218678
28,test,high,F4,-0.02201800349698607,18.15564719176561,-0.6067155003547668,13.964590267574787,13.993770303860517,1.3001202931046454
28,test,high,F8,-0.024219532338544947,68.9106897118071,-1.3559030294418335,23.146325555777548,23.241356622739755,2.9771762064673077
28,test,high,AF4,-0.009371541055881264,26.518550943481607,-2.83358097076416,19.92289136753082,19.97369974078383,1.331059355505999
28,test,low,AF3,-0.009113234908254894,25.426478770761083,-2.497608184814453,13.039157465171813,13.163164953906241,1.9500093344739775
28,test,low,F7,-0.009324544934997903,56.30414000394438,-2.035406470298767,16.54111379098892,16.575710432365085,3.4038904946423325
28,test,low,F3,-0.005725982059547081,11.587338338624605,-0.8390912413597107,10.647497651159762,10.71592222062458,1.0882686916923126
28,test,low,FC5,-0.0032440408381170208,13.069583991447685,-0.7237555384635925,11.629634821236133,11.692193634338606,1.1238172300631617
28,test,low,T7,0.00029304824764384084,9.4435503403758,-0.031135762110352516,8.64823512611389,8.646906703555912,1.0919627187124463
28,test,low,P7,0.0029445208453989223,10.160647195243453,0.19202914834022522,9.347035592651366,9.347495898394518,1.0870448811847626
28,test,low,O1,0.0051718807478295815,12.662331514962895,0.10317955166101456,10.380515433575212,10.34854861698476,1.2198172235270008
28,test,low,O2,0.002790299482910733,9.728832091327865,0.03673567809164524,9.529689208096638,9.528546442890097,1.0208971015615107
28,test,low,P8,0.0025965992784704583,11.068605101759765,0.042655929923057556,10.683180621877312,10.69013731315279,1.0360776901116104
28,test,low,T8,0.00045385961588633535,12.042240924835168,-0.10312596708536148,11.60247761864662,11.590859375678672,1.037902534324375
28,test,low,FC6,-0.006383114012298909,15.700424531111159,-0.53631392121315,14.516177572149038,14.533710090914331,1.0815811843769558
28,test,low,F4,-0.014999972709525487,15.00112548939225,-0.8646371364593506,13.53858778181076,13.581965745511631,1.1080273460682823
28,test,low,F8,-0.009781545846680261,38.736737986208766,-2.14441180229187,18.067777117252348,18.176920065798523,2.143968111562561
28,test,low,AF4,-0.01582407936873121,35.45550166925506,-4.063970565795898,19.654354492378232,19.86400033033186,1.8039514695333472
29,train,high,AF3,0.003916654036853854,12.736431458831683,-0.31888240575790405,10.115834963285922,10.115682946212916,1.259058842404692
29,train,high,F7,-0.0005495126291235293,23.543885299187536,-0.15161700546741486,19.331120990368724,19.325643932492405,1.2179265398482437
29,train,high,F3,0.0044596230805542,12.745875942465709,-0.2596122622489929,10.851297516345976,10.859934907210501,1.1745946439368944
29,train,high,FC5,0.00174290658082659,6.941664554229377,-0.08073070272803307,4.856850978650898,4.852217334212861,1.4292521192728842
29,train,high,T7,-0.01045339986465454,23.533846195090764,0.19759038090705872,12.545394881182908,12.51592699733816,1.8758952123850368
29,train,high,P7,0.0005534272724303633,9.355610235234845,-0.034823350608348846,7.287572689394652,7.29216479477483,1.2837759064619327
29,train,high,O1,0.00012806386288920712,12.02830381528639,-0.03803957998752594,7.589897896805406,7.589350283985406,1.584778079867071
29,train,high,O2,-0.002202418572674228,13.661156772518005,0.037871481850743294,10.658851500149444,10.69065488825205,1.2816724927940377
29,train,high,P8,-0.0024297516641102425,8.509334464958084,0.018807921558618546,6.774406213548034,6.766587827186217,1.2561004162904186
29,train,high,T8,-0.006267578062380454,20.12085439645749,0.003587865619920194,16.965320654807822,16.97918394921531,1.1859990627854957
29,train,high,FC6,-0.007780686057782458,21.001341034880593,-0.24060063064098358,16.71148371887505,16.71710378422041,1.2567011635932896
29,train,high,F4,0.002043487686616597,14.5830502055916,-0.13192616403102875,11.276562356910109,11.271855316840782,1.293217715118236
29,train,high,F8,-0.02279845965254917,30.439758680000892,-0.5142433047294617,23.635024415016172,23.6499074479224,1.287908916254871
29,train,high,AF4,0.00044464343578338967,20.382771800150564,-0.4089584946632385,16.73073285856247,16.729261541119147,1.2182832618547879
29,train,low,AF3,-0.0013804485245944651,10.463499082744264,-0.03740163892507553,9.12703573409468,9.138557979846725,1.1464290693699304
29,train,low,F7,-0.03141679760802629,34.93180428207555,-0.6821705996990204,23.47387669801712,23.480869028813935,1.4881139886462085
29,train,low,F3,0.001179216248395868,9.881840823784486,0.026864600367844105,9.3384631169172,9.309698777166979,1.0581870592691986
29,train,low,FC5,-0.0018178618045320072,10.511800903809268,-0.04643116891384125,8.22129762109816,8.209091720976947,1.2786060532382424
29,train,low,T7,0.013399708177058526,13.014689877454027,0.25105810165405273,12.162098758506774,12.169682422861335,1.0701023019033542
29,train,low,P7,0.009268920880311508,10.852519779595447,0.03701755404472351,7.82848855074048,7.810369785667969,1.3862854507935545
29,train,low,O1,0.006692864446873697,8.869753173170746,0.14308421313762665,8.270412918922304,8.28670076832584,1.0724679964741761
29,train,low,O2,0.01303111388186282,10.311946001437908,0.08335039764642715,9.630689753817022,9.640254649168655,1.0707380535595468
29,train,low,P8,0.008303428316837485,8.470489513051216,0.04753331281244755,7.725712607860565,7.72807287056416,1.0964023570373138
29,train,low,T8,0.01431683463625644,19.33719464841577,-0.21900831162929535,17.862757151690126,17.898980735230218,1.0825425483985902
29,train,low,FC6,0.004990132282231735,14.2642142083612,0.17089451849460602,11.690354913559556,11.700178447522616,1.220169474223254
29,train,low,F4,0.003524082947279026,15.271732063529214,0.1765981689095497,14.257142797279357,14.258894591617796,1.0711635760878728
29,train,low,F8,0.004684035759288924,17.425658297729182,-0.03178486041724682,12.48039444346614,12.473288777141416,1.3962425928654871
29,train,low,AF4,0.0010238032200811937,11.915462056243028,-0.010873669758439064,10.523114344680682,10.536813842004277,1.13231327399442
30,train,high,AF3,-0.002267455506589121,16.808020749642573,-0.32581549882888794,13.742432538878917,13.715915807182476,1.223074641413793
30,train,high,F7,0.00238812296279428,17.62334050611717,-0.020242484286427498,15.735461761496587,15.738214714779865,1.119976062554457
30,train,high,F3,0.0007814510098400378,8.519934167745788,-0.09604638069868088,8.011989806990325,8.025473183928108,1.0633980288282807
30,train,high,FC5,0.0012721798098457814,10.37874763450691,-0.07380126416683197,9.68517430408895,9.68484113267654,1.0716118583560383
30,train,high,T7,0.0026963139647201337,6.789960240395123,-0.07575475797057152,6.151518858305365,6.1588849378038635,1.1037859749430465
30,train,high,P7,-0.0006463488716813241,6.429215528507959,0.023530256003141403,6.136925649666041,6.134109730363511,1.0476280625719858
30,train,high,O1,0.0007215956891378802,7.72397306221779,-0.03776882775127888,7.5497650818061075,7.546944915143714,1.0230746226570016
30,train,high,O2,-0.0014656854342013509,11.333070929634173,-0.23661766946315765,10.900520780029892,10.901706142722455,1.0396816040566363
30,train,high,P8,0.0016558278743538132,11.206323056460219,-0.03304227069020271,10.680022261476516,10.673756154048347,1.0492789979363715
30,train,high,T8,-0.001052397806126243,15.703721877601625,0.23468687385320663,13.919244816349446,13.886497142670153,1.1282021463661696
30,train,high,FC6,0.06860743200972802,85.17428936046464,-3.051083207130432,67.36893952767849,67.54212913202126,1.2642961275272981
30,train,high,F4,-0.00032160407404681156,14.745552954008476,0.0031961502972990274,12.826384923106943,12.81160686173379,1.149626573848109
30,train,high,F8,-0.013262717794839625,40.90026428701313,-0.02151767909526825,32.04359638655484,32.048716025497406,1.2763943158444742
30,train,high,AF4,-0.012684253158223894,49.277694972249655,-0.3411604166030884,19.780445361113546,19.75625156914419,2.4912328348847423
30,train,low,AF3,0.029124395347305702,48.41571568379563,0.023387331515550613,28.243229118347166,28.26520228403599,1.7142415083247036
30,train,low,F7,-0.06117474857450902,127.54257831097428,-4.758735179901123,104.05813314714432,104.04066901634674,1.2256858205463053
30,train,low,F3,-0.0003904070284085498,6.281428071818959,-0.0631280243396759,5.933976902085543,5.950098306360379,1.0585528348806517
30,train,low,FC5,-0.0010918986228449358,6.250018170202744,-0.07633398473262787,5.663521981510519,5.675128824716148,1.1035567956841936
30,train,low,T7,-0.0005222213182176998,5.663089144778366,0.011210454627871513,5.5480369303464885,5.548597840223603,1.020737463696856
30,train,low,P7,-0.0013554601812911043,20.089543685208675,-0.09833890944719315,6.330790794463455,6.331804242286088,3.173307148733746
30,train,low,O1,0.0005597858326649583,7.9854903593994635,0.10857422649860382,6.403601792764663,6.42573488827897,1.2470310643647695
30,train,low,O2,0.002651027829403107,7.50649539046335,0.04289831779897213,7.244527276060357,7.241698173879252,1.0361608293295643
30,train,low,P8,0.00421107527413492,9.995004744149965,-0.10942456871271133,8.56734988541454,8.566406587921662,1.1666390281510426
30,train,low,T8,0.0007195483967181546,18.026482599220838,-0.10134483873844147,10.454440930286049,10.442333101254203,1.7242894880202462
30,train,low,FC6,0.0006244509527715689,10.61692580162706,0.011356786359101534,8.516163628504705,8.522760788540738,1.246679404572598
30,train,low,F4,-0.008719540783806372,70.42819986277289,0.026212790980935097,10.216258928897604,10.21311396223426,6.893736773209654
30,train,low,F8,0.0023704299344629092,14.675207304388747,-0.2090858519077301,10.484521782964467,10.471665655974551,1.3997021140471488
30,train,low,AF4,0.004505510234197744,18.099554750475427,0.7886868119239807,17.384872530305383,17.413738482611723,1.0411094311404474
31,train,high,AF3,-0.0052062086781061966,64.6265904213706,-2.027186393737793,16.17359349746704,16.230933307452588,3.995808997641237
31,train,high,F7,0.0011050517366276984,115.343694252053,-1.2377798557281494,17.81922137131691,17.82745180349159,6.4729929466906135
31,train,high,F3,0.006056180913760359,24.261387130468997,-0.8366841673851013,14.747056830275058,14.764300446054333,1.6451680772438224
31,train,high,FC5,-0.003088702670974935,17.59427579924536,-0.6168239116668701,10.415188436365128,10.402221782195118,1.6892902040844604
31,train,high,T7,0.002517647267749195,18.35415843930299,-0.006254305597394705,8.24962419977188,8.26104266984627,2.224847822742098
31,train,high,P7,0.0020523239900062497,12.773787076999334,0.04482443258166313,6.541333621358871,6.552424759578493,1.9527802458034174
31,train,high,O1,0.002169551398195209,13.110366768812876,-0.04638144001364708,7.661968206670135,7.669047658933013,1.7110964722353756
31,train,high,O2,0.005319636529222678,38.844187240495195,-0.044305309653282166,11.591027360916137,11.588069754587092,3.351229018013897
31,train,high,P8,0.003204078068331394,16.059771848297963,0.1808338761329651,11.464604133188724,11.480352629371005,1.4008134656657487
31,train,high,T8,-0.0005691750731409991,18.290756386235717,0.23349690437316895,13.221849750709533,13.190291385636495,1.3833734863954394
31,train,high,FC6,-0.005395151980561988,31.428405093864317,-0.5939951539039612,17.259890084552765,17.283308143700555,1.8208925398657128
31,train,high,F4,-0.0019856350453898593,24.04082104687432,-0.9738536477088928,14.182286556208133,14.219961314841145,1.695130115415044
31,train,high,F8,-0.003998881063605065,54.25964409517387,-1.7848541140556335,28.17033318557739,28.209422940762508,1.9261271685261305
31,train,high,AF4,-0.008765545982031641,44.06906109757058,-1.8413184881210327,20.96609333860874,20.95296349323971,2.101920485893196
31,train,low,AF3,-0.012348230311065866,50.400685211377294,-7.216443777084351,33.8517992166996,34.00794482390204,1.4888628190407642
31,train,low,F7,-0.007432684789422665,25.415450966425965,-3.8633840084075928,18.674377434825896,18.72464495291968,1.3609798267774444
31,train,low,F3,-0.002434996391171636,17.888953227677337,-2.601592779159546,14.139790822649001,14.277663559627321,1.2651497785259282
31,train,low,FC5,-0.006910270526741196,22.528932406638567,-1.7633650302886963,12.09160613207817,12.17909209192727,1.8631877486375374
31,train,low,T7,0.000633297972952376,6.8118138159425765,0.017142651602625847,6.585898007412627,6.581624938082571,1.0343029619158501
31,train,low,P7,-0.0015825513390821569,6.686895342850489,-0.0004986333660781384,5.50590834519295,5.504539580235577,1.2144944891225125
31,train,low,O1,-0.000407695579033193,7.138702448318283,0.051124799996614456,7.0018317019231615,7.0037025270681195,1.019547848651879
31,train,low,O2,0.0024170608545208212,9.902683322310232,0.05590912885963917,9.710787442445755,9.706368527649243,1.019761103927134
31,train,low,P8,-0.002526597939880208,9.801347325080581,0.106693334877491,8.900624355983734,8.910963851668553,1.1011977287291432
31,train,low,T8,-0.0014396841656582331,10.347562528422749,0.06352300941944122,9.378155497983098,9.372501659605396,1.1033686241018434
31,train,low,FC6,-0.004552712166565237,16.59818623262691,-1.8104267716407776,13.916237292230129,14.02024112868256,1.192720839985547
31,train,low,F4,-0.006034142505974671,19.218910459588876,-2.365896224975586,15.73225186214447,15.754266700716352,1.2216248905748919
31,train,low,F8,-0.005426521690952615,27.343243144786488,-3.6956839561462402,20.756864471912383,20.823189203079938,1.3173108675342853
31,train,low,AF4,-0.009179994278239262,39.269096364989494,-5.819026470184326,29.586515116024017,29.67283759318607,1.3272633228683768
32,train,high,AF3,-0.0032728134002551284,29.981431471818308,-0.4902530014514923,10.73003323187828,10.73811229199635,2.7941601693036033
32,train,high,F7,-0.0031769354287720293,119.34287099304413,-0.5509940981864929,15.613608362209796,15.636911915354238,7.643516362424856
32,train,high,F3,-0.0009180260329452034,28.639544519084758,-0.27026572823524475,9.073790593010187,9.049748914872742,3.1562933071374446
32,train,high,FC5,-0.006022512568819907,23.040458535240102,-0.33456626534461975,9.396480068153142,9.397249296031411,2.452030799632043
32,train,high,T7,-0.00025281769123737194,10.59405730203772,-0.03161202371120453,6.445095832023024,6.438592171297858,1.6437392985532064
32,train,high,P7,0.0004586092098462187,14.4387351485007,0.011363088618963957,6.561073589955735,6.563981963229056,2.200666544969832
32,train,high,O1,0.0005270438896542335,8.786695784086803,0.11852465197443962,7.019842702739686,7.00554731070686,1.25169411284067
32,train,high,O2,0.0029479374662066,9.76349697262001,0.2386815845966339,8.075351793193816,8.076453491702974,1.2090491191788102
32,train,high,P8,0.002147470468527002,10.368856084176013,0.17170097678899765,8.955251027061045,8.96100427063418,1.157852086205437
32,train,high,T8,0.0011931657698659598,21.23738359020526,0.18305929005146027,11.713993052127957,11.713533069223187,1.8129926742911366
32,train,high,FC6,0.0009771226331966663,15.985041902433151,0.10554446280002594,10.996001725816726,10.993414582633548,1.453714022698179
32,train,high,F4,-0.00039097225616129634,10.968558130984954,-0.0671432688832283,8.976276975063978,8.964330024238514,1.2219496080006795
32,train,high,F8,-0.0004733127297480973,139.33872138159623,-0.08225611597299576,19.919780041980744,19.918716245443402,6.994992971204563
32,train,high,AF4,0.0007984767163929359,137.35599318460342,-0.2042454034090042,13.777701496866344,13.777488244737494,9.969441798099938
32,train,low,AF3,0.00010655526523965523,21.91682346508573,-1.6941727995872498,12.61881966329813,12.752863987893683,1.73683625330116
32,train,low,F7,0.000789213742444411,22.407486960258947,-1.5104809403419495,15.162396433639525,15.16242483264875,1.4778328121368303
32,train,low,F3,0.0026518827799900217,9.989935922313053,-0.6620728373527527,7.743661318981647,7.735179741352554,1.2900791383818953
32,train,low,FC5,-0.005814042999866836,20.94381314136427,-0.9992457628250122,15.476608324313164,15.58405810413403,1.3532560043186164
32,train,low,T7,0.0030284453926291512,23.15521801858531,-0.11548406630754471,11.083496456618606,11.08012559945889,2.0891618551254165
32,train,low,P7,-0.0012000473780001296,6.684932779327864,0.04872039332985878,6.171369675137847,6.168914247743283,1.0832170379063455
32,train,low,O1,-0.00208311846942608,8.355715964551633,0.16243373602628708,7.796437116765976,7.795178686980409,1.0717351835728846
32,train,low,O2,9.411521292300627e-05,8.90580633800485,0.17792169749736786,8.123946725177765,8.127869545220445,1.0962413515593281
32,train,low,P8,-0.004699522447628771,9.844356001157584,0.19603458046913147,8.835238799715041,8.833457488674336,1.1142150454920459
32,train,low,T8,0.0010752274609183439,21.954086113968547,0.0053046580869704485,14.418883175973175,14.418926479376362,1.5225926894637454
32,train,low,FC6,0.0003087870461451923,13.393633007723386,-0.29515235126018524,10.630204401281475,10.638673982415224,1.2599600630547405
32,train,low,F4,-0.0008578426252166703,14.89598832853968,-0.9766204953193665,11.466800300610064,11.479148518341042,1.2990536102514294
32,train,low,F8,0.0034266488343433054,22.543050137443746,-0.7905709743499756,14.688348764705657,14.67899325337562,1.5347572758901258
32,train,low,AF4,0.004450265289334139,32.99340599668891,-2.2027952671051025,18.12613055462837,18.349250039849306,1.8202123115716105
33,train,high,AF3,0.11446370665347666,92.41686110176465,-0.5951616764068604,11.33590326104164,11.330557717845739,8.15258025528286
33,train,high,F7,0.11679891085584831,163.40084580289107,0.15924914181232452,14.03217130639851,14.091357732367038,11.64472997335645
33,train,high,F3,0.02941883203128309,61.04698866400657,-0.26259544491767883,9.473775626277924,9.478385223999476,6.443786624487626
33,train,high,FC5,0.12045119800619644,160.63491706201427,-0.12415967881679535,9.147798549833894,9.16180211230505,17.55995348902071
33,train,high,T7,0.035176157154416396,485.3679486327845,-0.03891642764210701,17.338511438912896,17.370027820652197,27.99363430608415
33,train,high,P7,0.027463579675663763,91.01769934493767,-0.027488693594932556,5.5778615988403555,5.582866976224024,16.317669008470983
33,train,high,O1,-0.10537038239206478,102.68077470135829,0.19993433356285095,11.5186713237226,11.554650769046363,8.914289835659098
33,train,high,O2,-0.016945416440883897,86.5965386674561,0.2444932982325554,11.156286323480307,11.206102600974273,7.762129453884571
33,train,high,P8,0.005310030281817502,134.5780363525601,-0.06198913976550102,11.75322904850319,11.748387779988034,11.450303214306798
33,train,high,T8,-0.08500152216288677,249.80771338127118,-0.21581634879112244,17.60846763873696,17.5772003105961,14.186794586924638
33,train,high,FC6,-0.08468339568194219,202.82106088866863,-0.7710993885993958,19.727385189163684,19.739860777858453,10.281193323080592
33,train,high,F4,0.02069723252654629,165.39703950392843,-0.31750908493995667,14.036221848767996,14.037225580462886,11.783586871594357
33,train,high,F8,-0.09052716385610278,229.5922526636404,-1.0186492204666138,21.4804249322176,21.504891546149004,10.68844091251121
33,train,high,AF4,0.0020839249602517696,99.9250770038769,-1.0111563205718994,15.797670291996,15.789131662242937,6.325304627638964
33,train,low,AF3,-0.0006835445606685115,13.18383924754146,-0.20616991817951202,7.359710397836565,7.371674828214766,1.7913529928320189
33,train,low,F7,-0.00011837128498947045,10.504415448571129,-0.12848804146051407,5.754357401798665,5.760653978634799,1.8254715018722536
33,train,low,F3,0.0014459800982612669,8.256947673648039,-0.1237732544541359,7.05755314836502,7.08003853585121,1.1699448094926321
33,train,low,FC5,-0.00020750907922058867,7.106905837004007,-0.024629026651382446,5.849245949274302,5.859685173911285,1.2150123107553272
33,train,low,T7,-0.02270806982736807,98.03260922181445,-0.26475438475608826,51.037685078054665,51.12280820898872,1.9207887088116935
33,train,low,P7,-0.004071145000558637,12.970229743007062,0.0899372436106205,5.62620058965683,5.629797968005498,2.3053265763135866
33,train,low,O1,-0.0018121697210508377,31.829682291221626,-0.5259319543838501,8.79293208925724,8.796293175247,3.619916765888539
33,train,low,O2,-0.0015251593390284805,8.987019162457665,0.06138867512345314,7.49056001041308,7.492322494048733,1.1997793422606944
33,train,low,P8,-0.013140254106588145,10.543437293463159,-0.0033572203246876597,7.8727550834655755,7.874118035771036,1.3392309530378472
33,train,low,T8,-0.039800002320153245,17.14978837990306,0.05571466684341431,10.820469960558414,10.804329208306157,1.5849393272580194
33,train,low,FC6,-0.05158809897012066,19.890209885369043,-0.01918981596827507,9.135304594510048,9.141899021225033,2.1772902785663284
33,train,low,F4,-0.002060916187190287,11.94703873486665,-0.03166328743100166,8.286153980065137,8.291296467593726,1.4418074734803246
33,train,low,F8,-0.07098314194409086,25.540002907553134,-0.29803556203842163,10.330055135643482,10.334473349060104,2.4723975402055967
33,train,low,AF4,0.0013600321536288804,11.466653855816855,-0.19503147900104523,8.697641646766662,8.707479691841232,1.318363565838513
34,validation,high,AF3,0.005083487530666045,14.087926188341442,-0.45167413353919983,10.473081069177388,10.464876735537382,1.3451558424199215
34,validation,high,F7,0.007160916136557704,44.66732354738248,-0.25168806314468384,12.229549606454372,12.205360199099033,3.6524095314032228
34,validation,high,F3,0.0023491023442568657,13.35147561627957,0.0031177072087302804,10.225161316365957,10.215703605103263,1.3057471861015795
34,validation,high,FC5,0.0015741640275055064,7.15242279978026,-0.15911650657653809,5.1668357474327085,5.177360185435121,1.3842945952625159
34,validation,high,T7,0.0064627841945245155,463.00723147499235,0.12318512797355652,21.57645874185562,21.533537830044555,21.458907460880802
34,validation,high,P7,-0.008462840744808726,13.212687186146685,0.13594622164964676,8.69889571430236,8.69879252474073,1.5188924686639176
34,validation,high,O1,-0.010747851385190188,13.643300088802128,-0.00461616856046021,10.05391885516676,10.071080379613335,1.357013149334378
34,validation,high,O2,-0.008452048339821688,12.238012716421087,0.1894892081618309,9.91267353710085,9.899483158289724,1.2345824434363775
34,validation,high,P8,-0.002599225492506751,22.46343724969928,-0.21164286136627197,13.557870612502096,13.547326477480606,1.6568558508727105
34,validation,high,T8,-0.0038681223500775775,21.055383585492,0.07030078023672104,12.85263446830362,12.856830571473662,1.638215389803351
34,validation,high,FC6,-0.00034694114646225825,52.618679724628606,-0.39436769485473633,14.500109680652617,14.501512271550252,3.628847014504814
34,validation,high,F4,0.006610086970537137,14.493365077449328,-0.3176504969596863,11.519125412178038,11.524044822285669,1.258200128815936
34,validation,high,F8,0.0026263732157543484,54.61387194780978,-0.5590894222259521,15.901017059898376,15.899736674473496,3.4346150150070223
34,validation,high,AF4,0.006326895376633803,15.629034975072,-0.40415263175964355,12.068170448827743,12.058501777337868,1.2950624986068329
34,validation,low,AF3,0.004616255897945922,16.188145212912666,-0.1526457816362381,8.189652600046992,8.184943047163662,1.9766583521283647
34,validation,low,F7,0.001592243572565314,14.584787616870416,-0.21037867665290833,6.707980461341142,6.713001793450652,2.1742442007582183
34,validation,low,F3,-0.0017288597079420248,17.977717542767692,0.10577849298715591,10.616171921409666,10.606113940013437,1.693427506247518
34,validation,low,FC5,-0.0030300302400282694,17.21198153470971,-0.0007915031746961176,5.224691309094429,5.216497593760225,3.294353774499451
34,validation,low,T7,0.0016958616067524273,17.545633260866513,0.15403762459754944,8.231833803230524,8.246436218052462,2.1314367709878757
34,validation,low,P7,-0.001478596477783016,13.726150244477504,0.06598342955112457,7.731960201349854,7.731648972513413,1.77524843468299
34,validation,low,O1,0.007886850877651808,26.57744694437966,0.8151721954345703,12.84563174343109,12.857707895288828,2.068987144830043
34,validation,low,O2,0.0023793179607379,14.145103032564434,0.05910969153046608,8.925893536806106,8.929866874898426,1.58472683706531
34,validation,low,P8,0.004667400095801643,17.41569799160876,0.11502622812986374,10.312849095757304,10.309519813712921,1.688737790100464
34,validation,low,T8,0.008917986930414004,15.929103123655679,0.1400754302740097,11.367955357789993,11.38816549656036,1.4012285078811573
34,validation,low,FC6,0.005571086697414471,21.474946138800888,-0.06715767085552216,10.612437952968477,10.599509179813055,2.0235638817368997
34,validation,low,F4,0.005226342724494611,13.913915704645966,-0.08400709182024002,9.053123492860793,9.035017333090792,1.5369188010765948
34,validation,low,F8,0.007274435060758827,39.83434019494463,-0.07153572142124176,10.922542501553892,10.907374548859027,3.6469842245317525
34,validation,low,AF4,0.006520134306706618,14.854195389397239,-0.20952879637479782,9.065966647155582,9.067084278505408,1.6384568758652664
35,validation,high,AF3,-0.0016386503031348234,25.15296949919468,-0.14234793186187744,9.245450919485092,9.245432333384203,2.7205779056361616
35,validation,high,F7,-0.00725945527505541,25.13577082645453,-0.0719507485628128,8.320077700451016,8.313920428966751,3.021098087232042
35,validation,high,F3,0.006971761225439404,100.71681560214219,-0.2507745921611786,18.479415172863007,18.48716573241554,5.450216614541172
35,validation,high,FC5,0.001299817337747152,24.126243545597436,-0.002811130485497415,7.570649071417772,7.577390737936531,3.1868130880195804
35,validation,high,T7,0.0022681664190590586,26.598603970939934,0.045721255242824554,6.422071444129943,6.423918029129108,4.141748375479726
35,validation,high,P7,0.0014711556641686544,22.931692539898545,0.0511760413646698,6.771742398422956,6.78421321668123,3.38637992863388
35,validation,high,O1,-0.0003462731616045366,25.337986225708097,0.16512098163366318,10.325950234772264,10.347179698449228,2.4538164187914973
35,validation,high,O2,0.0037091653015587276,21.164382401342912,0.08976767212152481,7.432797353075444,7.43031758039063,2.847431645985316
35,validation,high,P8,0.00416999367894431,24.26369025621403,0.14491207897663116,8.678355568483472,8.678070433145104,2.795885702624428
35,validation,high,T8,0.005979750129267199,28.68025305179969,0.1849018931388855,10.66457415189743,10.650800191711019,2.689301292606881
35,validation,high,FC6,0.0044952531751720455,28.282182680051502,-0.02737344801425934,11.089324171829222,11.082877575511663,2.550397322850222
35,validation,high,F4,0.0005420422696961641,27.933825932323085,0.08508923649787903,10.62922020421028,10.65218943503276,2.628022131036327
35,validation,high,F8,0.008942082090876234,27.025651629823525,-0.06921312212944031,12.013950599384307,12.01180443222917,2.2495224536056058
35,validation,high,AF4,0.00018052212116394052,23.03500343988717,-0.1846565380692482,9.779965479040145,9.776910028252626,2.3553256388536803
35,validation,low,AF3,0.008082738564020338,9.694914686867683,-0.3851069509983063,8.293945433431864,8.277602333594817,1.1689146938185397
35,validation,low,F7,0.002495021224726893,8.460480432772638,-0.21170780807733536,6.906979093359411,6.896851679587735,1.2249176258412036
35,validation,low,F3,0.0029579811221820645,7.588489961398119,-0.16241805255413055,7.204433376932144,7.204788892334528,1.0533083678302426
35,validation,low,FC5,0.0026032796380915184,7.027693824543764,-0.0481884628534317,6.165595616993308,6.165738367345088,1.1398239944855262
35,validation,low,T7,-0.0010775276700477712,6.002690152549263,0.06416775286197662,5.093041247972846,5.103447023721162,1.1786062315789174
35,validation,low,P7,-0.0022640025763332626,6.543898872437204,0.06919245421886444,5.980108104845881,5.97756566428714,1.0942776882468839
35,validation,low,O1,-0.0006461325309201866,8.430234218880866,-0.09167690575122833,6.706323592999577,6.706271903262128,1.2570574774651198
35,validation,low,O2,0.0003872597770605107,6.1633546104738,-0.06264346837997437,5.967755082857608,5.9784439601573,1.0327760648519326
35,validation,low,P8,0.003115063500905996,9.617570084289376,0.03190139401704073,8.89562267376948,8.897000988648502,1.0811576026767302
35,validation,low,T8,0.0008738420239859695,16.140875195069437,0.05672523379325867,8.008212316399812,8.022298098847635,2.0155403674818855
35,validation,low,FC6,0.0023382356011561693,9.266524384220684,0.009200601605698466,8.582133109589991,8.569448501468147,1.079746056824256
35,validation,low,F4,-0.010369239762472237,12.517607310371682,-0.19727586209774017,8.894912460502981,8.904280885225583,1.4072771784944411
35,validation,low,F8,0.0030859359422986225,10.586430966550113,-0.21924522519111633,9.356304131430386,9.338481767341948,1.1314757213788502
35,validation,low,AF4,0.004815666710463709,10.059375590398156,-0.47512201964855194,8.70935884771049,8.686133806046245,1.1550075919816483
36,train,high,AF3,0.001998486473697798,25.049225006547488,-1.9058988690376282,14.356357656276225,14.382868187793367,1.7448175648923472
36,train,high,F7,-0.01259640605247581,49.28773676785616,-1.3725899457931519,18.96130601913929,19.049628033648606,2.599385122422779
36,train,high,F3,-0.0005845905434290904,12.382697650415668,-0.7197512984275818,8.536022388267517,8.522813456247611,1.4506402498938242
36,train,high,FC5,-0.005215299787538685,13.721788482240138,-0.6201427578926086,10.655317498862743,10.675705301045841,1.28778785650495
36,train,high,T7,-0.005774306398948291,36.08557112804253,-0.08221768587827682,7.724548257811367,7.721931338752085,4.6715445257981765
36,train,high,P7,-0.0016431980252245675,7.612330989754329,0.1340460181236267,5.791959180128574,5.797550888570527,1.314292928008057
36,train,high,O1,-0.008254802316913983,13.9122115028631,0.002320187631994486,9.972455001507047,9.968886029022194,1.395063853460424
36,train,high,O2,-0.001825922782377593,10.920392890593451,0.24345383048057556,10.149672749519347,10.1626030686522,1.0759354670928285
36,train,high,P8,0.0030590966434798444,13.124757615974028,0.17531292140483856,12.035304399517178,12.040976332769825,1.090521450915737
36,train,high,T8,0.00801876634294466,33.01470201371447,-0.042583927512168884,16.739640539073942,16.750349125392002,1.9722467717661567
36,train,high,FC6,0.010474871832905814,26.2754217954603,-0.8687836825847626,21.912989806956052,21.9001048931464,1.1990797251737615
36,train,high,F4,0.009134676081952715,32.57254420684069,-0.8253088593482971,14.569617248404025,14.562349305319026,2.23564858647256
36,train,high,F8,0.013009810443199476,43.418274170956714,-2.052616596221924,33.825541000556946,33.82114130448553,1.283594375334361
36,train,high,AF4,-0.011839196508992393,41.69800530254884,-1.546186923980713,25.09796106376648,25.104848962081107,1.6614100721810259
36,train,low,AF3,-0.004896264813144601,24.576504019226242,-2.5764636993408203,14.16263619532585,14.279855985478882,1.7353057495988862
36,train,low,F7,-0.007068415624186511,22.748715580839338,-1.586613416671753,14.491865480947494,14.494218147622824,1.5697575726704855
36,train,low,F3,-0.0014272305314155138,14.7001935856318,-1.0992870926856995,7.635855938851833,7.677494374975794,1.9251533427753742
36,train,low,FC5,-0.00536575286461867,13.713612464828719,-1.0032533407211304,8.432435784602164,8.429625195163192,1.6262931393880418
36,train,low,T7,0.002490505549897802,12.869934857342892,-0.20445258170366287,6.149477962227166,6.146873165891293,2.0928499844044923
36,train,low,P7,-0.0004924369425010367,6.807924564069311,0.23617371171712875,5.1988584501609205,5.191401122144808,1.3095037361247228
36,train,low,O1,-0.0007173646126737957,6.579849778621577,0.20094071328639984,6.163858133259415,6.161575586023465,1.067488841626241
36,train,low,O2,-0.004087008334809101,8.247683284970755,0.19585658609867096,7.404495992946624,7.410200372106328,1.113875041978189
36,train,low,P8,-0.006393288865922386,9.67690034739561,0.26736198365688324,8.610665414991974,8.610618388414206,1.123827239942133
36,train,low,T8,-0.0018933088764953063,11.315279638975063,0.14712412655353546,9.290577047798037,9.297136645391307,1.2179307679986253
36,train,low,FC6,-0.0026398928596889264,16.353136297459322,-0.9209610223770142,11.861717809224128,11.841044238622848,1.3786482329517646
36,train,low,F4,-0.011092529217800243,19.8139215393728,-1.1773095726966858,12.773485805547237,12.780894695872991,1.5511757589903972
36,train,low,F8,-0.004739830011239697,29.47970793696266,-1.7042399644851685,19.108761888885496,19.12798733071454,1.5427324966621394
36,train,low,AF4,-0.010442436571129537,34.02701042314166,-3.6259572505950928,20.1682725151062,20.30805714312441,1.6871554268049063
37,train,high,AF3,-0.004590643876400537,13.88079066857114,-0.1541905403137207,11.734158233642578,11.736990081724898,1.1829387666491518
37,train,high,F7,-0.005786804704641597,19.749027482123502,0.16768807917833328,13.13694145066291,13.132097457761319,1.50332005027905
37,train,high,F3,-0.004427051624398283,38.3335526531654,0.08853435516357422,11.325013621616362,11.339546133625323,3.384857090149287
37,train,high,FC5,-0.0016021153604854719,11.200507447220298,0.18358587473630905,10.701733318805694,10.70661877065875,1.0466068545679539
37,train,high,T7,0.0029961049605884836,11.556447008571219,0.3045124113559723,11.081551292699574,11.08093001914961,1.042854624170219
37,train,high,P7,0.002113933377366671,10.935226242027253,0.22824041545391083,9.789499768039583,9.797541718733939,1.1170362634593647
37,train,high,O1,0.002981798581667799,9.093497613078522,0.08806449919939041,8.316814975261687,8.321761112905945,1.0933870285833065
37,train,high,O2,0.007458644509648132,12.748974268747487,0.18601584434509277,11.912998654317855,11.922092416535667,1.0701733995518108
37,train,high,P8,0.007355245862722338,12.740582225760727,0.22618623077869415,12.029050598046183,12.048758781778098,1.0591511043963948
37,train,high,T8,-0.002389775366620253,17.264351592414133,-0.2663991153240204,16.317080279749632,16.346686146186848,1.0580539714473376
37,train,high,FC6,0.002721179286097779,15.43233240465777,0.03090368304401636,14.293006815719604,14.29555272949988,1.0797121000239867
37,train,high,F4,0.008601706363311383,16.391898139902057,-0.09482372179627419,15.871648578643798,15.866938125123971,1.0327785458883134
37,train,high,F8,0.004170208855560679,19.851820067216046,0.036373233422636986,17.3417072708901,17.319107338443697,1.1447442721247774
37,train,high,AF4,0.006836925811672404,21.61104589678065,-0.2672506421804428,17.253215532150865,17.215278963409943,1.2525807642354605
37,train,low,AF3,-0.0019288012947450207,35.47931501655283,0.6621991991996765,32.018782288348675,32.01967915223209,1.1080782116271615
37,train,low,F7,-0.007635751298629337,36.576275978137666,0.9039552211761475,33.0102687230587,33.01286838777512,1.1080272107142224
37,train,low,F3,-0.007666625677880015,33.39949350293375,0.9422866404056549,30.563531209319827,30.64544718737422,1.092789091489178
37,train,low,FC5,-0.009684717965806281,35.609663469615896,1.06028813123703,32.39704031352996,32.42576378552979,1.0991640941578311
37,train,low,T7,-0.010502683096178403,36.35949831893475,1.2291517853736877,33.598916883087156,33.603471681044844,1.0821628103505085
37,train,low,P7,-0.002175726436407048,35.691793444638115,1.206559181213379,31.43519179973602,31.467501016083784,1.1354088014483767
37,train,low,O1,-0.0008970558767041562,32.160315009634,1.0129494667053223,28.45224077196121,28.537477715268146,1.130326263839542
37,train,low,O2,-0.01191064315805085,34.009609664614665,1.4040170311927795,31.277295386123654,31.283086631101888,1.0873577540756039
37,train,low,P8,-0.007339341354607412,35.65923239305237,1.4675408601760864,32.816842152285574,32.86471695613649,1.086613764590047
37,train,low,T8,-0.005264479973325129,36.33843317576986,1.4645050764083862,33.60479153373241,33.72486862454085,1.0813467817318083
37,train,low,FC6,-0.002896010385932862,36.12995365298474,1.0113686323165894,33.16618300101757,33.21773445632742,1.0893612222991182
37,train,low,F4,-0.002878747886935909,36.890648492315705,0.9260217845439911,34.04492334167361,34.00909997870782,1.0835873566840641
37,train,low,F8,-0.00254779119555875,37.720999745769134,1.0646188259124756,34.46388906912804,34.55593110544758,1.0945079259658697
37,train,low,AF4,-0.001071118499984968,47.33095025615354,0.8157885074615479,34.56847725663185,34.60334476671721,1.3691939597100202
38,test,high,AF3,0.0029243411049105204,16.088652004198227,-0.46827858686447144,9.804392406857014,9.80300245857663,1.6409636963271805
38,test,high,F7,0.0020059625979880562,17.987183689452248,-0.32665789127349854,12.100439228439331,12.106648898283758,1.4864901471656882
38,test,high,F3,-0.15470871445781872,422.3809069595867,11.0924654006958,331.4458742540359,330.70934852730176,1.274358620122252
38,test,high,FC5,0.003420099920787713,15.2213376802844,-0.3052920401096344,9.799034763997792,9.810784023898544,1.5533507173796806
38,test,high,T7,0.0024666050826034408,12.150044493189904,-0.04423091001808643,6.078040521301701,6.072342351598153,1.9990068263953915
38,test,high,P7,0.002937925534241701,10.102254753904333,-0.008721628226339817,4.768399673258699,4.766871436071714,2.1185838952548424
38,test,high,O1,-0.000990365736845126,11.90968753839308,-0.06524325907230377,7.07156014458239,7.060229910842748,1.6841669016302205
38,test,high,O2,-0.004368743645993372,12.54363319656019,0.07915253937244415,7.9605819191962475,7.949190373063706,1.575718122605122
38,test,high,P8,-0.00021769402879255194,18.090713768996608,0.10013411194086075,10.25868649892807,10.261851562403855,1.7634532228747712
38,test,high,T8,0.0011773871672406476,16.19903204344106,0.11960155516862869,10.431819188551604,10.436270482633802,1.5528482377473225
38,test,high,FC6,0.008260716968846749,17.215280942353086,-0.2867167294025421,12.90364022911191,12.899847186168447,1.334141423403427
38,test,high,F4,0.004169200694646505,17.2916984501033,-0.3413315415382385,12.787385498678683,12.777774399346647,1.352246591133899
38,test,high,F8,0.001152818292230468,23.0120111606918,-0.6378807425498962,17.776647165334225,17.785706106515352,1.2945079545465086
38,test,high,AF4,-0.0023182489300251218,26.475598566855,-0.676418662071228,13.862643366408347,13.858990814175051,1.9098521015847587
38,test,low,AF3,-0.002745999529107959,31.609370183387544,-0.052805354818701744,5.7050862306118,5.708820648419583,5.540559582391768
38,test,low,F7,-0.0005584598007661387,39.29519105828911,-0.1690511256456375,7.125358204749226,7.117652027053777,5.51483727963289
38,test,low,F3,-0.002157108968239717,80.7061034839004,-0.20166294276714325,60.02250482139587,60.1527784558205,1.3445973926621533
38,test,low,FC5,0.002832397049271119,40.79100377090139,-0.06267202645540237,7.889930646800995,7.886250077396786,5.170007899554893
38,test,low,T7,-0.0010856823639119899,39.12240433131521,0.0591406524181366,5.229034024268389,5.228401379199979,7.481765111824637
38,test,low,P7,-0.0035212961691015792,14.178179522209275,-0.02629171498119831,4.688411807637289,4.6840182845905325,3.024090055210898
38,test,low,O1,-0.005897257482577307,38.077225110123614,0.06825891509652138,5.636542032263428,5.635580369682114,6.755422897970159
38,test,low,O2,-0.0018841424380421027,43.13280696286766,-0.0009450740762986243,7.432564402479899,7.444730593240906,5.803220076838656
38,test,low,P8,-0.0045118635234266055,44.90928211018364,-0.011764260940253735,8.017725856435485,8.01362286151295,5.60124939594148
38,test,low,T8,-1.2510670425679047e-05,42.86878678828227,0.06711366027593613,8.042669829319417,8.036790908575941,5.330168675084091
38,test,low,FC6,-0.001695135851144408,43.067906386661214,0.03298873268067837,8.384919575047865,8.37996555664877,5.13635294902818
38,test,low,F4,-0.0047819793810319694,48.46697172612703,0.11680202186107635,10.019788229557872,10.000801422226598,4.8371253579144415
38,test,low,F8,-0.005500818062111842,44.04716917726915,0.1518019735813141,9.412497986501455,9.423168258723548,4.67964712878957
38,test,low,AF4,-0.004771879313208243,41.45046623040178,0.05388988181948662,9.121056028271466,9.10829066169801,4.54448104494947
39,validation,high,AF3,-0.0045976876038096364,14.341274830078131,-0.4256298840045929,11.202618600779772,11.207104612934405,1.2801716581764098
39,validation,high,F7,0.0003187071798912392,29.429552097483505,-0.23798346519470215,9.859347051572799,9.857001527315427,2.9849392605353917
39,validation,high,F3,0.004282818053635876,48.654841352942945,-0.10229475051164627,7.888863591952622,7.900739970960116,6.167534878227002
39,validation,high,FC5,0.00737407463664512,11.997973006725434,-0.11173544824123383,9.047999654522538,9.041963107856315,1.3260359709152272
39,validation,high,T7,0.003367334735410867,14.256478705568336,-0.06232687830924988,6.33806216366887,6.3405386866066875,2.249343464519727
39,validation,high,P7,-0.0005442197211831737,6.583524958484878,-0.03244395926594734,5.500523882775753,5.507042533472965,1.1968905323909993
39,validation,high,O1,0.006632862264938839,8.184563111942152,0.004428504034876823,6.561841608838364,6.557471757468866,1.2472966584438872
39,validation,high,O2,0.004135549759497907,10.5299707819491,-0.13988937437534332,8.723089842805265,8.716753980157286,1.2071377197420632
39,validation,high,P8,-0.0002935839243244155,11.673295636893537,-0.1063917875289917,10.053676408696173,10.05534439991809,1.1610972108468136
39,validation,high,T8,-0.0011431595932468843,12.424336600615552,-0.05589335411787033,10.649772103218734,10.673555115402143,1.166629340064515
39,validation,high,FC6,-0.006661734652004802,15.944913847121446,-0.4196522533893585,13.652639717084169,13.6412301710396,1.1678997012694072
39,validation,high,F4,-0.0016343516806193441,12.4258322659077,-0.10641711205244064,10.41433751206845,10.420277350208687,1.1931466837432787
39,validation,high,F8,-0.004253781247438678,21.175934155876742,-0.6701509654521942,15.694468450641631,15.676210684808119,1.3492609974319336
39,validation,high,AF4,-0.0021200228025946132,14.925759292431838,-0.5095485746860504,11.335091893297433,11.357603469011606,1.316774441083941
39,validation,low,AF3,0.0076914761664775635,16.436087009380106,-0.3981543481349945,13.416924993520974,13.405197898576311,1.2250263765592402
39,validation,low,F7,0.0029898450442721477,12.625513783944335,-0.3813704401254654,9.658085278835893,9.655203441057141,1.3072481158984042
39,validation,low,F3,0.006793828288639791,9.816319740066207,-0.11516927182674408,8.58137735029757,8.588917702546908,1.1439095776071209
39,validation,low,FC5,0.001960125816723164,9.65443371425615,-0.11461563035845757,8.90314035044834,8.898192816438103,1.0843852095143012
39,validation,low,T7,0.0034433306054011525,6.517710830712093,0.07638828456401825,6.2663360930174585,6.2622009514878645,1.0401151061742029
39,validation,low,P7,0.003469426111315762,6.4663033079408505,0.04543039761483669,6.154650539297237,6.148280348046079,1.0506369560145976
39,validation,low,O1,0.0020236708174657856,9.679232546604688,-0.05373275652527809,7.169099395307153,7.166769789094126,1.350132284808417
39,validation,low,O2,0.0037161585506461,8.754891633628636,-0.011068067513406277,8.321637791383825,8.31032400223129,1.0520635304138568
39,validation,low,P8,0.0028245472594390602,11.303998358831084,0.09697416424751282,9.093039047831297,9.107503120416707,1.2431485556555597
39,validation,low,T8,0.005907961024707956,11.613686036559253,-0.0689985379576683,10.189732159553468,10.201824780655755,1.1397439947104737
39,validation,low,FC6,0.011253070478782216,13.753491461037223,-0.0019952498842030764,11.750185453952803,11.747977130937965,1.170491437342421
39,validation,low,F4,0.009112238641846857,11.902503216997088,-0.4068448394536972,10.90843072079122,10.899287051320341,1.0911288270191961
39,validation,low,F8,0.009935421731222811,18.826676961038835,-0.32964301109313965,13.982033679914474,13.980780644625359,1.3464906030146249
39,validation,low,AF4,0.015254260651938632,18.315452138770606,-0.5461972951889038,13.609013423895835,13.612667660610688,1.3458324691348174
40,train,high,AF3,-0.05741893712289508,103.11935633427629,-1.7828977704048157,101.35342156180143,101.26611866537424,1.0174235338606508
40,train,high,F7,-0.0006805107086251696,13.648237882122746,-0.29445505142211914,11.939565811443329,11.92335007895886,1.1431100676242147
40,train,high,F3,0.0016790989778760253,10.407439428937666,-0.06524431705474854,9.47984628124237,9.477050504125959,1.0978489650755952
40,train,high,FC5,0.0036011287816385498,9.343829238720295,-0.03883856162428856,8.352646827077866,8.351578723067615,1.1186668647870017
40,train,high,T7,-0.0034542369144925007,7.573624878665831,0.020439153537154198,6.649960319125279,6.651413891384387,1.1388977550563864
40,train,high,P7,-5.5928997093624765e-05,7.626138975388249,0.01597410347312689,6.653244221319817,6.651509241142302,1.1462286249692841
40,train,high,O1,0.005601034070524735,9.2809766086082,0.0459683183580637,8.294800243240221,8.28961428224466,1.1188909119507313
40,train,high,O2,0.0023409162331978913,10.664423509323942,0.08658803254365921,9.66790386467725,9.677502382588086,1.1030750469383117
40,train,high,P8,0.00314249284562453,9.565171665239369,-0.021216902881860733,8.971046336243301,8.976205531714845,1.0662269825310993
40,train,high,T8,-0.0012430652699644933,12.447461714735192,-0.0410613939166069,11.66852312092781,11.665276989749488,1.0667555427310536
40,train,high,FC6,-0.0002836554892484388,13.796616122493884,-0.09888234734535217,12.663381086200475,12.656699824633645,1.089489136319866
40,train,high,F4,-0.00016104877931866213,12.968529785085755,-0.24552315473556519,11.736119779121875,11.740291799060321,1.1050100057905248
40,train,high,F8,-0.0103950289717132,18.745029979510523,-0.26761579513549805,16.465653011798857,16.418108151876282,1.1384322241017908
40,train,high,AF4,-0.0004555064972510696,14.807367699447333,-0.3121166527271271,12.984739313793181,12.981334909675208,1.140366960137432
40,train,low,AF3,-0.11581730310098391,282.12007310904437,0.570404589176178,266.60069040527344,266.45923668230085,1.0582120874487575
40,train,low,F7,-0.011312830211427599,11.293946028561994,-0.04367196373641491,9.28251641435623,9.274760027829588,1.21669012199051
40,train,low,F3,-0.006267749488387922,10.927917806305194,-0.03721105679869652,8.722357461134344,8.729152453219653,1.2528628705024452
40,train,low,FC5,-0.005670167223146367,10.354902724629797,-0.2149796411395073,9.00748046722412,8.994712928562716,1.1495892511017478
40,train,low,T7,0.0004921046446677748,5.318945433115682,0.0789719969034195,4.328676916909218,4.327245205751254,1.228769329570002
40,train,low,P7,-4.4078854527813324e-05,9.06626913245963,0.15355075895786285,6.81515501332283,6.80169951394366,1.3303100391313383
40,train,low,O1,0.00045621160225781186,10.557735492136535,0.07336368039250374,8.598807750177382,8.596761037545173,1.2278138782575692
40,train,low,O2,-0.0007773513877468973,10.866878611941457,0.06843774020671844,9.304171511480211,9.294638110585705,1.1679576841992925
40,train,low,P8,0.0012434980514916254,10.447416360261201,0.05991229973733425,8.730990872019902,8.727671394885427,1.196589999165147
40,train,low,T8,0.000548118225373634,11.162628190273846,0.03989984095096588,9.732889116588234,9.723012583444877,1.1468977049423936
40,train,low,FC6,-0.008577694291021986,11.540593178877392,-0.038167523220181465,9.79716713081114,9.793975425703248,1.1779520574456004
40,train,low,F4,-0.011230116334900231,12.318282761366072,-0.22408229857683182,10.436554751877486,10.4390084080735,1.1803016468772967
40,train,low,F8,-0.011950407905334106,13.478841508007962,-0.22325178235769272,11.199670947231352,11.194582070307524,1.203503350367632
40,train,low,AF4,-0.01452430134335176,12.702002536274316,-0.13631674647331238,10.280172743368148,10.281499621601261,1.2355825970403578
41,test,high,AF3,0.0028354591255093336,30.407081629478785,-1.0800728797912598,17.914336664772033,17.900846727341523,1.6973601757341834
41,test,high,F7,0.024713974820345302,18.837799253509914,-0.13430483639240265,15.019277115270494,14.949856200334848,1.2542414064893328
41,test,high,F3,-0.0009646442825558896,6.769453876470224,-0.057820046320557594,6.048846399277076,6.048859181980277,1.1191313896281565
41,test,high,FC5,0.010465915129531355,9.755259631097331,-0.096458550542593,8.895832589435576,8.894095869750071,1.0966100736520588
41,test,high,T7,0.003668428503335936,8.839943245544438,0.01476197224110365,8.465045141601562,8.461068876590263,1.044287785554791
41,test,high,P7,-0.005474572772527608,6.5823014026742515,0.014116463717073202,6.337641740672942,6.341943747914217,1.038604211473672
41,test,high,O1,-0.010887891828803264,7.203515014758102,-0.04014952853322029,6.960630045347661,6.959420296772928,1.0348941069742357
41,test,high,O2,-0.00520541726110589,14.166275295956758,-0.17227055132389069,11.066490486064552,11.093940268276885,1.2801054962994458
41,test,high,P8,-0.012776952900364106,11.33454284062877,-0.06866994500160217,10.627391301870345,10.649947787851117,1.0665404630987823
41,test,high,T8,-0.019152843357853666,14.024412579246333,-0.014490161091089249,12.785511919858306,12.782311421840433,1.0968987919415085
41,test,high,FC6,-0.012575623381526629,17.075755667994983,-0.07591091841459274,15.19579123287946,15.195509873115196,1.123716126808047
41,test,high,F4,-0.002465580198347468,14.917790565434805,-0.03401894122362137,12.307759913997351,12.302909452354935,1.2120638255600942
41,test,high,F8,-0.029548097421810953,26.83282294146867,-0.3059190809726715,21.507476665395497,21.499901546028653,1.2476044195664013
41,test,high,AF4,-0.012728184318570594,15.957010343673922,-0.27402983605861664,13.11032614301741,13.118036593924282,1.2171329812548304
41,test,low,AF3,0.011413225639834358,16.432511766763355,-0.3960861563682556,9.208413791334628,9.203302586317239,1.7845105725186678
41,test,low,F7,-0.0014353678246496547,15.649599614368327,0.32030247151851654,12.324980976757406,12.391815546090909,1.2697463504309277
41,test,low,F3,0.10029972422927204,213.88391719619736,4.739969491958618,176.58290054397582,176.5312791489247,1.211237988147851
41,test,low,FC5,0.03302041404853409,34.38997818213102,-0.3753375858068466,15.238943079409003,15.293689901692678,2.2567167554158702
41,test,low,T7,-0.002851896059528418,11.12713763905092,-0.02224619220942259,8.991560212744586,8.988039329195129,1.2375091058478793
41,test,low,P7,-0.004525518174831804,8.573833667389415,0.032040730118751526,5.834118224573135,5.835564689692786,1.4696023181835223
41,test,low,O1,-0.00888123443819403,9.453968894590755,-0.06112486124038696,7.281128064286708,7.280311998037871,1.2984209055409477
41,test,low,O2,-0.0017109458190011414,10.521175598187225,0.07504629343748093,8.652645488405227,8.648967018297109,1.215948996441132
41,test,low,P8,-0.0025804829457886603,11.094046866897711,0.08678510040044785,8.773627375982702,8.77426358131765,1.26447664021691
41,test,low,T8,0.001891803976856888,13.074468613403218,-0.014634291641414165,11.024901376040093,11.019524244841511,1.1859034532333643
41,test,low,FC6,0.000512462652249564,11.666245787737182,-0.17271878570318222,9.682186751554905,9.693977300815003,1.204918484542105
41,test,low,F4,-0.00039727174350593633,10.43228382025913,-0.20625826716423035,8.354265762662887,8.36016594524115,1.2487373656322232
41,test,low,F8,0.0017681590624109762,13.998170069699265,-0.2383568435907364,11.096689246210456,11.079486782591461,1.2614726572143733
41,test,low,AF4,0.008769685261373414,15.045349317317335,-0.40552300214767456,9.970749526298045,9.983143954916828,1.5089486780943533
42,train,high,AF3,0.007266931820357602,20.722815656027716,-0.3163120001554489,14.009511642953752,14.047687366505391,1.479196147886461
42,train,high,F7,0.001266628291011477,13.083729248829972,-0.2156958431005478,11.652054184976219,11.648708224031465,1.1228688985758157
42,train,high,F3,-0.00022339169843665308,7.6676572880881055,-0.17869675904512405,7.156458260004222,7.1551064547120955,1.071431846523979
42,train,high,FC5,0.0008267730948974022,8.09606655774146,-0.21703535318374634,7.765620342099666,7.7650261596894605,1.0425524557066421
42,train,high,T7,0.01174093989573143,8.236153255494918,-0.23137858510017395,7.906970429867505,7.912474265356608,1.0416319788403368
42,train,high,P7,0.007824378189521272,6.332632811854095,-0.038358939811587334,6.033825613136217,6.032301639078987,1.0495220143696806
42,train,high,O1,0.00017477966070037756,7.275687655792903,0.12615883350372314,6.985083334994315,7.004879243821017,1.041603558162678
42,train,high,O2,0.0010038797193349612,10.100025808264451,0.09147418662905693,9.766574426174909,9.766187819840733,1.0341421021884476
42,train,high,P8,0.005787910160872368,8.857373146862722,0.08092007413506508,8.5979108348988,8.60232260600119,1.030177367147234
42,train,high,T8,0.006757181734706044,10.953021641270432,0.015680992975831032,10.516337923938408,10.513808481599597,1.0415243139285204
42,train,high,FC6,0.0020502844905864992,12.651722093012516,-0.39064203202724457,11.708279654359817,11.703438013018813,1.080579083050975
42,train,high,F4,0.0006571514606865069,10.833759528458627,-0.3282254785299301,9.73298893032968,9.731046264484425,1.1130968714758067
42,train,high,F8,0.0006004093206822315,17.282894161451765,-0.31981341540813446,15.413856476667522,15.412534052040773,1.1212569798877696
42,train,high,AF4,0.002698273420848538,14.469607803471096,-0.5966618061065674,11.691870434331893,11.712149569862767,1.237578528152577
42,train,low,AF3,-9.259368371311432e-05,16.706838307880712,0.01744422037154436,7.061291192865371,7.070987731814826,2.3659749827001986
42,train,low,F7,-0.0029187353169682815,19.583768151407188,1.8544304370880127,14.803533203744887,14.844507884767163,1.3229117590963373
42,train,low,F3,-0.0012974037277162268,7.3910238205315695,-0.028641141951084137,6.597294710254669,6.594104798658412,1.1203113010918169
42,train,low,FC5,-0.0017903445815394465,7.6722575039211725,0.0293285995721817,6.562586900791525,6.562965635549943,1.169090424234353
42,train,low,T7,-0.004025872381804662,9.952336267713084,-0.4086347818374634,8.289590169739723,8.320764226326684,1.2005824249361616
42,train,low,P7,-0.005545206806476546,6.438810636034183,-0.0416287574917078,5.908514854073524,5.915153547955761,1.0897511125989732
42,train,low,O1,-0.004702873062237936,6.139216833933053,-0.026979802176356316,5.708335946102813,5.7082353387610665,1.0754827487202132
42,train,low,O2,-0.00566979460831983,6.46157260185244,0.1415809839963913,6.286131159523129,6.297685465519299,1.027909287585183
42,train,low,P8,-0.0034126319420293666,7.190923775335003,0.09791144728660583,6.460243550401926,6.4671207481706645,1.113104129779692
42,train,low,T8,-0.0038125067781000117,8.450373516519747,0.16229727864265442,7.909960600358247,7.9171885553335954,1.0683205572651049
42,train,low,FC6,-0.003035380285922429,8.429172844162654,0.14304402470588684,7.562567688149214,7.579525459068983,1.1145913916739467
42,train,low,F4,-0.0010932791223780983,7.615590909739709,0.0590704046189785,6.788650339201838,6.790195508211785,1.1218122202822274
42,train,low,F8,-0.007875787173122564,13.422040502655737,0.07527362555265427,9.216273129312693,9.195941037120777,1.4563414423956738
42,train,low,AF4,-0.0035265208955924995,14.38286458660119,-0.028845753520727158,8.038688861634581,8.041065299484446,1.7892052838672237
43,validation,high,AF3,0.018791638277268763,38.375021121762344,0.05137975141406059,23.73194492769241,23.761917344723216,1.6170196432987325
43,validation,high,F7,0.0036803554613790176,17.580363420253637,-0.4737327992916107,15.470520879077911,15.4539024149426,1.136378248519676
43,validation,high,F3,-0.00022938248275750084,13.81931010240317,-0.19967396557331085,11.129456564310193,11.130509860786002,1.2416877699778053
43,validation,high,FC5,0.007269789862939925,15.065587429106262,0.1783403754234314,13.09712525653839,13.08234291133216,1.1502972701269059
43,validation,high,T7,-0.0007687272311441089,14.648329170955483,-0.16006313264369965,11.98444689017236,11.982142439234956,1.2222782832779369
43,validation,high,P7,0.0029680358029447627,10.753207810028636,-0.06564135104417801,7.895219051885604,7.895650291018701,1.3619897990620617
43,validation,high,O1,0.007018452930000225,13.951144667766318,0.004293558653444052,11.027695214276667,11.04628615594953,1.2651006757699377
43,validation,high,O2,-0.001423444577434062,12.400056136640647,-0.18760287761688232,10.168365976595878,10.175407683964215,1.2194738235407105
43,validation,high,P8,-0.0008867212098641323,12.623462602095117,-0.05091153085231781,10.272980343666672,10.273965400090653,1.228802370859935
43,validation,high,T8,0.009177924713449593,19.50278146767816,0.09083739668130875,16.505253428851066,16.490253366480236,1.1816105430763904
43,validation,high,FC6,-0.0063418887780966465,18.15752263328447,-0.024389049038290977,15.425556503484025,15.418995036470882,1.17710648748286
43,validation,high,F4,-0.005309973362481951,16.659714336858666,-0.2501716613769531,14.536632584667204,14.510071480866271,1.1460504514938916
43,validation,high,F8,-0.0017514282952204765,20.1170896362917,0.1956624612212181,17.345565059293804,17.33352344419622,1.159782893640176
43,validation,high,AF4,-0.0029787449395180868,16.83814396537194,-0.09411883354187012,14.430105562734603,14.433021100032233,1.1668760073977587
43,validation,low,AF3,0.010436676795284318,18.055957882949368,-0.03035315591841936,12.9658394780159,12.970315340804206,1.3925791626191246
43,validation,low,F7,0.004966883086174866,21.958886850191128,0.6851865649223328,17.36009963454008,17.46612447027457,1.2649055772987148
43,validation,low,F3,-0.004673425204025058,40.77383420861655,-0.05598873645067215,10.483476842670141,10.48214228794785,3.889342707627087
43,validation,low,FC5,-0.0028071711771915303,18.61864068130161,0.057674333453178406,11.593427375480532,11.5890197174208,1.6059651799500656
43,validation,low,T7,0.0019978662546875697,16.50145563435252,0.09107288718223572,9.381398251587152,9.386618725894733,1.7589548158837403
43,validation,low,P7,0.0036053239332026784,9.874264697674764,0.018664808943867683,6.97101998090744,6.971405558094791,1.4164734464567408
43,validation,low,O1,0.006251775212939031,12.88179537512891,0.3861593008041382,10.570823112130164,10.611493999291739,1.2186180052854043
43,validation,low,O2,0.010214084934456134,11.570577223937091,0.05134222097694874,9.349992135654016,9.349469876978644,1.2374959311265505
43,validation,low,P8,0.00963160324713545,16.243433069474094,0.036370279267430305,10.027849611381813,10.021570614305048,1.619832137394389
43,validation,low,T8,0.013176061079926095,18.101618563276052,0.05462925508618355,15.226270263516158,15.22404604969067,1.1888412756372484
43,validation,low,FC6,0.01889785973119191,14.726731539013443,-0.07487206161022186,12.828194605350493,12.829491436437293,1.147997203976863
43,validation,low,F4,0.007058146832448713,29.334415444415974,-0.25551119446754456,12.760069804769754,12.751854111124976,2.2989228031848756
43,validation,low,F8,0.01388105492490443,20.464677328186195,-0.04194524139165878,14.240138704584538,14.243742551867214,1.4371122186891128
43,validation,low,AF4,0.006554293305311074,16.264334398153245,-0.19558465480804443,13.340378988432883,13.334352586603412,1.2191808352862878
44,test,high,AF3,-0.02780543503482059,142.9249674791033,-0.2337697297334671,16.207510087510943,16.18641336552738,8.818440754156143
44,test,high,F7,-0.0359834418539297,136.35671444021378,-0.09598208963871002,15.267662594604491,15.250971619511994,8.931079894862329
44,test,high,F3,-0.04329125721372445,146.29500764248297,-0.1741408407688141,16.213612887007,16.219018034090194,9.022974007213314
44,test,high,FC5,-0.035413150285378565,140.50696173787355,-0.05044805631041527,18.16872376012802,18.163708954762317,7.733452475413909
44,test,high,T7,-0.012410827203449866,133.93484053513345,0.0165386525914073,10.018748885560221,10.00496791503092,13.368419756300158
44,test,high,P7,-0.02184283810292736,56.52086719727586,-0.10914669930934906,7.109692926272749,7.119619201252954,7.94983240252359
44,test,high,O1,-0.033722616389898555,131.34497212469626,-0.22150655090808868,14.904297738459706,14.91490446080801,8.812556916772262
44,test,high,O2,-0.0312117651565623,128.0479861913774,-0.19772698730230331,15.96830224752277,15.972681801967749,8.0188854272997
44,test,high,P8,-0.03074509588250478,122.08752407401496,-0.19607360661029816,15.596316415786742,15.629358341112413,7.827971735071801
44,test,high,T8,-0.050991250745138696,162.08241759736705,-0.6905995309352875,23.29605619792342,23.276417409163038,6.957504575895334
44,test,high,FC6,-0.04835876480007534,150.45018268679956,-0.42487725615501404,21.975206950753925,21.960266967275746,6.8463602196764715
44,test,high,F4,-0.04609785165551612,144.4089166929259,-0.2114873081445694,20.083754202237724,20.117904982626925,7.190334796909431
44,test,high,F8,-0.03635244798336414,137.9426444442563,-0.7338665127754211,21.472812488543987,21.508966577415382,6.424060402793087
44,test,high,AF4,-0.03311865598679999,132.56525367332588,-0.4518355280160904,17.735802556076646,17.732837449364347,7.474443474107482
44,test,low,AF3,-0.0057537409857964985,48.637486847308466,0.029639405198395252,8.213077144554443,8.214132798168729,5.921956654158158
44,test,low,F7,-0.004628778366250071,53.93079344855532,-0.01991728786379099,7.505908465040289,7.506220229384279,7.185112062016845
44,test,low,F3,-0.014120978154300945,185.66471469780475,0.04371839016675949,11.934462198753653,11.94715535225384,15.557023986987382
44,test,low,FC5,-0.0064319050938748306,53.927919016055604,0.03048581536859274,8.746199816894531,8.746005058995523,6.16586862237999
44,test,low,T7,-0.006229443233637754,38.89412578841226,-0.02381489984691143,4.936889959324524,4.9372139995057465,7.878264678545487
44,test,low,P7,-0.006344990294045651,59.148279652978246,0.0002415049821138382,6.219494863395765,6.222918883706129,9.510142053672192
44,test,low,O1,-0.009354671404375304,45.653389520727934,0.1744328886270523,8.844945343637466,8.821257491567737,5.161523078666427
44,test,low,O2,-0.012385364262744022,53.205550474860395,0.365167573094368,12.419850204375386,12.447886152387637,4.283912414347528
44,test,low,P8,-0.007246970167575701,46.432879812380015,-0.03822999820113182,9.273504186793415,9.269487424812288,5.007047915986927
44,test,low,T8,-0.001782114869711591,62.76542057153754,0.0990649089217186,12.535956815899908,12.50539433964983,5.006831268908758
44,test,low,FC6,-0.005615872521537703,59.648505656817676,0.08403819054365158,10.687337970252335,10.671374884422308,5.581231343375336
44,test,low,F4,0.0013586960279596766,64.68357625026465,0.012321037240326405,13.01918806290943,13.028724181201389,4.968326437694122
44,test,low,F8,-0.00792853840462342,55.171458253920214,0.09951593726873398,11.503488898086546,11.49351531439485,4.796063067709594
44,test,low,AF4,-0.006102761513290034,54.99415673723569,0.07716554403305054,11.475392324030398,11.480124903396822,4.792355257612717
45,train,high,AF3,-0.02339426847160476,23.090143016266047,-0.6299387812614441,14.14363022736311,14.17025325031436,1.632547135713042
45,train,high,F7,-0.010235742890456718,30.32226753373461,-0.7311374545097351,22.912463771152495,22.908074136483748,1.3233962020230792
45,train,high,F3,-0.0023571231810690834,15.282684792393004,-0.47633522748947144,11.37913529216051,11.370515717321895,1.3430444757012237
45,train,high,FC5,0.00031621727497917456,33.54397276597969,-0.585311233997345,23.967513222420216,23.913525580652916,1.3995599983481495
45,train,high,T7,-0.010705559330195019,18.51994613777808,-0.1441125050187111,9.375393708314,9.367506710841445,1.9753779642720273
45,train,high,P7,-0.0007241430799576785,10.49536759322578,0.04080522060394287,9.834153338599204,9.8463341958263,1.0672365207110712
45,train,high,O1,-0.005055102582592458,10.907520081871795,0.13134749233722687,9.773870897939801,9.771207776928584,1.1159877387137322
45,train,high,O2,-0.0035620260799706445,15.846731058084785,0.07753739133477211,14.354413039145618,14.356727684931547,1.1039623156216487
45,train,high,P8,-0.0024025465758001786,7.067960740380521,0.05136244744062424,4.018834661073982,4.0203521126195,1.758709013048001
45,train,high,T8,-0.00045625116027665444,27.136944317866753,0.04463857598602772,16.450777270952983,16.445194199140026,1.649584324856325
45,train,high,FC6,-0.00294635453310179,26.019417324416274,-1.22778981924057,21.706264944040775,21.782803482440244,1.1987054148419776
45,train,high,F4,0.005940458494195981,16.85092702441947,-0.5182695388793945,14.537647070503233,14.531648450643598,1.159123408533549
45,train,high,F8,-0.011610020945153263,40.10417778280211,-1.5060676336288452,32.95019684565067,33.0911181077328,1.2171149681036197
45,train,high,AF4,-0.0001725871957574241,52.80928409915917,-1.752250075340271,29.700058173537254,29.769268983200448,1.7780868909614538
45,train,low,AF3,0.0026257426516290375,23.802757404615324,-0.6505403518676758,17.68694549703598,17.699240224285422,1.3457811247625684
45,train,low,F7,-0.007462466641011299,27.377153049221114,-0.9623434543609619,22.599837058782576,22.616871203909636,1.211387187350628
45,train,low,F3,0.0026091477717269866,9.962367973308124,-0.15039575099945068,8.199394425630569,8.18690712846059,1.2150126529060072
45,train,low,FC5,-0.004032768413371803,12.507856481025108,-0.22244030237197876,9.774683436584471,9.770186942449051,1.2796175510104988
45,train,low,T7,-0.005023744169111954,10.428602475689644,-0.39265264570713043,6.319862725201249,6.352383265060527,1.6501311704294268
45,train,low,P7,0.0006722948763870197,7.190682075510726,0.0939803197979927,6.401257882006466,6.392878810947607,1.1233232917741498
45,train,low,O1,0.0031957878071733757,8.122455811969326,0.19862740486860275,7.653240750937163,7.648719337978038,1.0613093297731038
45,train,low,O2,-0.003637341353997247,14.919411990658071,0.44405657052993774,13.607092793655395,13.62822743324636,1.0964437603905055
45,train,low,P8,-0.002902846777765938,16.652879237220134,0.32198135554790497,14.273174611786008,14.26892566892993,1.1667256717695513
45,train,low,T8,-0.0013691027530463493,10.554679784227721,-0.011251573916524649,9.892475308715644,9.902834803904314,1.0669402202023845
45,train,low,FC6,0.006942003867879054,9.84420623406435,-0.12531057000160217,9.209417363494634,9.200558475073043,1.0689282335151806
45,train,low,F4,-0.00011667819721748328,9.710029942475478,-0.03122299164533615,9.451227529764175,9.430416077485873,1.0273829417286031
45,train,low,F8,-0.0020880043584270425,12.375092853955234,-0.0871887132525444,10.991405444414912,10.979459672790709,1.1258881238198175
45,train,low,AF4,-0.0077909523148998626,20.293921116060353,-0.35817109048366547,14.073374365845321,14.042416707598075,1.4420081913909488
46,train,high,AF3,-0.011189161020687656,22.954374194960256,-0.6877540647983551,13.700345471674202,13.694321517152554,1.675459516142785
46,train,high,F7,-0.0011823433766420676,69.40931997533379,-0.30404549837112427,12.611623883450031,12.65557701274852,5.503598950997752
46,train,high,F3,-0.0035860004439114534,47.513302255737955,-0.10959410667419434,8.48158620944023,8.480817145820545,5.601935897657255
46,train,high,FC5,-0.00205215465152341,10.745540217952193,-0.05258896201848984,9.500110934065281,9.502227612121446,1.1310962885097562
46,train,high,T7,0.006048429408086097,14.236151436655362,0.030886253342032433,10.658326875987276,10.65889723306236,1.3356835085184675
46,train,high,P7,0.0029636785091473007,8.505264354608999,0.052606355398893356,7.438200959300994,7.430473992875808,1.1434571882564841
46,train,high,O1,-0.002105625733289909,8.381345448538355,-0.142503522336483,7.653302355766296,7.649116731732753,1.095127966847347
46,train,high,O2,0.0066333786516673396,10.477051152902346,-0.10881111025810242,9.460859887200593,9.478382749677676,1.1074100322610778
46,train,high,P8,0.003662356704353442,11.692196979851856,0.1340988427400589,11.167780799272656,11.162693629537007,1.046957957897361
46,train,high,T8,0.011317312843746893,17.82808622473572,-0.01852455362677574,18.232504028429837,18.22287670500284,0.977818855651231
46,train,high,FC6,-0.006411187029203168,45.72838672606077,-0.41335946321487427,14.091554407131671,14.081770265606089,3.245091734018913
46,train,high,F4,-0.004623006960744877,13.121390558494683,-0.2892570197582245,10.498750211924314,10.497353446315712,1.2498050047511005
46,train,high,F8,-0.017395724839647103,25.63572127519475,-0.6466224789619446,17.786358304488658,17.778685748621303,1.4413136650196228
46,train,high,AF4,-0.019540067920385464,25.810712953914532,-0.30000270903110504,21.198993858137726,21.20464549760981,1.2175442441579127
46,train,low,AF3,-0.0005450284277292274,14.2814477187866,-0.163101464509964,9.623291352957487,9.615584600404778,1.484050227201896
46,train,low,F7,0.00024402633088684724,19.344453513629205,0.44577160477638245,16.200856655502317,16.226532726132312,1.194038928000713
46,train,low,F3,-0.0002622444164407588,10.645082828587897,-0.09832951799035072,8.804062271404266,8.811646518749692,1.2091103516115844
46,train,low,FC5,0.003777070526546816,9.34711133905938,-0.04503985494375229,8.031067487083375,8.029748723628876,1.1638691063289708
46,train,low,T7,0.007789075347527368,9.077176122232865,0.041429558768868446,8.733296347418054,8.734337394550343,1.0393757134917878
46,train,low,P7,0.0037926028874245596,7.947915598870356,-0.049494002014398575,6.68631531214714,6.693970989173567,1.188683935445169
46,train,low,O1,0.005000975543829035,13.637093769117302,0.002776058274321258,9.054052790164947,9.069334674181984,1.506186686246266
46,train,low,O2,-0.001379387926833162,11.343142084155474,-0.1826699748635292,10.228044994805753,10.274882843266424,1.1090234829741183
46,train,low,P8,-0.006197551234641971,13.591932230821872,0.22835902869701385,13.285211217740178,13.31320809292917,1.0230874020784946
46,train,low,T8,0.008716843721526242,24.279299701177198,-0.15125775337219238,27.480469738340375,27.463893169292792,0.883511087414312
46,train,low,FC6,-0.004357248530251693,15.92602434455583,-0.05654098279774189,12.146079754866287,12.138990051574934,1.311206962738337
46,train,low,F4,-0.001581107014659837,13.356967075142723,0.3669475018978119,12.818241818851233,12.871516555039594,1.0420280147546608
46,train,low,F8,-0.004102154174452798,20.752198357308075,0.10172457247972488,15.378542085532843,15.394970432222111,1.3494255984662178
46,train,low,AF4,0.006915635913991217,21.6415946292325,-0.3789709508419037,18.208221060615777,18.197423356652173,1.188561724793812
47,validation,high,AF3,-0.0064154140029371335,15.331669689430926,-0.7543453574180603,9.418642739582062,9.411069178598911,1.6278003225453317
47,validation,high,F7,-0.007555475485618616,18.767258731312534,-1.2159761190414429,12.805501405549048,12.798106873627502,1.4655621936974728
47,validation,high,F3,-0.005012783077857704,9.05816677188166,-0.2782997786998749,8.242812696200609,8.26725966847323,1.098916972365134
47,validation,high,FC5,-0.0069190264120971515,11.31896557879482,-0.3752230405807495,9.038864664673804,9.044658793088152,1.2522552332299248
47,validation,high,T7,-0.004864924010277989,17.351279797537153,-0.07067139074206352,11.66825670241043,11.695636034542053,1.487049885862789
47,validation,high,P7,-0.00794217617565025,8.482431601941382,0.210412435233593,7.5635796443983905,7.575247179940509,1.121483741924169
47,validation,high,O1,0.009679411402852084,11.911542479279133,-0.024124030023813248,9.337685527165979,9.354172237189811,1.275641854143093
47,validation,high,O2,-0.00854434040549087,11.056219117996847,0.04604698717594147,10.446272375169396,10.436230540010468,1.0583889373090904
47,validation,high,P8,-0.008625444890775406,7.029645865766547,0.026642163284122944,6.556799875752814,6.551948099157561,1.0721153609952818
47,validation,high,T8,-0.0006193083945940752,21.74409131716118,-0.19388237595558167,16.456038946920632,16.469228877413265,1.3213441817497693
47,validation,high,FC6,-0.011863236636575469,14.300866163933065,-0.46555763483047485,12.67501077890396,12.710132273680374,1.1282725051196916
47,validation,high,F4,-0.0018468083264153662,28.631333694228136,-0.28539419174194336,8.401367951202392,8.412444123168449,3.4079371193509576
47,validation,high,F8,-0.010494948116797171,22.522241348415317,-1.604616105556488,16.903271183645725,16.89692300014623,1.3324190982752537
47,validation,high,AF4,-0.0035120538455160116,66.08533802041457,-0.3074326813220978,7.708117066830396,7.713690079787292,8.57347357953258
47,validation,low,AF3,-0.0016633834978478804,13.36703478474074,-0.7806112468242645,11.58015751633644,11.56784995031675,1.1543050917816535
47,validation,low,F7,-0.003973804619111409,19.28083330408327,-0.8604421615600586,14.746765474891662,14.77996148914651,1.3074618523574857
47,validation,low,F3,0.001378422605031377,9.564592724444877,-0.17095613479614258,9.180276743888854,9.171001994229847,1.0418632238741448
47,validation,low,FC5,0.0018734148542369046,11.287242631544766,-0.2171478271484375,10.50066646785736,10.49043904241586,1.0749072609910164
47,validation,low,T7,0.005721362926001225,13.558431804751427,0.16461381316184998,11.60833030938506,11.607241153363567,1.1679915580787494
47,validation,low,P7,0.006465069465308703,10.280397777836523,0.13240047544240952,10.066838390350341,10.05831332097149,1.0212141468061007
47,validation,low,O1,0.00885649241962214,9.655320792369963,-0.004912109347060323,9.444730621119914,9.450405504722964,1.0222971072122624
47,validation,low,O2,-0.10337028211021075,16.863264697667713,-0.03608299419283867,12.169777407764643,12.168757733457436,1.3856674721847007
47,validation,low,P8,-0.006182595506288635,12.649757918418777,-0.0219571590423584,12.186890035200118,12.1858920584439,1.0379808041166967
47,validation,low,T8,-0.0025817490166559764,12.948501734525237,0.0422242172062397,12.320537691175192,12.298618801617463,1.0509688829408668
47,validation,low,FC6,0.0009507223775695521,52.488211944562835,-0.37354089319705963,12.732171223354339,12.759173861956755,4.122487125234765
47,validation,low,F4,-0.0014807586409356314,10.674934702748063,-0.22955778241157532,10.28056223346591,10.302477628765855,1.0383609826317055
47,validation,low,F8,-0.010113508564331455,21.171592459038827,-1.038601577281952,17.576782674515247,17.58394283749953,1.2045203522790169
47,validation,low,AF4,-0.000986127472791899,10.53884413921962,-0.2393592819571495,9.929122611929476,9.924513309244054,1.0614073922863623
48,train,high,AF3,0.01097948837828217,9.892899936506488,-0.3152150511741638,6.755782494878768,6.743372768009036,1.4643603378299725
48,train,high,F7,-0.0026319681797863145,27.747823289266293,-0.2894572764635086,17.152140311148763,17.114734720353113,1.6177469858516966
48,train,high,F3,0.009542653282257892,10.253003831072201,-0.39603517949581146,8.229328849473594,8.224913418248816,1.2459100880053
48,train,high,FC5,0.0034645064822421538,5.318375582812803,-0.07747553288936615,4.5319790168434375,4.53485843426568,1.1735216696826407
48,train,high,T7,0.0038447744917783203,8.479352058961922,0.04672592505812645,7.697953164768219,7.695468467107254,1.1015073588353315
48,train,high,P7,-0.0015151813478760723,7.9748892246414345,0.10634150356054306,6.6298133997917175,6.62618137625432,1.202882908422728
48,train,high,O1,-0.0015377155367083425,10.007840595546417,0.009081188589334488,8.466102492336184,8.451663802693384,1.1821071862295396
48,train,high,O2,0.002001449294059942,13.245308604008844,0.1874389722943306,11.79226316396445,11.781769915807681,1.123220235152545
48,train,high,P8,0.001324529749384768,13.005101406655964,0.2542467415332794,12.076744754093884,12.086187317426157,1.0768714311236376
48,train,high,T8,0.005115020890113212,16.263382451097552,0.04370683431625366,13.701814752924442,13.705086584352758,1.1869509801704465
48,train,high,FC6,0.00712549878078396,16.00921720730648,-0.13315793871879578,13.985003657895327,13.987828927008287,1.1447417247022578
48,train,high,F4,0.00649879906955746,17.112790259725823,-0.3182663023471832,11.500710064083338,11.500802722305965,1.4879768435489027
48,train,high,F8,0.010917632598582135,33.06252416318905,-0.6834880709648132,27.163333777821062,27.11424110022362,1.217174756000852
48,train,high,AF4,0.017110178760039948,23.622023303918706,-0.8189011514186859,16.815832888036965,16.84616405580378,1.4047489328181755
48,train,low,AF3,-0.0025358881994671303,9.315513335443317,-0.013879140373319387,7.791213516465481,7.814888162379622,1.1956434406214735
48,train,low,F7,-0.002801386192984594,17.786730784259944,-0.015934348572045565,13.56335837926967,13.571656483734335,1.3113810228184566
48,train,low,F3,-0.0080386948120638,9.756071552425407,-0.09086421132087708,8.789252943259477,8.788157605170497,1.1100000893599709
48,train,low,FC5,-0.0039825375480880805,8.564367858845646,-0.09708655625581741,7.677324627010524,7.677999224991512,1.1155406700811255
48,train,low,T7,0.002855379369622357,9.203280537602343,0.19904690980911255,8.297017655324936,8.303531105205517,1.1092275465625623
48,train,low,P7,0.006964712134603317,6.868878566930152,0.0788915678858757,6.67523090558052,6.6735943305748675,1.0290098820683105
48,train,low,O1,0.0039546973257959485,10.847916138284974,0.39346669614315033,10.106058695554733,10.13243410479501,1.073407197115979
48,train,low,O2,0.0046992772473041025,10.373265190162925,0.0868803896009922,9.820675617007165,9.82843645419608,1.056267979384107
48,train,low,P8,-0.0035957628609852494,9.432851233896345,0.11290770769119263,8.995241331875324,9.00442384630773,1.0486490451868498
48,train,low,T8,0.009110967707249222,11.115713667103636,0.3109946548938751,10.367507292777299,10.379592165229408,1.0721683962400093
48,train,low,FC6,-0.007049665557913712,12.644390762946362,0.03385040536522865,9.79790106171593,9.79124262564442,1.290520355666045
48,train,low,F4,-0.00546691309472334,35.760864046723384,0.0012020518770441413,10.36957855684252,10.367989098256919,3.4486323480452397
48,train,low,F8,-0.010395670032033417,19.022489675555597,1.7519845366477966,17.84847205556631,18.064814730871156,1.065776925684972
48,train,low,AF4,0.004368213888274359,13.567729791537795,0.12437068670988083,11.95472442140579,11.944646831792403,1.1349261859389919
