subject,split,condition,channel,band,rel_power
1,train,high,AF3,delta,0.664329651624432
1,train,high,F7,delta,0.7220392193075231
1,train,high,F3,delta,0.6277681348470313
1,train,high,FC5,delta,0.6965100094293114
1,train,high,T7,delta,0.7607797876123332
1,train,high,P7,delta,0.6929615163821545
1,train,high,O1,delta,0.681008449454534
1,train,high,O2,delta,0.590271098261838
1,train,high,P8,delta,0.6303932739145571
1,train,high,T8,delta,0.6189088535601848
1,train,high,FC6,delta,0.7159502857039345
1,train,high,F4,delta,0.853150867763102
1,train,high,F8,delta,0.6711663264651552
1,train,high,AF4,delta,0.6200646554837679
1,train,high,AF3,theta,0.1819679750472852
1,train,high,F7,theta,0.1570747836252041
1,train,high,F3,theta,0.16895222861200482
1,train,high,FC5,theta,0.11820794389673783
1,train,high,T7,theta,0.11418417908796441
1,train,high,P7,theta,0.11450151319506466
1,train,high,O1,theta,0.13489625146965012
1,train,high,O2,theta,0.17321202252132323
1,train,high,P8,theta,0.15644765986259696
1,train,high,T8,theta,0.16738627200521375
1,train,high,FC6,theta,0.15036245234342094
1,train,high,F4,theta,0.08676227965934405
1,train,high,F8,theta,0.18189372969208556
1,train,high,AF4,theta,0.1949969686692973
1,train,high,AF3,alpha,0.061471637887448936
1,train,high,F7,alpha,0.051390434996381656
1,train,high,F3,alpha,0.06808754617062925
1,train,high,FC5,alpha,0.04622082917583049
1,train,high,T7,alpha,0.0364150048993643
1,train,high,P7,alpha,0.05593832315246527
1,train,high,O1,alpha,0.06311100924260572
1,train,high,O2,alpha,0.0848225414090844
1,train,high,P8,alpha,0.077712504359946
1,train,high,T8,alpha,0.07714012931953725
1,train,high,FC6,alpha,0.04944591199501968
1,train,high,F4,alpha,0.022806067300981968
1,train,high,F8,alpha,0.061966480544486786
1,train,high,AF4,alpha,0.06729475375185066
1,train,high,AF3,beta,0.06851351392501281
1,train,high,F7,beta,0.05084360821571868
1,train,high,F3,beta,0.09923124105208028
1,train,high,FC5,beta,0.09949906345785618
1,train,high,T7,beta,0.06336687980392113
1,train,high,P7,beta,0.09726708286922046
1,train,high,O1,beta,0.09180798132690357
1,train,high,O2,beta,0.11369170481582803
1,train,high,P8,beta,0.10140624867304822
1,train,high,T8,beta,0.10384636248232779
1,train,high,FC6,beta,0.06297859174132565
1,train,high,F4,beta,0.02863499225630134
1,train,high,F8,beta,0.06557751188304893
1,train,high,AF4,beta,0.08716306412560712
1,train,high,AF3,low_gamma,0.023717221515821025
1,train,high,F7,low_gamma,0.018651953855172376
1,train,high,F3,low_gamma,0.03596084931825442
1,train,high,FC5,low_gamma,0.0395621540402642
1,train,high,T7,low_gamma,0.025254148596416937
1,train,high,P7,low_gamma,0.039331564401095
1,train,high,O1,low_gamma,0.029176308506306623
1,train,high,O2,low_gamma,0.03800263299192646
1,train,high,P8,low_gamma,0.034040313189851706
1,train,high,T8,low_gamma,0.03271838263273662
1,train,high,FC6,low_gamma,0.02126275821629931
1,train,high,F4,low_gamma,0.00864579302027063
1,train,high,F8,low_gamma,0.01939595141522349
1,train,high,AF4,low_gamma,0.03048055796947694
1,train,low,AF3,delta,0.7127594380846655
1,train,low,F7,delta,0.7171757237614175
1,train,low,F3,delta,0.7019004573204098
1,train,low,FC5,delta,0.7101013396240944
1,train,low,T7,delta,0.7661087153405857
1,train,low,P7,delta,0.7021609984084053
1,train,low,O1,delta,0.7398324619886811
1,train,low,O2,delta,0.672160859204976
1,train,low,P8,delta,0.6551742828389397
1,train,low,T8,delta,0.6556085141918104
1,train,low,FC6,delta,0.8026541239703011
1,train,low,F4,delta,0.7888365050394596
1,train,low,F8,delta,0.6935643627603342
1,train,low,AF4,delta,0.6165986261477602
1,train,low,AF3,theta,0.17337170753710957
1,train,low,F7,theta,0.23464078016703796
1,train,low,F3,theta,0.16375371562803748
1,train,low,FC5,theta,0.16432383285915514
1,train,low,T7,theta,0.19674011260108581
1,train,low,P7,theta,0.19631338227952314
1,train,low,O1,theta,0.16544116212403573
1,train,low,O2,theta,0.18071248427589728
1,train,low,P8,theta,0.1703235067025317
1,train,low,T8,theta,0.14706295229827504
1,train,low,FC6,theta,0.09652137283797825
1,train,low,F4,theta,0.11545978758991558
1,train,low,F8,theta,0.1428436339222713
1,train,low,AF4,theta,0.14831786354767798
1,train,low,AF3,alpha,0.06012232022173959
1,train,low,F7,alpha,0.032973132164262314
1,train,low,F3,alpha,0.07227720059557335
1,train,low,FC5,alpha,0.057549742009947225
1,train,low,T7,alpha,0.028010907000149438
1,train,low,P7,alpha,0.03512986674013965
1,train,low,O1,alpha,0.04236934869413862
1,train,low,O2,alpha,0.0803275855627229
1,train,low,P8,alpha,0.08919353855735528
1,train,low,T8,alpha,0.0851192352032975
1,train,low,FC6,alpha,0.0425110889858203
1,train,low,F4,alpha,0.043476322092695675
1,train,low,F8,alpha,0.07610628295930147
1,train,low,AF4,alpha,0.07126693560354273
1,train,low,AF3,beta,0.04506398738508911
1,train,low,F7,beta,0.013616836000506824
1,train,low,F3,beta,0.05257094331611873
1,train,low,FC5,beta,0.05431601386701595
1,train,low,T7,beta,0.008883786514517716
1,train,low,P7,beta,0.05079284750299684
1,train,low,O1,beta,0.04177824946492048
1,train,low,O2,beta,0.055754058989169276
1,train,low,P8,beta,0.07116178209773576
1,train,low,T8,beta,0.09356357586949081
1,train,low,FC6,beta,0.04669407566278594
1,train,low,F4,beta,0.043611536006358025
1,train,low,F8,beta,0.07245992823437153
1,train,low,AF4,beta,0.13298928704488228
1,train,low,AF3,low_gamma,0.008682546771396309
1,train,low,F7,low_gamma,0.0015935279067754477
1,train,low,F3,low_gamma,0.009497683139860501
1,train,low,FC5,low_gamma,0.013709071639787386
1,train,low,T7,low_gamma,0.0002564785436613585
1,train,low,P7,low_gamma,0.015602905068935012
1,train,low,O1,low_gamma,0.010578777728223927
1,train,low,O2,low_gamma,0.011045011967234392
1,train,low,P8,low_gamma,0.014146889803437483
1,train,low,T8,low_gamma,0.018645722437126193
1,train,low,FC6,low_gamma,0.011619338543114395
1,train,low,F4,low_gamma,0.008615849271571214
1,train,low,F8,low_gamma,0.015025792123721592
1,train,low,AF4,low_gamma,0.030827287656136813
2,train,high,AF3,delta,0.5781343691887049
2,train,high,F7,delta,0.5524979127458008
2,train,high,F3,delta,0.6500342080570364
2,train,high,FC5,delta,0.5298375944951637
2,train,high,T7,delta,0.6456670258830072
2,train,high,P7,delta,0.6498294119166624
2,train,high,O1,delta,0.6838097181036575
2,train,high,O2,delta,0.6110648570206376
2,train,high,P8,delta,0.5923372007961787
2,train,high,T8,delta,0.5535797211646848
2,train,high,FC6,delta,0.7059104812134218
2,train,high,F4,delta,0.6661398594189247
2,train,high,F8,delta,0.6928813283171346
2,train,high,AF4,delta,0.6248005212214212
2,train,high,AF3,theta,0.16455130585336675
2,train,high,F7,theta,0.11622304863532386
2,train,high,F3,theta,0.12356397118703245
2,train,high,FC5,theta,0.12170905019450899
2,train,high,T7,theta,0.1284554440051518
2,train,high,P7,theta,0.1325668067189669
2,train,high,O1,theta,0.13876333045924186
2,train,high,O2,theta,0.13922158572529464
2,train,high,P8,theta,0.13261951706743272
2,train,high,T8,theta,0.11257101144046196
2,train,high,FC6,theta,0.1259675092400573
2,train,high,F4,theta,0.12239212101041468
2,train,high,F8,theta,0.1428188759415564
2,train,high,AF4,theta,0.17137357452522667
2,train,high,AF3,alpha,0.08116006756586358
2,train,high,F7,alpha,0.06325671735011855
2,train,high,F3,alpha,0.07585774865729876
2,train,high,FC5,alpha,0.06611367666087684
2,train,high,T7,alpha,0.06298159567648257
2,train,high,P7,alpha,0.06493381939178093
2,train,high,O1,alpha,0.07094787337995681
2,train,high,O2,alpha,0.09408863590641647
2,train,high,P8,alpha,0.09174907663230386
2,train,high,T8,alpha,0.08173501832444625
2,train,high,FC6,alpha,0.06250523965456674
2,train,high,F4,alpha,0.07760660210661441
2,train,high,F8,alpha,0.06395083504749562
2,train,high,AF4,alpha,0.07509372954362431
2,train,high,AF3,beta,0.12409905553794805
2,train,high,F7,beta,0.18221288264903326
2,train,high,F3,beta,0.10509102124424655
2,train,high,FC5,beta,0.1770558506028789
2,train,high,T7,beta,0.1122002842433598
2,train,high,P7,beta,0.10450627943384831
2,train,high,O1,beta,0.07998639971269839
2,train,high,O2,beta,0.11421809252524366
2,train,high,P8,beta,0.12782969762475221
2,train,high,T8,beta,0.1656247260868306
2,train,high,FC6,beta,0.07404208015801415
2,train,high,F4,beta,0.09583246881348566
2,train,high,F8,beta,0.07239114085801741
2,train,high,AF4,beta,0.09326889669897552
2,train,high,AF3,low_gamma,0.05205520185411689
2,train,high,F7,low_gamma,0.08580943861972355
2,train,high,F3,low_gamma,0.045453050854385994
2,train,high,FC5,low_gamma,0.10528382804657169
2,train,high,T7,low_gamma,0.05069565019199876
2,train,high,P7,low_gamma,0.04816368253874139
2,train,high,O1,low_gamma,0.026492678344445367
2,train,high,O2,low_gamma,0.04140682882240767
2,train,high,P8,low_gamma,0.05546450787933238
2,train,high,T8,low_gamma,0.0864895229835763
2,train,high,FC6,low_gamma,0.03157468973394002
2,train,high,F4,low_gamma,0.03802894865056063
2,train,high,F8,low_gamma,0.02795781983579618
2,train,high,AF4,low_gamma,0.03546327801075229
2,train,low,AF3,delta,0.7342125021132162
2,train,low,F7,delta,0.7166900219077186
2,train,low,F3,delta,0.739699104683449
2,train,low,FC5,delta,0.6764747446853177
2,train,low,T7,delta,0.7653848416793233
2,train,low,P7,delta,0.6709597926231387
2,train,low,O1,delta,0.7293106508253853
2,train,low,O2,delta,0.6229341700691865
2,train,low,P8,delta,0.6035210251346834
2,train,low,T8,delta,0.568622396026202
2,train,low,FC6,delta,0.7205601682544106
2,train,low,F4,delta,0.6971660401851907
2,train,low,F8,delta,0.7331253728633585
2,train,low,AF4,delta,0.7355601800158112
2,train,low,AF3,theta,0.10671312565101894
2,train,low,F7,theta,0.09192263764215894
2,train,low,F3,theta,0.08628509378733706
2,train,low,FC5,theta,0.08673591801626875
2,train,low,T7,theta,0.062125381728602685
2,train,low,P7,theta,0.09801808753992436
2,train,low,O1,theta,0.0876193524808437
2,train,low,O2,theta,0.10171391561814812
2,train,low,P8,theta,0.11529794588465309
2,train,low,T8,theta,0.1194692582587034
2,train,low,FC6,theta,0.10510978652308335
2,train,low,F4,theta,0.10329433520071382
2,train,low,F8,theta,0.09756482498706737
2,train,low,AF4,theta,0.10740037291728312
2,train,low,AF3,alpha,0.07668737937477246
2,train,low,F7,alpha,0.06299693815750901
2,train,low,F3,alpha,0.08691385308066903
2,train,low,FC5,alpha,0.07849425873933419
2,train,low,T7,alpha,0.04906020350765606
2,train,low,P7,alpha,0.08192214627073922
2,train,low,O1,alpha,0.08774265219101658
2,train,low,O2,alpha,0.1677846899989805
2,train,low,P8,alpha,0.15545059426785662
2,train,low,T8,alpha,0.14861124474795978
2,train,low,FC6,alpha,0.08853174658357646
2,train,low,F4,alpha,0.09774931836481225
2,train,low,F8,alpha,0.0621290810178237
2,train,low,AF4,alpha,0.07286998100688777
2,train,low,AF3,beta,0.06415353891478384
2,train,low,F7,beta,0.09396369736295211
2,train,low,F3,beta,0.06821736187833875
2,train,low,FC5,beta,0.11481015435278755
2,train,low,T7,beta,0.08713690649105175
2,train,low,P7,beta,0.10758573019037683
2,train,low,O1,beta,0.07358573595458644
2,train,low,O2,beta,0.08823524286335957
2,train,low,P8,beta,0.09877621358534448
2,train,low,T8,beta,0.12412098396482688
2,train,low,FC6,beta,0.06662565834079551
2,train,low,F4,beta,0.07735927521067364
2,train,low,F8,beta,0.07942368510270634
2,train,low,AF4,beta,0.06407464942297246
2,train,low,AF3,low_gamma,0.018233453946208636
2,train,low,F7,low_gamma,0.03442670492966137
2,train,low,F3,low_gamma,0.01888458657020612
2,train,low,FC5,low_gamma,0.04348492420629177
2,train,low,T7,low_gamma,0.03629266659336645
2,train,low,P7,low_gamma,0.04151424337582073
2,train,low,O1,low_gamma,0.021741608548168125
2,train,low,O2,low_gamma,0.019331981450325345
2,train,low,P8,low_gamma,0.026954221127462496
2,train,low,T8,low_gamma,0.03917611700230787
2,train,low,FC6,low_gamma,0.019172640298134088
2,train,low,F4,low_gamma,0.024431031038609587
2,train,low,F8,low_gamma,0.027757036029044117
2,train,low,AF4,low_gamma,0.020094816637045335
3,train,high,AF3,delta,0.6901347694256149
3,train,high,F7,delta,0.6994012400664488
3,train,high,F3,delta,0.43268139036956443
3,train,high,FC5,delta,0.5066203481939049
3,train,high,T7,delta,0.37357890522274284
3,train,high,P7,delta,0.40617052209633414
3,train,high,O1,delta,0.4286845013066271
3,train,high,O2,delta,0.3352460930914171
3,train,high,P8,delta,0.35914075190968303
3,train,high,T8,delta,0.47298523904383055
3,train,high,FC6,delta,0.5369187988225146
3,train,high,F4,delta,0.42451199270939627
3,train,high,F8,delta,0.6527759645849659
3,train,high,AF4,delta,0.5270775820792979
3,train,high,AF3,theta,0.14308002381342066
3,train,high,F7,theta,0.13041077813996937
3,train,high,F3,theta,0.16753352644728
3,train,high,FC5,theta,0.14557003208348762
3,train,high,T7,theta,0.17915118432503854
3,train,high,P7,theta,0.13186866507472184
3,train,high,O1,theta,0.15055475789888145
3,train,high,O2,theta,0.16418834122399037
3,train,high,P8,theta,0.15949585562385046
3,train,high,T8,theta,0.15578730894959567
3,train,high,FC6,theta,0.14967193267932852
3,train,high,F4,theta,0.17437894903739892
3,train,high,F8,theta,0.14199855693913935
3,train,high,AF4,theta,0.15640176955902696
3,train,high,AF3,alpha,0.10393309940970168
3,train,high,F7,alpha,0.09892632470883458
3,train,high,F3,alpha,0.23610710415600128
3,train,high,FC5,alpha,0.18051763244106714
3,train,high,T7,alpha,0.22118582301943773
3,train,high,P7,alpha,0.26941498637733924
3,train,high,O1,alpha,0.2676752612001498
3,train,high,O2,alpha,0.3319380639795293
3,train,high,P8,alpha,0.3008881336346025
3,train,high,T8,alpha,0.2327939398159533
3,train,high,FC6,alpha,0.191513380254469
3,train,high,F4,alpha,0.24230253289986087
3,train,high,F8,alpha,0.12675460704619215
3,train,high,AF4,alpha,0.19145349340791842
3,train,high,AF3,beta,0.05471213918295728
3,train,high,F7,beta,0.061394162678344424
3,train,high,F3,beta,0.14386662122463356
3,train,high,FC5,beta,0.1432665470290067
3,train,high,T7,beta,0.1843254300253789
3,train,high,P7,beta,0.15704759833027113
3,train,high,O1,beta,0.1325320791824007
3,train,high,O2,beta,0.15000335881859223
3,train,high,P8,beta,0.15667278877940008
3,train,high,T8,beta,0.12119103814323826
3,train,high,FC6,beta,0.10634255818620626
3,train,high,F4,beta,0.1395169137957139
3,train,high,F8,beta,0.06778644517232066
3,train,high,AF4,beta,0.10887504428238959
3,train,high,AF3,low_gamma,0.008139968168305384
3,train,high,F7,low_gamma,0.009867494406402883
3,train,high,F3,low_gamma,0.01981135780252062
3,train,high,FC5,low_gamma,0.024025440252533527
3,train,high,T7,low_gamma,0.04175865740740194
3,train,high,P7,low_gamma,0.0354982281213336
3,train,high,O1,low_gamma,0.020553400411940887
3,train,high,O2,low_gamma,0.018624142886470903
3,train,high,P8,low_gamma,0.023802470052464005
3,train,high,T8,low_gamma,0.01724247404738234
3,train,high,FC6,low_gamma,0.015553330057481463
3,train,high,F4,low_gamma,0.01928961155763006
3,train,high,F8,low_gamma,0.010684426257381967
3,train,high,AF4,low_gamma,0.016192110671367013
3,train,low,AF3,delta,0.46561081436558627
3,train,low,F7,delta,0.4365005782245506
3,train,low,F3,delta,0.36637430437358687
3,train,low,FC5,delta,0.34698329972440234
3,train,low,T7,delta,0.2771444517198837
3,train,low,P7,delta,0.3245256554188489
3,train,low,O1,delta,0.28753522064444414
3,train,low,O2,delta,0.2002927672574911
3,train,low,P8,delta,0.20086644899587128
3,train,low,T8,delta,0.2547837688314703
3,train,low,FC6,delta,0.29482200669772546
3,train,low,F4,delta,0.29416853877926086
3,train,low,F8,delta,0.3912865110187403
3,train,low,AF4,delta,0.4600504659336631
3,train,low,AF3,theta,0.10156492366231266
3,train,low,F7,theta,0.10173866244467171
3,train,low,F3,theta,0.10225664938671307
3,train,low,FC5,theta,0.09703428218983391
3,train,low,T7,theta,0.10240113211521695
3,train,low,P7,theta,0.0999256117093276
3,train,low,O1,theta,0.10016990947787253
3,train,low,O2,theta,0.09498656602423707
3,train,low,P8,theta,0.10177276117245308
3,train,low,T8,theta,0.10222535776405697
3,train,low,FC6,theta,0.0929272770101703
3,train,low,F4,theta,0.09927192452130225
3,train,low,F8,theta,0.0972166059108399
3,train,low,AF4,theta,0.1001582450465254
3,train,low,AF3,alpha,0.3436597839327663
3,train,low,F7,alpha,0.35870275106022126
3,train,low,F3,alpha,0.40438798505297296
3,train,low,FC5,alpha,0.4066943798709799
3,train,low,T7,alpha,0.40793917693313286
3,train,low,P7,alpha,0.40620291932733826
3,train,low,O1,alpha,0.48141308377569825
3,train,low,O2,alpha,0.5316904992446972
3,train,low,P8,alpha,0.5112323617674083
3,train,low,T8,alpha,0.4651670945975401
3,train,low,FC6,alpha,0.4577503590875517
3,train,low,F4,alpha,0.4552710399723035
3,train,low,F8,alpha,0.3963004073658935
3,train,low,AF4,alpha,0.3398576834362162
3,train,low,AF3,beta,0.07901034127481295
3,train,low,F7,beta,0.091511808117867
3,train,low,F3,beta,0.1136700907353097
3,train,low,FC5,beta,0.12995396657205907
3,train,low,T7,beta,0.17825966000304003
3,train,low,P7,beta,0.14450202031230333
3,train,low,O1,beta,0.11629331076347982
3,train,low,O2,beta,0.15388800339278697
3,train,low,P8,beta,0.1620660697291943
3,train,low,T8,beta,0.15174353936758764
3,train,low,FC6,beta,0.1351674800610154
3,train,low,F4,beta,0.13354854495334192
3,train,low,F8,beta,0.10109510930398706
3,train,low,AF4,beta,0.08730731601988471
3,train,low,AF3,low_gamma,0.010154136764521857
3,train,low,F7,low_gamma,0.011546200152689442
3,train,low,F3,low_gamma,0.013310970451417482
3,train,low,FC5,low_gamma,0.019334071642724805
3,train,low,T7,low_gamma,0.03425557922872642
3,train,low,P7,low_gamma,0.024843793232181843
3,train,low,O1,low_gamma,0.014588475338505298
3,train,low,O2,low_gamma,0.019142164080787494
3,train,low,P8,low_gamma,0.02406235833507304
3,train,low,T8,low_gamma,0.026080239439344954
3,train,low,FC6,low_gamma,0.01933287714353716
3,train,low,F4,low_gamma,0.01773995177379149
3,train,low,F8,low_gamma,0.014101366400539342
3,train,low,AF4,low_gamma,0.012626289563710603
4,train,high,AF3,delta,0.9106464492887322
4,train,high,F7,delta,0.6915398272179591
4,train,high,F3,delta,0.4985145730303656
4,train,high,FC5,delta,0.7224199126969376
4,train,high,T7,delta,0.7122393561261543
4,train,high,P7,delta,0.5844725516906373
4,train,high,O1,delta,0.4212434721404965
4,train,high,O2,delta,0.4014472782891544
4,train,high,P8,delta,0.5109251405748937
4,train,high,T8,delta,0.4527056033785601
4,train,high,FC6,delta,0.7182922220545201
4,train,high,F4,delta,0.49012469622260124
4,train,high,F8,delta,0.6123978074918125
4,train,high,AF4,delta,0.4830941520695262
4,train,high,AF3,theta,0.06073787606813752
4,train,high,F7,theta,0.14491790563682092
4,train,high,F3,theta,0.14126859794058155
4,train,high,FC5,theta,0.0987892324617514
4,train,high,T7,theta,0.10851133275177464
4,train,high,P7,theta,0.15710983566676232
4,train,high,O1,theta,0.17811175942324411
4,train,high,O2,theta,0.17221213007433975
4,train,high,P8,theta,0.14167996196332347
4,train,high,T8,theta,0.14531293188001246
4,train,high,FC6,theta,0.1241255661856955
4,train,high,F4,theta,0.16165496184377662
4,train,high,F8,theta,0.15888835343911487
4,train,high,AF4,theta,0.1784074699227257
4,train,high,AF3,alpha,0.013960852386510311
4,train,high,F7,alpha,0.06753652285484359
4,train,high,F3,alpha,0.17660180016905752
4,train,high,FC5,alpha,0.0639398739754774
4,train,high,T7,alpha,0.06305328771543199
4,train,high,P7,alpha,0.09075759272381102
4,train,high,O1,alpha,0.1603591558260191
4,train,high,O2,alpha,0.1912842431081827
4,train,high,P8,alpha,0.14242804902275855
4,train,high,T8,alpha,0.16487200102678654
4,train,high,FC6,alpha,0.07155330129015211
4,train,high,F4,alpha,0.16865999944195176
4,train,high,F8,alpha,0.10709939677663045
4,train,high,AF4,alpha,0.162107377864666
4,train,high,AF3,beta,0.011713223465967528
4,train,high,F7,beta,0.07247068904702161
4,train,high,F3,beta,0.14661306235146407
4,train,high,FC5,beta,0.08599642776119495
4,train,high,T7,beta,0.08800641507886457
4,train,high,P7,beta,0.1288533341800466
4,train,high,O1,beta,0.18634449422851349
4,train,high,O2,beta,0.1881949787430054
4,train,high,P8,beta,0.15694575813473263
4,train,high,T8,beta,0.183817214936412
4,train,high,FC6,beta,0.06626435340619424
4,train,high,F4,beta,0.14254661109492947
4,train,high,F8,beta,0.0958899498782016
4,train,high,AF4,beta,0.14003375563385215
4,train,high,AF3,low_gamma,0.0029415987906525254
4,train,high,F7,low_gamma,0.023535055243354742
4,train,high,F3,low_gamma,0.03700196650853126
4,train,high,FC5,low_gamma,0.02885455310463851
4,train,high,T7,low_gamma,0.02818960832777442
4,train,high,P7,low_gamma,0.038806685738742776
4,train,high,O1,low_gamma,0.053941118381726716
4,train,high,O2,low_gamma,0.046861369785317686
4,train,high,P8,low_gamma,0.048021090304291546
4,train,high,T8,low_gamma,0.053292248778228926
4,train,high,FC6,low_gamma,0.01976455706343791
4,train,high,F4,low_gamma,0.03701373139674098
4,train,high,F8,low_gamma,0.02572449241424066
4,train,high,AF4,low_gamma,0.036357244509229954
4,train,low,AF3,delta,0.8918159357713507
4,train,low,F7,delta,0.7402634177480352
4,train,low,F3,delta,0.6573951164571366
4,train,low,FC5,delta,0.7394154658823067
4,train,low,T7,delta,0.8665370221767408
4,train,low,P7,delta,0.7232027728344893
4,train,low,O1,delta,0.5873313381562028
4,train,low,O2,delta,0.5040498237573444
4,train,low,P8,delta,0.8608469154861552
4,train,low,T8,delta,0.5505033744230321
4,train,low,FC6,delta,0.710909924768006
4,train,low,F4,delta,0.7956643922357504
4,train,low,F8,delta,0.7809372369130395
4,train,low,AF4,delta,0.6674059396388308
4,train,low,AF3,theta,0.05794446662477439
4,train,low,F7,theta,0.08977844550178095
4,train,low,F3,theta,0.08144069389546256
4,train,low,FC5,theta,0.1071636034366588
4,train,low,T7,theta,0.05991617939473782
4,train,low,P7,theta,0.0886035340853577
4,train,low,O1,theta,0.09767495921177674
4,train,low,O2,theta,0.10024281794100492
4,train,low,P8,theta,0.06604143151815635
4,train,low,T8,theta,0.08377237235822535
4,train,low,FC6,theta,0.08464961746022734
4,train,low,F4,theta,0.07643739007795673
4,train,low,F8,theta,0.08514463231385005
4,train,low,AF4,theta,0.09482938564229058
4,train,low,AF3,alpha,0.03210203737169233
4,train,low,F7,alpha,0.09360899937966587
4,train,low,F3,alpha,0.14291523523272387
4,train,low,FC5,alpha,0.06666652611363097
4,train,low,T7,alpha,0.03196964609619854
4,train,low,P7,alpha,0.10177451141432318
4,train,low,O1,alpha,0.18329754032269197
4,train,low,O2,alpha,0.24848329831952484
4,train,low,P8,alpha,0.04552011038327956
4,train,low,T8,alpha,0.1471777733157226
4,train,low,FC6,alpha,0.10660973174721494
4,train,low,F4,alpha,0.07401555067656625
4,train,low,F8,alpha,0.08324914593685963
4,train,low,AF4,alpha,0.13682440293069253
4,train,low,AF3,beta,0.014849177213170806
4,train,low,F7,beta,0.06116789241049532
4,train,low,F3,beta,0.09715634830899281
4,train,low,FC5,beta,0.06846773355215269
4,train,low,T7,beta,0.031178349070856995
4,train,low,P7,beta,0.06918824933889932
4,train,low,O1,beta,0.11464059973607986
4,train,low,O2,beta,0.13015904597575767
4,train,low,P8,beta,0.023576147909508918
4,train,low,T8,beta,0.16967874847599718
4,train,low,FC6,beta,0.08091502444104068
4,train,low,F4,beta,0.04523308239413804
4,train,low,F8,beta,0.04135469172729011
4,train,low,AF4,beta,0.08217287634173594
4,train,low,AF3,low_gamma,0.0032883830190120517
4,train,low,F7,low_gamma,0.01518124496002271
4,train,low,F3,low_gamma,0.021092606105684298
4,train,low,FC5,low_gamma,0.01828667101525094
4,train,low,T7,low_gamma,0.010398803261465767
4,train,low,P7,low_gamma,0.01723093232693044
4,train,low,O1,low_gamma,0.017055562573248587
4,train,low,O2,low_gamma,0.01706501400636828
4,train,low,P8,low_gamma,0.004015394702899986
4,train,low,T8,low_gamma,0.04886773142702282
4,train,low,FC6,low_gamma,0.01691570158351103
4,train,low,F4,low_gamma,0.008649584615588533
4,train,low,F8,low_gamma,0.009314293108960722
4,train,low,AF4,low_gamma,0.018767395446450324
5,test,high,AF3,delta,0.47762554387383327
5,test,high,F7,delta,0.7279524323000889
5,test,high,F3,delta,0.5375106589599842
5,test,high,FC5,delta,0.5433249519589768
5,test,high,T7,delta,0.489625425839038
5,test,high,P7,delta,0.4763096137037941
5,test,high,O1,delta,0.4666712862982532
5,test,high,O2,delta,0.3364737347724432
5,test,high,P8,delta,0.39638823333059464
5,test,high,T8,delta,0.48921861461357613
5,test,high,FC6,delta,0.615306355034299
5,test,high,F4,delta,0.47639687839009714
5,test,high,F8,delta,0.698173183530397
5,test,high,AF4,delta,0.49649008515362436
5,test,high,AF3,theta,0.20173437257975146
5,test,high,F7,theta,0.13904659005639983
5,test,high,F3,theta,0.15942328365263567
5,test,high,FC5,theta,0.16863268074418528
5,test,high,T7,theta,0.1633040679517431
5,test,high,P7,theta,0.16632096913443917
5,test,high,O1,theta,0.19311948312026803
5,test,high,O2,theta,0.18716133254029102
5,test,high,P8,theta,0.18927763688508212
5,test,high,T8,theta,0.17315163008566925
5,test,high,FC6,theta,0.15480276668245693
5,test,high,F4,theta,0.16499153635241023
5,test,high,F8,theta,0.14590489824977515
5,test,high,AF4,theta,0.20251809943412333
5,test,high,AF3,alpha,0.13589277898372962
5,test,high,F7,alpha,0.06471622849753972
5,test,high,F3,alpha,0.11912946356696978
5,test,high,FC5,alpha,0.11364469821517749
5,test,high,T7,alpha,0.0974780583599257
5,test,high,P7,alpha,0.12494803565373938
5,test,high,O1,alpha,0.12569104666311084
5,test,high,O2,alpha,0.1951530733011707
5,test,high,P8,alpha,0.18306890363106576
5,test,high,T8,alpha,0.1352666162301345
5,test,high,FC6,alpha,0.09309941981056888
5,test,high,F4,alpha,0.13548037315874586
5,test,high,F8,alpha,0.07350218277409082
5,test,high,AF4,alpha,0.12452157298012305
5,test,high,AF3,beta,0.15304785604081197
5,test,high,F7,beta,0.05485908181902559
5,test,high,F3,beta,0.1469553750960865
5,test,high,FC5,beta,0.13411677422114274
5,test,high,T7,beta,0.1676551713604274
5,test,high,P7,beta,0.1661261906817561
5,test,high,O1,beta,0.1537865824967386
5,test,high,O2,beta,0.1924387804127466
5,test,high,P8,beta,0.16294086331007138
5,test,high,T8,beta,0.140717950901447
5,test,high,FC6,beta,0.09798297401668711
5,test,high,F4,beta,0.1642514054996158
5,test,high,F8,beta,0.06389350258850167
5,test,high,AF4,beta,0.13778673553114978
5,test,high,AF3,low_gamma,0.031699448521873556
5,test,high,F7,low_gamma,0.013425667326946035
5,test,high,F3,low_gamma,0.036981218724323944
5,test,high,FC5,low_gamma,0.040280894860517745
5,test,high,T7,low_gamma,0.08193727648886576
5,test,high,P7,low_gamma,0.0662951908262713
5,test,high,O1,low_gamma,0.060731601421629366
5,test,high,O2,low_gamma,0.08877307897334849
5,test,high,P8,low_gamma,0.06832436284318621
5,test,high,T8,low_gamma,0.061645188169173096
5,test,high,FC6,low_gamma,0.03880848445598807
5,test,high,F4,low_gamma,0.05887980659913092
5,test,high,F8,low_gamma,0.01852623285723526
5,test,high,AF4,low_gamma,0.038683506900979416
5,test,low,AF3,delta,0.6983573974951948
5,test,low,F7,delta,0.7649639302407907
5,test,low,F3,delta,0.7483359524496687
5,test,low,FC5,delta,0.8235164856722481
5,test,low,T7,delta,0.875712097970774
5,test,low,P7,delta,0.7772863252533516
5,test,low,O1,delta,0.7115622982739698
5,test,low,O2,delta,0.612846160657307
5,test,low,P8,delta,0.7199239856379387
5,test,low,T8,delta,0.6861870068824861
5,test,low,FC6,delta,0.6895923557820444
5,test,low,F4,delta,0.7193182061287886
5,test,low,F8,delta,0.7141339596444081
5,test,low,AF4,delta,0.6551406666390354
5,test,low,AF3,theta,0.14101693194390838
5,test,low,F7,theta,0.10969347840028137
5,test,low,F3,theta,0.12727138547385256
5,test,low,FC5,theta,0.1189844786066749
5,test,low,T7,theta,0.0822967055930175
5,test,low,P7,theta,0.11046100832634062
5,test,low,O1,theta,0.14671918972946055
5,test,low,O2,theta,0.1256016166518768
5,test,low,P8,theta,0.12765005254264739
5,test,low,T8,theta,0.1431322486703196
5,test,low,FC6,theta,0.14383620564985022
5,test,low,F4,theta,0.12166593288406649
5,test,low,F8,theta,0.13844071493684293
5,test,low,AF4,theta,0.1489524452728689
5,test,low,AF3,alpha,0.10010747488635585
5,test,low,F7,alpha,0.08110667558239308
5,test,low,F3,alpha,0.0695681689328515
5,test,low,FC5,alpha,0.03195397664976441
5,test,low,T7,alpha,0.021819679134071766
5,test,low,P7,alpha,0.07368869947192729
5,test,low,O1,alpha,0.09460206729356553
5,test,low,O2,alpha,0.19450118752241263
5,test,low,P8,alpha,0.11155251364082538
5,test,low,T8,alpha,0.122672915041387
5,test,low,FC6,alpha,0.11037210704599754
5,test,low,F4,alpha,0.09857885162901621
5,test,low,F8,alpha,0.10005263873129486
5,test,low,AF4,alpha,0.12320440152518915
5,test,low,AF3,beta,0.05391558189500436
5,test,low,F7,beta,0.0373469605189165
5,test,low,F3,beta,0.04790671237539226
5,test,low,FC5,beta,0.020005434258220097
5,test,low,T7,beta,0.015357059978839642
5,test,low,P7,beta,0.032317633141428215
5,test,low,O1,beta,0.04031520268773359
5,test,low,O2,beta,0.05838536994219213
5,test,low,P8,beta,0.036383608120637186
5,test,low,T8,beta,0.0425520597651904
5,test,low,FC6,beta,0.04988076119990308
5,test,low,F4,beta,0.05480426604191811
5,test,low,F8,beta,0.042562915421897586
5,test,low,AF4,beta,0.06555501802507897
5,test,low,AF3,low_gamma,0.006602613779536657
5,test,low,F7,low_gamma,0.006888955257618226
5,test,low,F3,low_gamma,0.006917780768234995
5,test,low,FC5,low_gamma,0.005539624813092433
5,test,low,T7,low_gamma,0.004814457323297123
5,test,low,P7,low_gamma,0.006246333806952159
5,test,low,O1,low_gamma,0.006801242015270562
5,test,low,O2,low_gamma,0.008665665226211514
5,test,low,P8,low_gamma,0.0044898400579513895
5,test,low,T8,low_gamma,0.005455769640617076
5,test,low,FC6,low_gamma,0.006318570322204676
5,test,low,F4,low_gamma,0.00563274331621062
5,test,low,F8,low_gamma,0.004809771265556468
5,test,low,AF4,low_gamma,0.007147468537827526
6,validation,high,AF3,delta,0.6042941441800387
6,validation,high,F7,delta,0.6052881573119825
6,validation,high,F3,delta,0.39351551611881425
6,validation,high,FC5,delta,0.5122521825406259
6,validation,high,T7,delta,0.10672677674964837
6,validation,high,P7,delta,0.34881074575781945
6,validation,high,O1,delta,0.5031226005264711
6,validation,high,O2,delta,0.3718842647017987
6,validation,high,P8,delta,0.47312160317850266
6,validation,high,T8,delta,0.3894433357810508
6,validation,high,FC6,delta,0.5761676687499804
6,validation,high,F4,delta,0.4773180571692007
6,validation,high,F8,delta,0.6853004373980092
6,validation,high,AF4,delta,0.4871886603508823
6,validation,high,AF3,theta,0.22448224461033495
6,validation,high,F7,theta,0.1247092363558954
6,validation,high,F3,theta,0.295483823215442
6,validation,high,FC5,theta,0.2043553294338987
6,validation,high,T7,theta,0.050553356058822704
6,validation,high,P7,theta,0.1300745711135166
6,validation,high,O1,theta,0.1977169338364603
6,validation,high,O2,theta,0.17062843356854565
6,validation,high,P8,theta,0.1500671001048055
6,validation,high,T8,theta,0.12131522423284226
6,validation,high,FC6,theta,0.15775027893404406
6,validation,high,F4,theta,0.25428570657223915
6,validation,high,F8,theta,0.1430444291665615
6,validation,high,AF4,theta,0.258722120128438
6,validation,high,AF3,alpha,0.047149047388867334
6,validation,high,F7,alpha,0.04819413743633117
6,validation,high,F3,alpha,0.09078632950194677
6,validation,high,FC5,alpha,0.1143266684149064
6,validation,high,T7,alpha,0.05227230400513248
6,validation,high,P7,alpha,0.09434444911296135
6,validation,high,O1,alpha,0.10860979730606474
6,validation,high,O2,alpha,0.12627508930046594
6,validation,high,P8,alpha,0.0934802635868061
6,validation,high,T8,alpha,0.08384503843158675
6,validation,high,FC6,alpha,0.06843891610427842
6,validation,high,F4,alpha,0.08026253016590436
6,validation,high,F8,alpha,0.051823824056925163
6,validation,high,AF4,alpha,0.07028762400953284
6,validation,high,AF3,beta,0.09785061934289702
6,validation,high,F7,beta,0.17504748414004148
6,validation,high,F3,beta,0.1734551266813665
6,validation,high,FC5,beta,0.13843984371501206
6,validation,high,T7,beta,0.5921864731181007
6,validation,high,P7,beta,0.3248469993175086
6,validation,high,O1,beta,0.15020760600738498
6,validation,high,O2,beta,0.2578099923594783
6,validation,high,P8,beta,0.2170227926107037
6,validation,high,T8,beta,0.3062112456085287
6,validation,high,FC6,beta,0.15468575612861252
6,validation,high,F4,beta,0.14729888934189875
6,validation,high,F8,beta,0.09329555540040428
6,validation,high,AF4,beta,0.14367063538716812
6,validation,high,AF3,low_gamma,0.02622394447786227
6,validation,high,F7,low_gamma,0.046760984755749385
6,validation,high,F3,low_gamma,0.046759204482430594
6,validation,high,FC5,low_gamma,0.030625975895557
6,validation,high,T7,low_gamma,0.19826109006829565
6,validation,high,P7,low_gamma,0.10192323469819402
6,validation,high,O1,low_gamma,0.04034306232361897
6,validation,high,O2,low_gamma,0.07340222006971141
6,validation,high,P8,low_gamma,0.06630824051918198
6,validation,high,T8,low_gamma,0.0991851559459915
6,validation,high,FC6,low_gamma,0.042957380083084584
6,validation,high,F4,low_gamma,0.040834816750757015
6,validation,high,F8,low_gamma,0.02653575397809994
6,validation,high,AF4,low_gamma,0.04013096012397874
6,validation,low,AF3,delta,0.623411370342801
6,validation,low,F7,delta,0.7964916688080595
6,validation,low,F3,delta,0.5113760618852298
6,validation,low,FC5,delta,0.4698382020564714
6,validation,low,T7,delta,0.20591281006833323
6,validation,low,P7,delta,0.4650897872822588
6,validation,low,O1,delta,0.6329692149779795
6,validation,low,O2,delta,0.456410968273225
6,validation,low,P8,delta,0.47255116636565986
6,validation,low,T8,delta,0.4363434034128728
6,validation,low,FC6,delta,0.5039187117680152
6,validation,low,F4,delta,0.6019239250940462
6,validation,low,F8,delta,0.7458840354497935
6,validation,low,AF4,delta,0.6510569000851391
6,validation,low,AF3,theta,0.15164534601359592
6,validation,low,F7,theta,0.13017906817997024
6,validation,low,F3,theta,0.18069191706358828
6,validation,low,FC5,theta,0.2256173449536268
6,validation,low,T7,theta,0.11335029441036704
6,validation,low,P7,theta,0.15547889612136512
6,validation,low,O1,theta,0.16619861543397627
6,validation,low,O2,theta,0.16426700607810432
6,validation,low,P8,theta,0.15821502532915216
6,validation,low,T8,theta,0.16892375040929355
6,validation,low,FC6,theta,0.15313174673777286
6,validation,low,F4,theta,0.15523108383773435
6,validation,low,F8,theta,0.1385207298364091
6,validation,low,AF4,theta,0.14139515726904553
6,validation,low,AF3,alpha,0.07331494947154245
6,validation,low,F7,alpha,0.02406910862705315
6,validation,low,F3,alpha,0.10790894985351814
6,validation,low,FC5,alpha,0.13396237021070886
6,validation,low,T7,alpha,0.08723982730156536
6,validation,low,P7,alpha,0.09971468893562181
6,validation,low,O1,alpha,0.07732474012789552
6,validation,low,O2,alpha,0.1288273707354909
6,validation,low,P8,alpha,0.12176038671217003
6,validation,low,T8,alpha,0.12549171965559772
6,validation,low,FC6,alpha,0.09708883530523682
6,validation,low,F4,alpha,0.08455519886584437
6,validation,low,F8,alpha,0.039870538417981945
6,validation,low,AF4,alpha,0.07059612541046553
6,validation,low,AF3,beta,0.11736374675296384
6,validation,low,F7,beta,0.03962432762440319
6,validation,low,F3,beta,0.15978170463437052
6,validation,low,FC5,beta,0.1431335812714006
6,validation,low,T7,beta,0.47657707208132094
6,validation,low,P7,beta,0.22416147612096418
6,validation,low,O1,beta,0.10080923888690911
6,validation,low,O2,beta,0.2043775362569784
6,validation,low,P8,beta,0.20000794198045485
6,validation,low,T8,beta,0.21391424496082717
6,validation,low,FC6,beta,0.19166373391171557
6,validation,low,F4,beta,0.12810533850230604
6,validation,low,F8,beta,0.06023512205147884
6,validation,low,AF4,beta,0.1094458039664824
6,validation,low,AF3,low_gamma,0.03426458741909666
6,validation,low,F7,low_gamma,0.009635826760513902
6,validation,low,F3,low_gamma,0.04024136656329323
6,validation,low,FC5,low_gamma,0.027448501507792288
6,validation,low,T7,low_gamma,0.11691999613841345
6,validation,low,P7,low_gamma,0.05555515153978995
6,validation,low,O1,low_gamma,0.02269819057323964
6,validation,low,O2,low_gamma,0.04611711865620134
6,validation,low,P8,low_gamma,0.04746547961256314
6,validation,low,T8,low_gamma,0.0553268815614086
6,validation,low,FC6,low_gamma,0.05419697227725956
6,validation,low,F4,low_gamma,0.03018445370006889
6,validation,low,F8,low_gamma,0.015489574244336718
6,validation,low,AF4,low_gamma,0.0275060132688676
7,train,high,AF3,delta,0.6675007430091385
7,train,high,F7,delta,0.6179906245349887
7,train,high,F3,delta,0.4513640918548926
7,train,high,FC5,delta,0.5123235793252011
7,train,high,T7,delta,0.3193150533383723
7,train,high,P7,delta,0.3652038907920202
7,train,high,O1,delta,0.4419982380818846
7,train,high,O2,delta,0.4362317936939351
7,train,high,P8,delta,0.5018503082688033
7,train,high,T8,delta,0.7102819590727915
7,train,high,FC6,delta,0.5449842835192733
7,train,high,F4,delta,0.5547638619664836
7,train,high,F8,delta,0.7386851878516227
7,train,high,AF4,delta,0.5504413138913616
7,train,high,AF3,theta,0.17732405211229652
7,train,high,F7,theta,0.19424310887675253
7,train,high,F3,theta,0.22734275620601962
7,train,high,FC5,theta,0.2062340642177428
7,train,high,T7,theta,0.16527930356000065
7,train,high,P7,theta,0.21148942069384638
7,train,high,O1,theta,0.24875380819547183
7,train,high,O2,theta,0.2164162778754042
7,train,high,P8,theta,0.1980291209293994
7,train,high,T8,theta,0.10743726711807809
7,train,high,FC6,theta,0.19516164944763237
7,train,high,F4,theta,0.19900939039315768
7,train,high,F8,theta,0.13444631941359897
7,train,high,AF4,theta,0.21182420446691178
7,train,high,AF3,alpha,0.07685761446719162
7,train,high,F7,alpha,0.07907829579614734
7,train,high,F3,alpha,0.13553044074436732
7,train,high,FC5,alpha,0.10947467545821982
7,train,high,T7,alpha,0.13157401657810858
7,train,high,P7,alpha,0.14317421329430075
7,train,high,O1,alpha,0.14636469070712463
7,train,high,O2,alpha,0.16056272515115355
7,train,high,P8,alpha,0.13804529948037694
7,train,high,T8,alpha,0.06896317309676392
7,train,high,FC6,alpha,0.11892075983879193
7,train,high,F4,alpha,0.11385618375466322
7,train,high,F8,alpha,0.061476063162751615
7,train,high,AF4,alpha,0.1121245173828991
7,train,high,AF3,beta,0.06573782337708053
7,train,high,F7,beta,0.08414549403179519
7,train,high,F3,beta,0.1463101835231474
7,train,high,FC5,beta,0.1334086431435339
7,train,high,T7,beta,0.2646106251288036
7,train,high,P7,beta,0.2154837915591492
7,train,high,O1,beta,0.13070060677794962
7,train,high,O2,beta,0.15207903181656973
7,train,high,P8,beta,0.13098777307298037
7,train,high,T8,beta,0.08676183873696215
7,train,high,FC6,beta,0.11475353368762074
7,train,high,F4,beta,0.10771584034909351
7,train,high,F8,beta,0.05326513110328077
7,train,high,AF4,beta,0.10186062423645162
7,train,high,AF3,low_gamma,0.01257976703429282
7,train,high,F7,low_gamma,0.024542476760316248
7,train,high,F3,low_gamma,0.03945252767157298
7,train,high,FC5,low_gamma,0.038559037855302306
7,train,high,T7,low_gamma,0.11922100139471499
7,train,high,P7,low_gamma,0.06464868366068344
7,train,high,O1,low_gamma,0.03218265623756931
7,train,high,O2,low_gamma,0.03471017146293742
7,train,high,P8,low_gamma,0.03108749824844005
7,train,high,T8,low_gamma,0.026555761975404463
7,train,high,FC6,low_gamma,0.026179773506681662
7,train,high,F4,low_gamma,0.024654723536601923
7,train,high,F8,low_gamma,0.012127298468745962
7,train,high,AF4,low_gamma,0.02374934002237593
7,train,low,AF3,delta,0.8038778437608698
7,train,low,F7,delta,0.3521628317967996
7,train,low,F3,delta,0.3490387056136646
7,train,low,FC5,delta,0.37437841714922965
7,train,low,T7,delta,0.16331709274492376
7,train,low,P7,delta,0.3178154490955669
7,train,low,O1,delta,0.4439089324060081
7,train,low,O2,delta,0.32052550319468154
7,train,low,P8,delta,0.38906231112752143
7,train,low,T8,delta,0.2048057723419104
7,train,low,FC6,delta,0.2896357756117319
7,train,low,F4,delta,0.4288405569859818
7,train,low,F8,delta,0.3681327611769271
7,train,low,AF4,delta,0.5803000391704597
7,train,low,AF3,theta,0.06054319410419044
7,train,low,F7,theta,0.19809693191895295
7,train,low,F3,theta,0.1973754024101623
7,train,low,FC5,theta,0.1943410509992389
7,train,low,T7,theta,0.08857643819210645
7,train,low,P7,theta,0.19438882992997908
7,train,low,O1,theta,0.17642007268016696
7,train,low,O2,theta,0.18205001671049797
7,train,low,P8,theta,0.1826908511342226
7,train,low,T8,theta,0.1512358514345519
7,train,low,FC6,theta,0.19311283447114505
7,train,low,F4,theta,0.18397362315964177
7,train,low,F8,theta,0.18287301087482025
7,train,low,AF4,theta,0.13369001500286262
7,train,low,AF3,alpha,0.07587466101801854
7,train,low,F7,alpha,0.20795202071277052
7,train,low,F3,alpha,0.2346993626502699
7,train,low,FC5,alpha,0.18978850910015815
7,train,low,T7,alpha,0.08908536504527521
7,train,low,P7,alpha,0.17741245330896926
7,train,low,O1,alpha,0.18623685208961147
7,train,low,O2,alpha,0.2961190388368335
7,train,low,P8,alpha,0.212187227972922
7,train,low,T8,alpha,0.21138948052407305
7,train,low,FC6,alpha,0.27856635757740184
7,train,low,F4,alpha,0.23113428585738852
7,train,low,F8,alpha,0.23662802577487374
7,train,low,AF4,alpha,0.1724932944587077
7,train,low,AF3,beta,0.04788221039373161
7,train,low,F7,beta,0.18843682420086044
7,train,low,F3,beta,0.1725440493396658
7,train,low,FC5,beta,0.18329191151479715
7,train,low,T7,beta,0.4253084414506295
7,train,low,P7,beta,0.23250136943374355
7,train,low,O1,beta,0.15333914931443723
7,train,low,O2,beta,0.16389597859560295
7,train,low,P8,beta,0.16418918293949475
7,train,low,T8,beta,0.29986040140215003
7,train,low,FC6,beta,0.17878893251678932
7,train,low,F4,beta,0.1259384526773997
7,train,low,F8,beta,0.16679195036296068
7,train,low,AF4,beta,0.0915046799971431
7,train,low,AF3,low_gamma,0.011822090723189573
7,train,low,F7,low_gamma,0.05335139137061658
7,train,low,F3,low_gamma,0.04634247998623733
7,train,low,FC5,low_gamma,0.05820011123657614
7,train,low,T7,low_gamma,0.23371266256706505
7,train,low,P7,low_gamma,0.07788189823174116
7,train,low,O1,low_gamma,0.04009499350977632
7,train,low,O2,low_gamma,0.03740946266238406
7,train,low,P8,low_gamma,0.051870426825839325
7,train,low,T8,low_gamma,0.13270849429731468
7,train,low,FC6,low_gamma,0.059896099822931884
7,train,low,F4,low_gamma,0.03011308131958813
7,train,low,F8,low_gamma,0.045574251810418166
7,train,low,AF4,low_gamma,0.022011971370826916
8,validation,high,AF3,delta,0.5661075574057718
8,validation,high,F7,delta,0.6881907069938776
8,validation,high,F3,delta,0.5475595489092703
8,validation,high,FC5,delta,0.6173534265828483
8,validation,high,T7,delta,0.444182907679847
8,validation,high,P7,delta,0.38999214808358235
8,validation,high,O1,delta,0.6196112712225991
8,validation,high,O2,delta,0.5010294982602256
8,validation,high,P8,delta,0.5064488514750082
8,validation,high,T8,delta,0.669707697532373
8,validation,high,FC6,delta,0.6747887865057709
8,validation,high,F4,delta,0.6146078805714584
8,validation,high,F8,delta,0.7353022531175545
8,validation,high,AF4,delta,0.7192464332361892
8,validation,high,AF3,theta,0.202137850489873
8,validation,high,F7,theta,0.17763759668273993
8,validation,high,F3,theta,0.2304006357083315
8,validation,high,FC5,theta,0.18387859148757074
8,validation,high,T7,theta,0.16144184309254195
8,validation,high,P7,theta,0.20562367901505366
8,validation,high,O1,theta,0.16143942375363385
8,validation,high,O2,theta,0.19959988775650564
8,validation,high,P8,theta,0.19105371504148025
8,validation,high,T8,theta,0.14070698992401018
8,validation,high,FC6,theta,0.18119654679620198
8,validation,high,F4,theta,0.188780067411909
8,validation,high,F8,theta,0.16425647688925818
8,validation,high,AF4,theta,0.17986072005638218
8,validation,high,AF3,alpha,0.06738673161577818
8,validation,high,F7,alpha,0.05931802404159075
8,validation,high,F3,alpha,0.09266046039173942
8,validation,high,FC5,alpha,0.0756271106901878
8,validation,high,T7,alpha,0.10550224765440773
8,validation,high,P7,alpha,0.1358751251456159
8,validation,high,O1,alpha,0.08569804128717484
8,validation,high,O2,alpha,0.12019890224894955
8,validation,high,P8,alpha,0.11814041073955912
8,validation,high,T8,alpha,0.07802006088030987
8,validation,high,FC6,alpha,0.07219053534393113
8,validation,high,F4,alpha,0.08501371898564415
8,validation,high,F8,alpha,0.05497062501244126
8,validation,high,AF4,alpha,0.0534268760072288
8,validation,high,AF3,beta,0.14309952189766373
8,validation,high,F7,beta,0.057630151649873965
8,validation,high,F3,beta,0.09895572172144977
8,validation,high,FC5,beta,0.0932199527063998
8,validation,high,T7,beta,0.20381682617303568
8,validation,high,P7,beta,0.20053377668494232
8,validation,high,O1,beta,0.10039908266950777
8,validation,high,O2,beta,0.13885681990296977
8,validation,high,P8,beta,0.13885141737258005
8,validation,high,T8,beta,0.08635124339803674
8,validation,high,FC6,beta,0.057309076777210095
8,validation,high,F4,beta,0.08697506617396437
8,validation,high,F8,beta,0.03632379963534919
8,validation,high,AF4,beta,0.03733351955134468
8,validation,high,AF3,low_gamma,0.021268338590913274
8,validation,high,F7,low_gamma,0.01722352063191766
8,validation,high,F3,low_gamma,0.0304236332692091
8,validation,high,FC5,low_gamma,0.029920918532993473
8,validation,high,T7,low_gamma,0.0850561754001676
8,validation,high,P7,low_gamma,0.06797527107080574
8,validation,high,O1,low_gamma,0.032852181067084534
8,validation,high,O2,low_gamma,0.040314891831349585
8,validation,high,P8,low_gamma,0.04550560537137243
8,validation,high,T8,low_gamma,0.025214008265270194
8,validation,high,FC6,low_gamma,0.014515054576885783
8,validation,high,F4,low_gamma,0.024623266857024078
8,validation,high,F8,low_gamma,0.009146845345396823
8,validation,high,AF4,low_gamma,0.010132451148855035
8,validation,low,AF3,delta,0.7529924808803696
8,validation,low,F7,delta,0.6058615040566239
8,validation,low,F3,delta,0.5672711287693027
8,validation,low,FC5,delta,0.6304059671857731
8,validation,low,T7,delta,0.7109696261318623
8,validation,low,P7,delta,0.5672252009142239
8,validation,low,O1,delta,0.5408299289331775
8,validation,low,O2,delta,0.4170857452932294
8,validation,low,P8,delta,0.41411459741710643
8,validation,low,T8,delta,0.49620112738902034
8,validation,low,FC6,delta,0.4928573418384427
8,validation,low,F4,delta,0.4967345180052856
8,validation,low,F8,delta,0.7398118979820537
8,validation,low,AF4,delta,0.6328744738901855
8,validation,low,AF3,theta,0.0886407035687434
8,validation,low,F7,theta,0.12394110057328199
8,validation,low,F3,theta,0.13410191405095348
8,validation,low,FC5,theta,0.12707742986865359
8,validation,low,T7,theta,0.06179184994667044
8,validation,low,P7,theta,0.12271583572986147
8,validation,low,O1,theta,0.13893097004981098
8,validation,low,O2,theta,0.14144282802467134
8,validation,low,P8,theta,0.14058168709499783
8,validation,low,T8,theta,0.11659155211078401
8,validation,low,FC6,theta,0.15158533486936332
8,validation,low,F4,theta,0.15729457121693935
8,validation,low,F8,theta,0.1003493744847656
8,validation,low,AF4,theta,0.1260547461944859
8,validation,low,AF3,alpha,0.07705450154383126
8,validation,low,F7,alpha,0.12088762414305192
8,validation,low,F3,alpha,0.13634294892947596
8,validation,low,FC5,alpha,0.10716845614422196
8,validation,low,T7,alpha,0.04128049873344357
8,validation,low,P7,alpha,0.11347055960580549
8,validation,low,O1,alpha,0.14738896649512181
8,validation,low,O2,alpha,0.23663541279512362
8,validation,low,P8,alpha,0.20715761389091925
8,validation,low,T8,alpha,0.13861501406901863
8,validation,low,FC6,alpha,0.1600011567377515
8,validation,low,F4,alpha,0.17034172391992414
8,validation,low,F8,alpha,0.07843044405918725
8,validation,low,AF4,alpha,0.11298366865809231
8,validation,low,AF3,beta,0.06449828583802612
8,validation,low,F7,beta,0.11921234039971747
8,validation,low,F3,beta,0.12700381315221518
8,validation,low,FC5,beta,0.10642580535437234
8,validation,low,T7,beta,0.13373008826519817
8,validation,low,P7,beta,0.1508905510808151
8,validation,low,O1,beta,0.13315307826500092
8,validation,low,O2,beta,0.1699384377142958
8,validation,low,P8,beta,0.19614086988790327
8,validation,low,T8,beta,0.19118940085872888
8,validation,low,FC6,beta,0.15302935965076989
8,validation,low,F4,beta,0.14289246884040288
8,validation,low,F8,beta,0.06511582384020441
8,validation,low,AF4,beta,0.10292518522643092
8,validation,low,AF3,low_gamma,0.016814028169029674
8,validation,low,F7,low_gamma,0.030097430827324842
8,validation,low,F3,low_gamma,0.035280195098052726
8,validation,low,FC5,low_gamma,0.028922341446979135
8,validation,low,T7,low_gamma,0.05222793692282543
8,validation,low,P7,low_gamma,0.045697852669293965
8,validation,low,O1,low_gamma,0.03969705625688892
8,validation,low,O2,low_gamma,0.03489757617267993
8,validation,low,P8,low_gamma,0.04200523170907308
8,validation,low,T8,low_gamma,0.057402905572448114
8,validation,low,FC6,low_gamma,0.04252680690367255
8,validation,low,F4,low_gamma,0.032736718017447916
8,validation,low,F8,low_gamma,0.01629245963378899
8,validation,low,AF4,low_gamma,0.025161926030805498
9,train,high,AF3,delta,0.4425053793828987
9,train,high,F7,delta,0.5120610316261436
9,train,high,F3,delta,0.38370653115290476
9,train,high,FC5,delta,0.4961453737949342
9,train,high,T7,delta,0.46717900224639175
9,train,high,P7,delta,0.4046660995131121
9,train,high,O1,delta,0.49850604857793884
9,train,high,O2,delta,0.2890361913532691
9,train,high,P8,delta,0.29200788773999004
9,train,high,T8,delta,0.3627456711087679
9,train,high,FC6,delta,0.44100954052996194
9,train,high,F4,delta,0.4622031845555101
9,train,high,F8,delta,0.5035548425586888
9,train,high,AF4,delta,0.4595774003573234
9,train,high,AF3,theta,0.19402891093171695
9,train,high,F7,theta,0.18568075581704943
9,train,high,F3,theta,0.18748434434844743
9,train,high,FC5,theta,0.17282076512906466
9,train,high,T7,theta,0.16893865080725404
9,train,high,P7,theta,0.16916397016871118
9,train,high,O1,theta,0.17762092494779524
9,train,high,O2,theta,0.1764409983301691
9,train,high,P8,theta,0.16989447888313816
9,train,high,T8,theta,0.1664681233644559
9,train,high,FC6,theta,0.1665659343526733
9,train,high,F4,theta,0.15600145145677224
9,train,high,F8,theta,0.17153331486839424
9,train,high,AF4,theta,0.18491873964746347
9,train,high,AF3,alpha,0.20904908331194205
9,train,high,F7,alpha,0.162225761870829
9,train,high,F3,alpha,0.22957738748143558
9,train,high,FC5,alpha,0.17211591156357584
9,train,high,T7,alpha,0.1663565750631539
9,train,high,P7,alpha,0.2437084887287478
9,train,high,O1,alpha,0.17632057068508045
9,train,high,O2,alpha,0.358911114194775
9,train,high,P8,alpha,0.3665940825352816
9,train,high,T8,alpha,0.32074021073848386
9,train,high,FC6,alpha,0.26029928742941066
9,train,high,F4,alpha,0.2367756806291621
9,train,high,F8,alpha,0.20375663147122494
9,train,high,AF4,alpha,0.21792893607918004
9,train,high,AF3,beta,0.1380986327031404
9,train,high,F7,beta,0.11700159751493025
9,train,high,F3,beta,0.17839087443835167
9,train,high,FC5,beta,0.13271457277462415
9,train,high,T7,beta,0.15533292082766106
9,train,high,P7,beta,0.15525754538191353
9,train,high,O1,beta,0.12547447531520048
9,train,high,O2,beta,0.16005614269670243
9,train,high,P8,beta,0.1584239100866289
9,train,high,T8,beta,0.13534266595695948
9,train,high,FC6,beta,0.1189874828328311
9,train,high,F4,beta,0.13199657537976536
9,train,high,F8,beta,0.10562376964297218
9,train,high,AF4,beta,0.12392717424530741
9,train,high,AF3,low_gamma,0.016317993670301813
9,train,high,F7,low_gamma,0.023030853171047652
9,train,high,F3,low_gamma,0.020840862578860513
9,train,high,FC5,low_gamma,0.026203376737800967
9,train,high,T7,low_gamma,0.04219285105553909
9,train,high,P7,low_gamma,0.027203896207515333
9,train,high,O1,low_gamma,0.02207798047398507
9,train,high,O2,low_gamma,0.015555553425084403
9,train,high,P8,low_gamma,0.013079640754961222
9,train,high,T8,low_gamma,0.014703328831332834
9,train,high,FC6,low_gamma,0.013137754855122964
9,train,high,F4,low_gamma,0.01302310797879024
9,train,high,F8,low_gamma,0.015531441458719854
9,train,high,AF4,low_gamma,0.013647749670725762
9,train,low,AF3,delta,0.4041163263300272
9,train,low,F7,delta,0.373533163422071
9,train,low,F3,delta,0.3119238946409522
9,train,low,FC5,delta,0.42316171880597275
9,train,low,T7,delta,0.2745316531582668
9,train,low,P7,delta,0.26819045645307926
9,train,low,O1,delta,0.3425264181129526
9,train,low,O2,delta,0.16109221959757883
9,train,low,P8,delta,0.1540348916897199
9,train,low,T8,delta,0.18205901922564474
9,train,low,FC6,delta,0.5398190906855801
9,train,low,F4,delta,0.364612185443986
9,train,low,F8,delta,0.33235948383387054
9,train,low,AF4,delta,0.3629364015293548
9,train,low,AF3,theta,0.17109741157318092
9,train,low,F7,theta,0.1649196053615029
9,train,low,F3,theta,0.1514348499445787
9,train,low,FC5,theta,0.13754580581439826
9,train,low,T7,theta,0.1387128906936258
9,train,low,P7,theta,0.16330629019237086
9,train,low,O1,theta,0.10380616667473823
9,train,low,O2,theta,0.09106718932941132
9,train,low,P8,theta,0.120761785850457
9,train,low,T8,theta,0.14076607194711688
9,train,low,FC6,theta,0.09312611015362166
9,train,low,F4,theta,0.13563014991425737
9,train,low,F8,theta,0.13563953805268872
9,train,low,AF4,theta,0.16645637227295917
9,train,low,AF3,alpha,0.3013751974438977
9,train,low,F7,alpha,0.3218553461642243
9,train,low,F3,alpha,0.3575122897988578
9,train,low,FC5,alpha,0.28717877559721305
9,train,low,T7,alpha,0.31036193141286983
9,train,low,P7,alpha,0.38625951313349016
9,train,low,O1,alpha,0.4315605829473834
9,train,low,O2,alpha,0.611482057271594
9,train,low,P8,alpha,0.5791533272286747
9,train,low,T8,alpha,0.5223513219975772
9,train,low,FC6,alpha,0.27579349300834366
9,train,low,F4,alpha,0.36780823173987953
9,train,low,F8,alpha,0.3855278005281648
9,train,low,AF4,alpha,0.35506644547604466
9,train,low,AF3,beta,0.11095757666144075
9,train,low,F7,beta,0.12231529714330812
9,train,low,F3,beta,0.16237823084733707
9,train,low,FC5,beta,0.13145465774582718
9,train,low,T7,beta,0.21026472626425263
9,train,low,P7,beta,0.1569104065885532
9,train,low,O1,beta,0.11000570213582037
9,train,low,O2,beta,0.12849259729128726
9,train,low,P8,beta,0.1390006838615435
9,train,low,T8,beta,0.1386004965966861
9,train,low,FC6,beta,0.08138197863422766
9,train,low,F4,beta,0.11981900481338363
9,train,low,F8,beta,0.128022633043097
9,train,low,AF4,beta,0.10419408792405477
9,train,low,AF3,low_gamma,0.012453487991453379
9,train,low,F7,low_gamma,0.017376587908893702
9,train,low,F3,low_gamma,0.016750734768274177
9,train,low,FC5,low_gamma,0.02065904203658872
9,train,low,T7,low_gamma,0.066128798470985
9,train,low,P7,low_gamma,0.025333333632506526
9,train,low,O1,low_gamma,0.012101130129105365
9,train,low,O2,low_gamma,0.007865936510128577
9,train,low,P8,low_gamma,0.007049311369604822
9,train,low,T8,low_gamma,0.01622309023297519
9,train,low,FC6,low_gamma,0.009879327518226906
9,train,low,F4,low_gamma,0.01213042808849342
9,train,low,F8,low_gamma,0.01845054454217877
9,train,low,AF4,low_gamma,0.011346692797586691
10,train,high,AF3,delta,0.6384704118056341
10,train,high,F7,delta,0.8656057537958037
10,train,high,F3,delta,0.4705628918471261
10,train,high,FC5,delta,0.7282515528566544
10,train,high,T7,delta,0.6773501196822587
10,train,high,P7,delta,0.5722597318952178
10,train,high,O1,delta,0.5266610221641174
10,train,high,O2,delta,0.5164028017118784
10,train,high,P8,delta,0.5054523490042733
10,train,high,T8,delta,0.5461972195451661
10,train,high,FC6,delta,0.5729594578148792
10,train,high,F4,delta,0.6645773765266819
10,train,high,F8,delta,0.6196555566902855
10,train,high,AF4,delta,0.5283878611959528
10,train,high,AF3,theta,0.12070406220929945
10,train,high,F7,theta,0.08288405728856135
10,train,high,F3,theta,0.2395981019066807
10,train,high,FC5,theta,0.14361196377564117
10,train,high,T7,theta,0.12756487100531713
10,train,high,P7,theta,0.1784207491057954
10,train,high,O1,theta,0.2000011164529801
10,train,high,O2,theta,0.22769755222061977
10,train,high,P8,theta,0.21275507305924218
10,train,high,T8,theta,0.20700572813764712
10,train,high,FC6,theta,0.2233419954819559
10,train,high,F4,theta,0.1844775676152445
10,train,high,F8,theta,0.22367174669436077
10,train,high,AF4,theta,0.22064948273371304
10,train,high,AF3,alpha,0.0403219826719847
10,train,high,F7,alpha,0.015830744961032445
10,train,high,F3,alpha,0.09497718197731192
10,train,high,FC5,alpha,0.033554147325314664
10,train,high,T7,alpha,0.057621821594472614
10,train,high,P7,alpha,0.08579378612794228
10,train,high,O1,alpha,0.09682384776091922
10,train,high,O2,alpha,0.10138744889275239
10,train,high,P8,alpha,0.09851634842171478
10,train,high,T8,alpha,0.0928081846021577
10,train,high,FC6,alpha,0.07505565618687554
10,train,high,F4,alpha,0.06037653556060935
10,train,high,F8,alpha,0.05550984790263512
10,train,high,AF4,alpha,0.07132109896014274
10,train,high,AF3,beta,0.13189609055516457
10,train,high,F7,beta,0.02469045639469979
10,train,high,F3,beta,0.13851763541903095
10,train,high,FC5,beta,0.06595965580263315
10,train,high,T7,beta,0.09868745898070436
10,train,high,P7,beta,0.11911475451753088
10,train,high,O1,beta,0.12834575101669068
10,train,high,O2,beta,0.11448895475158324
10,train,high,P8,beta,0.13531528511944024
10,train,high,T8,beta,0.11798300990772698
10,train,high,FC6,beta,0.09770886759220664
10,train,high,F4,beta,0.0677944705214669
10,train,high,F8,beta,0.0757106909709152
10,train,high,AF4,beta,0.12536216497825703
10,train,high,AF3,low_gamma,0.06860745275791716
10,train,high,F7,low_gamma,0.01098898755990269
10,train,high,F3,low_gamma,0.05634418884985014
10,train,high,FC5,low_gamma,0.02862268023975663
10,train,high,T7,low_gamma,0.038775728737247314
10,train,high,P7,low_gamma,0.04441097835351348
10,train,high,O1,low_gamma,0.048168262605292535
10,train,high,O2,low_gamma,0.04002324242316628
10,train,high,P8,low_gamma,0.047960944395329566
10,train,high,T8,low_gamma,0.03600585780730212
10,train,high,FC6,low_gamma,0.030934022924082722
10,train,high,F4,low_gamma,0.022774049775997406
10,train,high,F8,low_gamma,0.025452157741803462
10,train,high,AF4,low_gamma,0.054279392131934424
10,train,low,AF3,delta,0.7873206215870892
10,train,low,F7,delta,0.807817768561285
10,train,low,F3,delta,0.41842264387909534
10,train,low,FC5,delta,0.4379530221628649
10,train,low,T7,delta,0.6064126448032158
10,train,low,P7,delta,0.3763829940400686
10,train,low,O1,delta,0.3329425323359278
10,train,low,O2,delta,0.3622710147924244
10,train,low,P8,delta,0.3869503078178349
10,train,low,T8,delta,0.29950747874858985
10,train,low,FC6,delta,0.42254992374623235
10,train,low,F4,delta,0.6016055405792786
10,train,low,F8,delta,0.4473620423530704
10,train,low,AF4,delta,0.4994739251715494
10,train,low,AF3,theta,0.114242482741846
10,train,low,F7,theta,0.12375124847320013
10,train,low,F3,theta,0.22990456483454316
10,train,low,FC5,theta,0.1733983411585572
10,train,low,T7,theta,0.14759796939267686
10,train,low,P7,theta,0.18960204894789603
10,train,low,O1,theta,0.18937216422373263
10,train,low,O2,theta,0.198288615280819
10,train,low,P8,theta,0.20049663896013528
10,train,low,T8,theta,0.20953205408334571
10,train,low,FC6,theta,0.2024975991683141
10,train,low,F4,theta,0.16372558552572958
10,train,low,F8,theta,0.22927791402417802
10,train,low,AF4,theta,0.22423459447671484
10,train,low,AF3,alpha,0.04145282217700028
10,train,low,F7,alpha,0.025674025602312488
10,train,low,F3,alpha,0.14023846292076964
10,train,low,FC5,alpha,0.11870921167569055
10,train,low,T7,alpha,0.07892631874535541
10,train,low,P7,alpha,0.14521521976040858
10,train,low,O1,alpha,0.1560320852720398
10,train,low,O2,alpha,0.16346501948651787
10,train,low,P8,alpha,0.15921234377795349
10,train,low,T8,alpha,0.1819580953817075
10,train,low,FC6,alpha,0.14275293414368403
10,train,low,F4,alpha,0.09793664325152515
10,train,low,F8,alpha,0.13837096646402847
10,train,low,AF4,alpha,0.11876647111058271
10,train,low,AF3,beta,0.043153721652775895
10,train,low,F7,beta,0.030035073319000443
10,train,low,F3,beta,0.15922925385787223
10,train,low,FC5,beta,0.19351853457616042
10,train,low,T7,beta,0.12549317671573454
10,train,low,P7,beta,0.21556800490272787
10,train,low,O1,beta,0.23665900650959468
10,train,low,O2,beta,0.2085186396273982
10,train,low,P8,beta,0.191976903211926
10,train,low,T8,beta,0.24191861379163102
10,train,low,FC6,beta,0.17511579770143718
10,train,low,F4,beta,0.10380172058553629
10,train,low,F8,beta,0.1472643989189696
10,train,low,AF4,beta,0.1239412721946174
10,train,low,AF3,low_gamma,0.013830351841288554
10,train,low,F7,low_gamma,0.012721884044201976
10,train,low,F3,low_gamma,0.05220507450771969
10,train,low,FC5,low_gamma,0.07642089042672683
10,train,low,T7,low_gamma,0.04156989034301747
10,train,low,P7,low_gamma,0.07323173234889885
10,train,low,O1,low_gamma,0.08499421165870512
10,train,low,O2,low_gamma,0.06745671081284055
10,train,low,P8,low_gamma,0.061363806232150285
10,train,low,T8,low_gamma,0.06708375799472585
10,train,low,FC6,low_gamma,0.05708374524033242
10,train,low,F4,low_gamma,0.03293051005793039
10,train,low,F8,low_gamma,0.03772467823975336
10,train,low,AF4,low_gamma,0.033583737046535674
11,train,high,AF3,delta,0.47658552808939947
11,train,high,F7,delta,0.5374209275111249
11,train,high,F3,delta,0.4714860070586237
11,train,high,FC5,delta,0.2505971648803107
11,train,high,T7,delta,0.7025572655973357
11,train,high,P7,delta,0.43885550975657295
11,train,high,O1,delta,0.4079507361593603
11,train,high,O2,delta,0.2949999305583624
11,train,high,P8,delta,0.3254013561342067
11,train,high,T8,delta,0.5862177430848721
11,train,high,FC6,delta,0.4336500945806305
11,train,high,F4,delta,0.47125124524888967
11,train,high,F8,delta,0.5739351641843583
11,train,high,AF4,delta,0.47563565642096356
11,train,high,AF3,theta,0.1807765491982888
11,train,high,F7,theta,0.15582740870127412
11,train,high,F3,theta,0.1620746747805621
11,train,high,FC5,theta,0.08685330141090139
11,train,high,T7,theta,0.1372754278452306
11,train,high,P7,theta,0.14777850690339095
11,train,high,O1,theta,0.17896020840892987
11,train,high,O2,theta,0.21511266896004946
11,train,high,P8,theta,0.16684674192700785
11,train,high,T8,theta,0.13795187588918728
11,train,high,FC6,theta,0.18695391761736802
11,train,high,F4,theta,0.18344807342845013
11,train,high,F8,theta,0.16368666308512453
11,train,high,AF4,theta,0.20241819828439614
11,train,high,AF3,alpha,0.13239634952810433
11,train,high,F7,alpha,0.09923587783547273
11,train,high,F3,alpha,0.1187705031785561
11,train,high,FC5,alpha,0.09326680415612133
11,train,high,T7,alpha,0.06161222215316338
11,train,high,P7,alpha,0.14364742574629127
11,train,high,O1,alpha,0.1580949903162356
11,train,high,O2,alpha,0.23726523369985783
11,train,high,P8,alpha,0.20336383458860668
11,train,high,T8,alpha,0.11335814170134052
11,train,high,FC6,alpha,0.15095922751081464
11,train,high,F4,alpha,0.1355916156824257
11,train,high,F8,alpha,0.1060170918464323
11,train,high,AF4,alpha,0.13295985752336545
11,train,high,AF3,beta,0.16219164298683456
11,train,high,F7,beta,0.14698238616781525
11,train,high,F3,beta,0.18551968294184262
11,train,high,FC5,beta,0.3739209012889012
11,train,high,T7,beta,0.07202606714787688
11,train,high,P7,beta,0.19378491824596947
11,train,high,O1,beta,0.18837404274351155
11,train,high,O2,beta,0.19893184563917385
11,train,high,P8,beta,0.2290202163538247
11,train,high,T8,beta,0.12545110933107687
11,train,high,FC6,beta,0.18044455079931193
11,train,high,F4,beta,0.16646902688102852
11,train,high,F8,beta,0.12272301288212195
11,train,high,AF4,beta,0.15037908445500772
11,train,high,AF3,low_gamma,0.04804993019737289
11,train,high,F7,low_gamma,0.06053339978431299
11,train,high,F3,low_gamma,0.06214913204041539
11,train,high,FC5,low_gamma,0.1953618282637654
11,train,high,T7,low_gamma,0.02652901725639335
11,train,high,P7,low_gamma,0.07593363934777536
11,train,high,O1,low_gamma,0.06662002237196255
11,train,high,O2,low_gamma,0.05369032114255639
11,train,high,P8,low_gamma,0.07536785099635412
11,train,high,T8,low_gamma,0.03702112999352323
11,train,high,FC6,low_gamma,0.04799220949187494
11,train,high,F4,low_gamma,0.04324003875920599
11,train,high,F8,low_gamma,0.033638068001962965
11,train,high,AF4,low_gamma,0.038607203316266984
11,train,low,AF3,delta,0.48343382064868357
11,train,low,F7,delta,0.48140060057643264
11,train,low,F3,delta,0.3801298528023619
11,train,low,FC5,delta,0.296460511610616
11,train,low,T7,delta,0.4709622543417543
11,train,low,P7,delta,0.299694788892171
11,train,low,O1,delta,0.25080088373766074
11,train,low,O2,delta,0.20027634975668004
11,train,low,P8,delta,0.2956287176478833
11,train,low,T8,delta,0.29976205248257026
11,train,low,FC6,delta,0.40723767458349386
11,train,low,F4,delta,0.5879727350891853
11,train,low,F8,delta,0.4209309078005043
11,train,low,AF4,delta,0.4269324009478089
11,train,low,AF3,theta,0.13933902261568842
11,train,low,F7,theta,0.1586168673199135
11,train,low,F3,theta,0.15300392721062225
11,train,low,FC5,theta,0.13223849404601964
11,train,low,T7,theta,0.20002987559205473
11,train,low,P7,theta,0.16788958330792936
11,train,low,O1,theta,0.11737947958820705
11,train,low,O2,theta,0.11570382556903289
11,train,low,P8,theta,0.13855374806639723
11,train,low,T8,theta,0.15322266809116458
11,train,low,FC6,theta,0.1549541910930649
11,train,low,F4,theta,0.12516677707865217
11,train,low,F8,theta,0.15880015075950052
11,train,low,AF4,theta,0.16337170037840174
11,train,low,AF3,alpha,0.21615670164316658
11,train,low,F7,alpha,0.20312079968856828
11,train,low,F3,alpha,0.2536316826018155
11,train,low,FC5,alpha,0.21425923253025286
11,train,low,T7,alpha,0.15390574455225023
11,train,low,P7,alpha,0.25558169616489396
11,train,low,O1,alpha,0.38901822469554226
11,train,low,O2,alpha,0.44713909465906254
11,train,low,P8,alpha,0.3332449095339717
11,train,low,T8,alpha,0.26398856470516147
11,train,low,FC6,alpha,0.2075140242351987
11,train,low,F4,alpha,0.16573751867610761
11,train,low,F8,alpha,0.2286540993856669
11,train,low,AF4,alpha,0.2338824737438998
11,train,low,AF3,beta,0.1271623741639763
11,train,low,F7,beta,0.11972268436654013
11,train,low,F3,beta,0.1656887782843246
11,train,low,FC5,beta,0.25725928398079156
11,train,low,T7,beta,0.12633740042771502
11,train,low,P7,beta,0.20803216405141534
11,train,low,O1,beta,0.19222467935445967
11,train,low,O2,beta,0.20228179766867718
11,train,low,P8,beta,0.1915297809042189
11,train,low,T8,beta,0.22293212710684296
11,train,low,FC6,beta,0.18083900585674142
11,train,low,F4,beta,0.09877312158579389
11,train,low,F8,beta,0.15277825308942708
11,train,low,AF4,beta,0.1434319809741783
11,train,low,AF3,low_gamma,0.03390808092848513
11,train,low,F7,low_gamma,0.037139048048545294
11,train,low,F3,low_gamma,0.04754575910087579
11,train,low,FC5,low_gamma,0.09978247783232001
11,train,low,T7,low_gamma,0.04876472508622567
11,train,low,P7,low_gamma,0.06880176758359031
11,train,low,O1,low_gamma,0.05057673262413028
11,train,low,O2,low_gamma,0.03459893234654737
11,train,low,P8,low_gamma,0.041042843847528855
11,train,low,T8,low_gamma,0.06009458761426077
11,train,low,FC6,low_gamma,0.04945510423150106
11,train,low,F4,low_gamma,0.022349847570260793
11,train,low,F8,low_gamma,0.03883658896490121
11,train,low,AF4,low_gamma,0.032381443955711374
12,train,high,AF3,delta,0.56510999113179
12,train,high,F7,delta,0.7140453375553967
12,train,high,F3,delta,0.4823243430149253
12,train,high,FC5,delta,0.6096361593634751
12,train,high,T7,delta,0.5445561809469727
12,train,high,P7,delta,0.5046903091393421
12,train,high,O1,delta,0.5653300496710352
12,train,high,O2,delta,0.5252482184229644
12,train,high,P8,delta,0.5863079684047824
12,train,high,T8,delta,0.6433811302105317
12,train,high,FC6,delta,0.6794429596402202
12,train,high,F4,delta,0.6255934045930985
12,train,high,F8,delta,0.7433001792765154
12,train,high,AF4,delta,0.6273237596445959
12,train,high,AF3,theta,0.15898525011095602
12,train,high,F7,theta,0.14874457317885773
12,train,high,F3,theta,0.14644026417992204
12,train,high,FC5,theta,0.14198905267440032
12,train,high,T7,theta,0.13887087540034113
12,train,high,P7,theta,0.14826710965118606
12,train,high,O1,theta,0.1600178132863393
12,train,high,O2,theta,0.1489433826921685
12,train,high,P8,theta,0.12132157791819034
12,train,high,T8,theta,0.11513690813695958
12,train,high,FC6,theta,0.13645298774487252
12,train,high,F4,theta,0.1355366313456606
12,train,high,F8,theta,0.13938375920055782
12,train,high,AF4,theta,0.16916071076836922
12,train,high,AF3,alpha,0.10114621904101027
12,train,high,F7,alpha,0.06478224765706307
12,train,high,F3,alpha,0.13613885117350072
12,train,high,FC5,alpha,0.09305949345731984
12,train,high,T7,alpha,0.10651840888180487
12,train,high,P7,alpha,0.11517076139950047
12,train,high,O1,alpha,0.10655488606269214
12,train,high,O2,alpha,0.14102542679950175
12,train,high,P8,alpha,0.13135360466826895
12,train,high,T8,alpha,0.1114714393431997
12,train,high,FC6,alpha,0.08943125120612332
12,train,high,F4,alpha,0.10400551292612491
12,train,high,F8,alpha,0.06455358597255584
12,train,high,AF4,alpha,0.09092462827658702
12,train,high,AF3,beta,0.13990617848661016
12,train,high,F7,beta,0.05877794564313542
12,train,high,F3,beta,0.19227422376849734
12,train,high,FC5,beta,0.12284371561636118
12,train,high,T7,beta,0.16209974452493356
12,train,high,P7,beta,0.17981393536297616
12,train,high,O1,beta,0.13193690818041695
12,train,high,O2,beta,0.1542980083804278
12,train,high,P8,beta,0.1326540319251576
12,train,high,T8,beta,0.10518443760487574
12,train,high,FC6,beta,0.07796470079291738
12,train,high,F4,beta,0.11230305791282595
12,train,high,F8,beta,0.04382785648085469
12,train,high,AF4,beta,0.09299648375248189
12,train,high,AF3,low_gamma,0.034852361229633574
12,train,high,F7,low_gamma,0.013649895965547098
12,train,high,F3,low_gamma,0.0428223178631546
12,train,high,FC5,low_gamma,0.03247157888844357
12,train,high,T7,low_gamma,0.047954790245947766
12,train,high,P7,low_gamma,0.05205788444699522
12,train,high,O1,low_gamma,0.036160342799516486
12,train,high,O2,low_gamma,0.03048496370493762
12,train,high,P8,low_gamma,0.028362817083600753
12,train,high,T8,low_gamma,0.024826084704433277
12,train,high,FC6,low_gamma,0.016708100615866615
12,train,high,F4,low_gamma,0.022561393222289998
12,train,high,F8,low_gamma,0.008934619069516297
12,train,high,AF4,low_gamma,0.019594417557965985
12,train,low,AF3,delta,0.44355211653178017
12,train,low,F7,delta,0.5137077620489174
12,train,low,F3,delta,0.362536351641109
12,train,low,FC5,delta,0.4298070009571513
12,train,low,T7,delta,0.5966739788223965
12,train,low,P7,delta,0.5410606208705316
12,train,low,O1,delta,0.3944384511368044
12,train,low,O2,delta,0.25469901240879045
12,train,low,P8,delta,0.3527331911180581
12,train,low,T8,delta,0.27132052726783273
12,train,low,FC6,delta,0.31222192957101713
12,train,low,F4,delta,0.2919610843865153
12,train,low,F8,delta,0.5217401134444365
12,train,low,AF4,delta,0.521635921606244
12,train,low,AF3,theta,0.07591218375104254
12,train,low,F7,theta,0.10408414189887832
12,train,low,F3,theta,0.10749153411521106
12,train,low,FC5,theta,0.0924673337645921
12,train,low,T7,theta,0.15607180801538595
12,train,low,P7,theta,0.12178752909787617
12,train,low,O1,theta,0.11037935937938197
12,train,low,O2,theta,0.0995305664553698
12,train,low,P8,theta,0.08139592294094376
12,train,low,T8,theta,0.1039562402484772
12,train,low,FC6,theta,0.07919934649873228
12,train,low,F4,theta,0.0847711550847468
12,train,low,F8,theta,0.09146216073580041
12,train,low,AF4,theta,0.08796313127516908
12,train,low,AF3,alpha,0.14636788096001466
12,train,low,F7,alpha,0.20632324173538955
12,train,low,F3,alpha,0.24676184667611284
12,train,low,FC5,alpha,0.17952541717860016
12,train,low,T7,alpha,0.12443885350169227
12,train,low,P7,alpha,0.1436467039491476
12,train,low,O1,alpha,0.32150271296102984
12,train,low,O2,alpha,0.44868192055572703
12,train,low,P8,alpha,0.36765744874012557
12,train,low,T8,alpha,0.3399607150050529
12,train,low,FC6,alpha,0.31797755648956244
12,train,low,F4,alpha,0.2458763657850769
12,train,low,F8,alpha,0.22885566476720934
12,train,low,AF4,alpha,0.10423655017883768
12,train,low,AF3,beta,0.23854645977773492
12,train,low,F7,beta,0.1381633063911749
12,train,low,F3,beta,0.21100373031171774
12,train,low,FC5,beta,0.21013154621860955
12,train,low,T7,beta,0.09286321647288988
12,train,low,P7,beta,0.1408883863037168
12,train,low,O1,beta,0.13979070545946523
12,train,low,O2,beta,0.17255508808028422
12,train,low,P8,beta,0.16936318514804957
12,train,low,T8,beta,0.21752170016078842
12,train,low,FC6,beta,0.23110984574132185
12,train,low,F4,beta,0.27632582354643553
12,train,low,F8,beta,0.13057346221734897
12,train,low,AF4,beta,0.20497328495836054
12,train,low,AF3,low_gamma,0.09562135897942785
12,train,low,F7,low_gamma,0.03772154792563988
12,train,low,F3,low_gamma,0.07220653725584951
12,train,low,FC5,low_gamma,0.08806870188104685
12,train,low,T7,low_gamma,0.02995214318763533
12,train,low,P7,low_gamma,0.052616759778727686
12,train,low,O1,low_gamma,0.033888771063318536
12,train,low,O2,low_gamma,0.02453341249982844
12,train,low,P8,low_gamma,0.028850252052822937
12,train,low,T8,low_gamma,0.06724081731784874
12,train,low,FC6,low_gamma,0.05949132169936629
12,train,low,F4,low_gamma,0.10106557119722547
12,train,low,F8,low_gamma,0.02736859883520475
12,train,low,AF4,low_gamma,0.0811911119813888
13,test,high,AF3,delta,0.6863452554259528
13,test,high,F7,delta,0.6954520597304761
13,test,high,F3,delta,0.6221762465750732
13,test,high,FC5,delta,0.6521074024365524
13,test,high,T7,delta,0.6413086726607634
13,test,high,P7,delta,0.6236797772493243
13,test,high,O1,delta,0.5893929969152485
13,test,high,O2,delta,0.5684760661776416
13,test,high,P8,delta,0.6087773829051327
13,test,high,T8,delta,0.6579234049090258
13,test,high,FC6,delta,0.7112670781032979
13,test,high,F4,delta,0.682488675087073
13,test,high,F8,delta,0.7480385567964183
13,test,high,AF4,delta,0.701680354950102
13,test,high,AF3,theta,0.16560440057522313
13,test,high,F7,theta,0.15660785932979007
13,test,high,F3,theta,0.16764097024440086
13,test,high,FC5,theta,0.14455564870369733
13,test,high,T7,theta,0.1224011777494288
13,test,high,P7,theta,0.14735607176442195
13,test,high,O1,theta,0.18136040865782782
13,test,high,O2,theta,0.18388642737256267
13,test,high,P8,theta,0.16317003801331104
13,test,high,T8,theta,0.17122512940397075
13,test,high,FC6,theta,0.16969522287312228
13,test,high,F4,theta,0.17113338987804372
13,test,high,F8,theta,0.1560904705629226
13,test,high,AF4,theta,0.14231539433737658
13,test,high,AF3,alpha,0.06414265637792518
13,test,high,F7,alpha,0.05594134090783096
13,test,high,F3,alpha,0.07906215594453089
13,test,high,FC5,alpha,0.06466309578559917
13,test,high,T7,alpha,0.07478814588554528
13,test,high,P7,alpha,0.07802764519984196
13,test,high,O1,alpha,0.09874752592128841
13,test,high,O2,alpha,0.09469539370318474
13,test,high,P8,alpha,0.08390987185854996
13,test,high,T8,alpha,0.06933195209608302
13,test,high,FC6,alpha,0.05419367592701495
13,test,high,F4,alpha,0.05685214168368257
13,test,high,F8,alpha,0.04651696719831284
13,test,high,AF4,alpha,0.0519713309671354
13,test,high,AF3,beta,0.06522190716722731
13,test,high,F7,beta,0.06288500217585921
13,test,high,F3,beta,0.09964845970420014
13,test,high,FC5,beta,0.09871158724405447
13,test,high,T7,beta,0.11883008956084465
13,test,high,P7,beta,0.10918456938546278
13,test,high,O1,beta,0.10054551110240571
13,test,high,O2,beta,0.11608198462595565
13,test,high,P8,beta,0.11020078901496702
13,test,high,T8,beta,0.07867838162573797
13,test,high,FC6,beta,0.05115272755946083
13,test,high,F4,beta,0.06935984350863465
13,test,high,F8,beta,0.03941500585050113
13,test,high,AF4,beta,0.0754317551521735
13,test,high,AF3,low_gamma,0.01868578045367156
13,test,high,F7,low_gamma,0.02911373785604369
13,test,high,F3,low_gamma,0.03147216753179484
13,test,high,FC5,low_gamma,0.03996226583009656
13,test,high,T7,low_gamma,0.042671914143417866
13,test,high,P7,low_gamma,0.04175193640094897
13,test,high,O1,low_gamma,0.029953557403229632
13,test,high,O2,low_gamma,0.036860128120655505
13,test,high,P8,low_gamma,0.03394191820803927
13,test,high,T8,low_gamma,0.02284113196518252
13,test,high,FC6,low_gamma,0.013691295537104069
13,test,high,F4,low_gamma,0.020165949842565926
13,test,high,F8,low_gamma,0.009938999591845323
13,test,high,AF4,low_gamma,0.02860116459321254
13,test,low,AF3,delta,0.7501958856914458
13,test,low,F7,delta,0.6694299050676316
13,test,low,F3,delta,0.62449823922997
13,test,low,FC5,delta,0.6114772424735478
13,test,low,T7,delta,0.3154456179278208
13,test,low,P7,delta,0.5333750578351623
13,test,low,O1,delta,0.4643359327295396
13,test,low,O2,delta,0.396520214770244
13,test,low,P8,delta,0.6248766777536862
13,test,low,T8,delta,0.5167119769220934
13,test,low,FC6,delta,0.5696498599379172
13,test,low,F4,delta,0.6354903902251156
13,test,low,F8,delta,0.8397866941905179
13,test,low,AF4,delta,0.7663113194240074
13,test,low,AF3,theta,0.1315312788921079
13,test,low,F7,theta,0.15534301084469856
13,test,low,F3,theta,0.15387515841093774
13,test,low,FC5,theta,0.14084067985730286
13,test,low,T7,theta,0.1012023036502033
13,test,low,P7,theta,0.16696042125590554
13,test,low,O1,theta,0.15465820432828709
13,test,low,O2,theta,0.16773448518908998
13,test,low,P8,theta,0.19656362985965548
13,test,low,T8,theta,0.1662176801211865
13,test,low,FC6,theta,0.17100934732042364
13,test,low,F4,theta,0.16349222371633412
13,test,low,F8,theta,0.1158799078832446
13,test,low,AF4,theta,0.1258440550106752
13,test,low,AF3,alpha,0.062409090666236684
13,test,low,F7,alpha,0.07350645319733475
13,test,low,F3,alpha,0.1120948756354169
13,test,low,FC5,alpha,0.09918229423518717
13,test,low,T7,alpha,0.11722708544734399
13,test,low,P7,alpha,0.12740078706812547
13,test,low,O1,alpha,0.2083179078273872
13,test,low,O2,alpha,0.24344380883252792
13,test,low,P8,alpha,0.08982470644945349
13,test,low,T8,alpha,0.1287785430802192
13,test,low,FC6,alpha,0.1271483214609783
13,test,low,F4,alpha,0.11355947040647452
13,test,low,F8,alpha,0.026718984380670233
13,test,low,AF4,alpha,0.062118649955474406
13,test,low,AF3,beta,0.04411460763972486
13,test,low,F7,beta,0.07870514573582359
13,test,low,F3,beta,0.08414806423598646
13,test,low,FC5,beta,0.1129402394913663
13,test,low,T7,beta,0.33254282140328517
13,test,low,P7,beta,0.1342528658855931
13,test,low,O1,beta,0.1403395080860196
13,test,low,O2,beta,0.15634581731740801
13,test,low,P8,beta,0.07637332138701722
13,test,low,T8,beta,0.152457615976471
13,test,low,FC6,beta,0.10581483166362593
13,test,low,F4,beta,0.07003727845456766
13,test,low,F8,beta,0.014508030724473858
13,test,low,AF4,beta,0.03682338824675773
13,test,low,AF3,low_gamma,0.01174913711048483
13,test,low,F7,low_gamma,0.02301548515451155
13,test,low,F3,low_gamma,0.025383662487688783
13,test,low,FC5,low_gamma,0.035559543942595896
13,test,low,T7,low_gamma,0.13358217157134672
13,test,low,P7,low_gamma,0.03801086795521359
13,test,low,O1,low_gamma,0.03234844702876636
13,test,low,O2,low_gamma,0.03595567389073013
13,test,low,P8,low_gamma,0.01236166455018753
13,test,low,T8,low_gamma,0.03583418390002995
13,test,low,FC6,low_gamma,0.026377639617054895
13,test,low,F4,low_gamma,0.017420637197508214
13,test,low,F8,low_gamma,0.0031063828210933877
13,test,low,AF4,low_gamma,0.00890258736308517
14,train,high,AF3,delta,0.7807474802941018
14,train,high,F7,delta,0.8038640101648591
14,train,high,F3,delta,0.6010219578458326
14,train,high,FC5,delta,0.8734944973696184
14,train,high,T7,delta,0.6733553534583068
14,train,high,P7,delta,0.7029494396244707
14,train,high,O1,delta,0.6618409268399867
14,train,high,O2,delta,0.5565678463427429
14,train,high,P8,delta,0.47460786395257826
14,train,high,T8,delta,0.5996618228470777
14,train,high,FC6,delta,0.6361096995919797
14,train,high,F4,delta,0.5818128815265428
14,train,high,F8,delta,0.6640175741217437
14,train,high,AF4,delta,0.5571907219831373
14,train,high,AF3,theta,0.07783879215010577
14,train,high,F7,theta,0.10745800105892533
14,train,high,F3,theta,0.1348455031931461
14,train,high,FC5,theta,0.08714241766270407
14,train,high,T7,theta,0.12041493446507814
14,train,high,P7,theta,0.10595023013432764
14,train,high,O1,theta,0.11664341292537048
14,train,high,O2,theta,0.1336851553995506
14,train,high,P8,theta,0.09790413249758045
14,train,high,T8,theta,0.13391683848382613
14,train,high,FC6,theta,0.1425720244199941
14,train,high,F4,theta,0.14086057530976648
14,train,high,F8,theta,0.1594086482179884
14,train,high,AF4,theta,0.13503095097492435
14,train,high,AF3,alpha,0.052200117299698694
14,train,high,F7,alpha,0.043542400687849474
14,train,high,F3,alpha,0.15740913087311437
14,train,high,FC5,alpha,0.020041242833417214
14,train,high,T7,alpha,0.09864664050697117
14,train,high,P7,alpha,0.08251234306829099
14,train,high,O1,alpha,0.1262196728500659
14,train,high,O2,alpha,0.20241397717767465
14,train,high,P8,alpha,0.11526587078769089
14,train,high,T8,alpha,0.17248125022112648
14,train,high,FC6,alpha,0.13944816002720567
14,train,high,F4,alpha,0.16426399667144348
14,train,high,F8,alpha,0.11209371755305504
14,train,high,AF4,alpha,0.13046802202397856
14,train,high,AF3,beta,0.06578277345101248
14,train,high,F7,beta,0.034364206571952126
14,train,high,F3,beta,0.08760506188283315
14,train,high,FC5,beta,0.014627302740919139
14,train,high,T7,beta,0.0832345627875367
14,train,high,P7,beta,0.08292504695522895
14,train,high,O1,beta,0.07813675516866894
14,train,high,O2,beta,0.0911563015506755
14,train,high,P8,beta,0.1994460600956713
14,train,high,T8,beta,0.07683306575113896
14,train,high,FC6,beta,0.06610637307267694
14,train,high,F4,beta,0.0900775981810688
14,train,high,F8,beta,0.05283256583784656
14,train,high,AF4,beta,0.1307036835348728
14,train,high,AF3,low_gamma,0.023430836805081227
14,train,high,F7,low_gamma,0.010771381516413919
14,train,high,F3,low_gamma,0.01911834620507395
14,train,high,FC5,low_gamma,0.004694539393341226
14,train,high,T7,low_gamma,0.024348508782107346
14,train,high,P7,low_gamma,0.025662940217681753
14,train,high,O1,low_gamma,0.01715923221590784
14,train,high,O2,low_gamma,0.01617671952935626
14,train,high,P8,low_gamma,0.11277607266647907
14,train,high,T8,low_gamma,0.017107022696830818
14,train,high,FC6,low_gamma,0.01576374288814364
14,train,high,F4,low_gamma,0.022984948311178366
14,train,high,F8,low_gamma,0.011647494269366385
14,train,high,AF4,low_gamma,0.0466066214830869
14,train,low,AF3,delta,0.7712403203839562
14,train,low,F7,delta,0.9078160434000808
14,train,low,F3,delta,0.7697726557349341
14,train,low,FC5,delta,0.8007366932220792
14,train,low,T7,delta,0.8465662563848032
14,train,low,P7,delta,0.7225672722944712
14,train,low,O1,delta,0.8219565832413653
14,train,low,O2,delta,0.7494539523803189
14,train,low,P8,delta,0.7261046744160314
14,train,low,T8,delta,0.7531551586830523
14,train,low,FC6,delta,0.7562153491573573
14,train,low,F4,delta,0.7546758669446306
14,train,low,F8,delta,0.7700281329314732
14,train,low,AF4,delta,0.7597639031601277
14,train,low,AF3,theta,0.10221597833466413
14,train,low,F7,theta,0.06120135137360172
14,train,low,F3,theta,0.08981197509178633
14,train,low,FC5,theta,0.0871780113622251
14,train,low,T7,theta,0.07567735369834898
14,train,low,P7,theta,0.10914321092639952
14,train,low,O1,theta,0.07573723564183042
14,train,low,O2,theta,0.08910139955070721
14,train,low,P8,theta,0.08837867431215436
14,train,low,T8,theta,0.0897075708828024
14,train,low,FC6,theta,0.093400793286466
14,train,low,F4,theta,0.09560573624008586
14,train,low,F8,theta,0.10101637659260804
14,train,low,AF4,theta,0.10476334522094617
14,train,low,AF3,alpha,0.08325932120933088
14,train,low,F7,alpha,0.020618706517694325
14,train,low,F3,alpha,0.09311893072318923
14,train,low,FC5,alpha,0.07076187756564221
14,train,low,T7,alpha,0.04266610900242786
14,train,low,P7,alpha,0.05977167548697765
14,train,low,O1,alpha,0.05662599273294562
14,train,low,O2,alpha,0.10719786877862254
14,train,low,P8,alpha,0.10890111137878955
14,train,low,T8,alpha,0.10475733682718426
14,train,low,FC6,alpha,0.10010339638939247
14,train,low,F4,alpha,0.10018894115860588
14,train,low,F8,alpha,0.08422965761869898
14,train,low,AF4,alpha,0.08957566402662054
14,train,low,AF3,beta,0.03538497736017299
14,train,low,F7,beta,0.00831764380940931
14,train,low,F3,beta,0.039655567482927125
14,train,low,FC5,beta,0.033376759558444
14,train,low,T7,beta,0.027853603618552148
14,train,low,P7,beta,0.08156828380299165
14,train,low,O1,beta,0.03764272216745806
14,train,low,O2,beta,0.04596579398367606
14,train,low,P8,beta,0.0593193634134465
14,train,low,T8,beta,0.04414691759879115
14,train,low,FC6,beta,0.04192529003199451
14,train,low,F4,beta,0.04105508564541245
14,train,low,F8,beta,0.036783069164883116
14,train,low,AF4,beta,0.037671696630707276
14,train,low,AF3,low_gamma,0.007899402711875845
14,train,low,F7,low_gamma,0.0020462548992136813
14,train,low,F3,low_gamma,0.007640870967163095
14,train,low,FC5,low_gamma,0.007946658291609466
14,train,low,T7,low_gamma,0.007236677295867801
14,train,low,P7,low_gamma,0.02694955748916003
14,train,low,O1,low_gamma,0.008037466216400422
14,train,low,O2,low_gamma,0.008280985306675266
14,train,low,P8,low_gamma,0.01729617647957806
14,train,low,T8,low_gamma,0.008233016008169806
14,train,low,FC6,low_gamma,0.00835517113478965
14,train,low,F4,low_gamma,0.008474370011265206
14,train,low,F8,low_gamma,0.007942763692336556
14,train,low,AF4,low_gamma,0.00822539096159827
15,train,high,AF3,delta,0.6327319156900153
15,train,high,F7,delta,0.6860453269155177
15,train,high,F3,delta,0.5692125782018983
15,train,high,FC5,delta,0.6826893346431542
15,train,high,T7,delta,0.5884038907815157
15,train,high,P7,delta,0.5126309586940595
15,train,high,O1,delta,0.5563954390512801
15,train,high,O2,delta,0.5176678656922531
15,train,high,P8,delta,0.527609943487418
15,train,high,T8,delta,0.6206334194342259
15,train,high,FC6,delta,0.6498839107549113
15,train,high,F4,delta,0.5986347544964314
15,train,high,F8,delta,0.7459163942317067
15,train,high,AF4,delta,0.6772565618844338
15,train,high,AF3,theta,0.1608122174472602
15,train,high,F7,theta,0.16458930066921929
15,train,high,F3,theta,0.16155707211833242
15,train,high,FC5,theta,0.13669791021660588
15,train,high,T7,theta,0.14344199542062921
15,train,high,P7,theta,0.17234830232951204
15,train,high,O1,theta,0.19193698783800217
15,train,high,O2,theta,0.19150212408089592
15,train,high,P8,theta,0.1593947547486711
15,train,high,T8,theta,0.15841559716083836
15,train,high,FC6,theta,0.1796370538395374
15,train,high,F4,theta,0.17850723642730076
15,train,high,F8,theta,0.15414104400328285
15,train,high,AF4,theta,0.1613546651662752
15,train,high,AF3,alpha,0.08233094724463443
15,train,high,F7,alpha,0.06571414701760925
15,train,high,F3,alpha,0.11310346562749893
15,train,high,FC5,alpha,0.06889014356574372
15,train,high,T7,alpha,0.09020827178275238
15,train,high,P7,alpha,0.11050394958658537
15,train,high,O1,alpha,0.10426275030246027
15,train,high,O2,alpha,0.12673545692743027
15,train,high,P8,alpha,0.12034360987053506
15,train,high,T8,alpha,0.0989469422582128
15,train,high,FC6,alpha,0.0787201773964448
15,train,high,F4,alpha,0.10031992821164559
15,train,high,F8,alpha,0.052490560096531316
15,train,high,AF4,alpha,0.07246291688898221
15,train,high,AF3,beta,0.09892805826895157
15,train,high,F7,beta,0.06694197073840943
15,train,high,F3,beta,0.12488737680897105
15,train,high,FC5,beta,0.08745433514022247
15,train,high,T7,beta,0.13528006803010717
15,train,high,P7,beta,0.16112404262656524
15,train,high,O1,beta,0.11851897527904146
15,train,high,O2,beta,0.1309982494669626
15,train,high,P8,beta,0.14335205292456027
15,train,high,T8,beta,0.09511953105246503
15,train,high,FC6,beta,0.07350043596290129
15,train,high,F4,beta,0.09898459490752474
15,train,high,F8,beta,0.03925778763679033
15,train,high,AF4,beta,0.07169410098161058
15,train,high,AF3,low_gamma,0.02519686134913873
15,train,high,F7,low_gamma,0.016709254659244457
15,train,high,F3,low_gamma,0.03123950724329924
15,train,high,FC5,low_gamma,0.024268276434273966
15,train,high,T7,low_gamma,0.04266577398499549
15,train,high,P7,low_gamma,0.04339274676327798
15,train,high,O1,low_gamma,0.028885847529216045
15,train,high,O2,low_gamma,0.033096303832458124
15,train,high,P8,low_gamma,0.04929963896881551
15,train,high,T8,low_gamma,0.026884510094257876
15,train,high,FC6,low_gamma,0.018258422046205123
15,train,high,F4,low_gamma,0.02355348595709742
15,train,high,F8,low_gamma,0.008194214031688893
15,train,high,AF4,low_gamma,0.01723175507869808
15,train,low,AF3,delta,0.605517653064949
15,train,low,F7,delta,0.7183894050087324
15,train,low,F3,delta,0.5476566381056516
15,train,low,FC5,delta,0.5821825461021998
15,train,low,T7,delta,0.5666794734036142
15,train,low,P7,delta,0.541503304989271
15,train,low,O1,delta,0.5358329847353106
15,train,low,O2,delta,0.48478826896715077
15,train,low,P8,delta,0.5277362274021004
15,train,low,T8,delta,0.5970511985955188
15,train,low,FC6,delta,0.6472372298343696
15,train,low,F4,delta,0.6027961431562655
15,train,low,F8,delta,0.756266359106474
15,train,low,AF4,delta,0.7597435315329614
15,train,low,AF3,theta,0.1785432405421138
15,train,low,F7,theta,0.14309554775030775
15,train,low,F3,theta,0.20517504426464825
15,train,low,FC5,theta,0.15503116482279733
15,train,low,T7,theta,0.17745755489179507
15,train,low,P7,theta,0.16393725910442294
15,train,low,O1,theta,0.1669244132867932
15,train,low,O2,theta,0.19915332634466454
15,train,low,P8,theta,0.18833818207101455
15,train,low,T8,theta,0.18670501953511912
15,train,low,FC6,theta,0.18526081018244023
15,train,low,F4,theta,0.22738883029250365
15,train,low,F8,theta,0.16117151632870336
15,train,low,AF4,theta,0.15611862939811497
15,train,low,AF3,alpha,0.09423773464837773
15,train,low,F7,alpha,0.05937920285991505
15,train,low,F3,alpha,0.10364383904649858
15,train,low,FC5,alpha,0.09420019555880965
15,train,low,T7,alpha,0.095293664051494
15,train,low,P7,alpha,0.10554136529191924
15,train,low,O1,alpha,0.10838807615654836
15,train,low,O2,alpha,0.12052956901043141
15,train,low,P8,alpha,0.11038073631227055
15,train,low,T8,alpha,0.09530295525507389
15,train,low,FC6,alpha,0.07932753906690962
15,train,low,F4,alpha,0.08549213440824507
15,train,low,F8,alpha,0.042428816068981995
15,train,low,AF4,alpha,0.042762966186389154
15,train,low,AF3,beta,0.09870294678593779
15,train,low,F7,beta,0.06348021511556592
15,train,low,F3,beta,0.11716087006469303
15,train,low,FC5,beta,0.1301902634065641
15,train,low,T7,beta,0.12380713459457815
15,train,low,P7,beta,0.14784130545030444
15,train,low,O1,beta,0.15063217779882448
15,train,low,O2,beta,0.16046718538810822
15,train,low,P8,beta,0.141865633537315
15,train,low,T8,beta,0.10085514742940042
15,train,low,FC6,beta,0.07317483509225453
15,train,low,F4,beta,0.06998503814803024
15,train,low,F8,beta,0.033185136299585694
15,train,low,AF4,beta,0.034139224983873916
15,train,low,AF3,low_gamma,0.022998424958621755
15,train,low,F7,low_gamma,0.015655629265478928
15,train,low,F3,low_gamma,0.02636360851850863
15,train,low,FC5,low_gamma,0.038395830109629096
15,train,low,T7,low_gamma,0.03676217305851839
15,train,low,P7,low_gamma,0.04117676516408231
15,train,low,O1,low_gamma,0.038222348022523424
15,train,low,O2,low_gamma,0.035061650289645085
15,train,low,P8,low_gamma,0.03167922067729958
15,train,low,T8,low_gamma,0.020085679184887812
15,train,low,FC6,low_gamma,0.014999585824025878
15,train,low,F4,low_gamma,0.01433785399495564
15,train,low,F8,low_gamma,0.0069481721962548985
15,train,low,AF4,low_gamma,0.0072356478986606906
16,validation,high,AF3,delta,0.5127903074135356
16,validation,high,F7,delta,0.6676262850808029
16,validation,high,F3,delta,0.5350761292353842
16,validation,high,FC5,delta,0.5209155574215945
16,validation,high,T7,delta,0.5382474557736067
16,validation,high,P7,delta,0.5726886362933058
16,validation,high,O1,delta,0.42152932333709797
16,validation,high,O2,delta,0.41414059838893513
16,validation,high,P8,delta,0.43877030414422175
16,validation,high,T8,delta,0.7079541531835554
16,validation,high,FC6,delta,0.6211557030932366
16,validation,high,F4,delta,0.47157639640042576
16,validation,high,F8,delta,0.7463119758871234
16,validation,high,AF4,delta,0.5377990962044887
16,validation,high,AF3,theta,0.26560637226818357
16,validation,high,F7,theta,0.17432762705140628
16,validation,high,F3,theta,0.19206678337698024
16,validation,high,FC5,theta,0.16115382592773814
16,validation,high,T7,theta,0.1321065388922533
16,validation,high,P7,theta,0.13597764656057773
16,validation,high,O1,theta,0.16269144763952542
16,validation,high,O2,theta,0.1684703597679836
16,validation,high,P8,theta,0.175376646973161
16,validation,high,T8,theta,0.13779528385885084
16,validation,high,FC6,theta,0.1584112271224248
16,validation,high,F4,theta,0.21596756159193367
16,validation,high,F8,theta,0.14834373472906628
16,validation,high,AF4,theta,0.23892145754331098
16,validation,high,AF3,alpha,0.11306282246232006
16,validation,high,F7,alpha,0.06674695718404595
16,validation,high,F3,alpha,0.13144808863208385
16,validation,high,FC5,alpha,0.09026443749521425
16,validation,high,T7,alpha,0.13109884297498106
16,validation,high,P7,alpha,0.11663615233529355
16,validation,high,O1,alpha,0.19030714091677767
16,validation,high,O2,alpha,0.20180513775955558
16,validation,high,P8,alpha,0.1760097553090607
16,validation,high,T8,alpha,0.075004252833915
16,validation,high,FC6,alpha,0.09651756792969476
16,validation,high,F4,alpha,0.1528869040852451
16,validation,high,F8,alpha,0.053010494931738775
16,validation,high,AF4,alpha,0.10739386858421261
16,validation,high,AF3,beta,0.07900874249578067
16,validation,high,F7,beta,0.06453381311070566
16,validation,high,F3,beta,0.10634880386425262
16,validation,high,FC5,beta,0.15027667672756656
16,validation,high,T7,beta,0.13982062852372462
16,validation,high,P7,beta,0.12139904720964438
16,validation,high,O1,beta,0.1665625455271731
16,validation,high,O2,beta,0.1610555121916561
16,validation,high,P8,beta,0.15622593998499026
16,validation,high,T8,beta,0.06049361198870572
16,validation,high,FC6,beta,0.09015172583920324
16,validation,high,F4,beta,0.11469710734441231
16,validation,high,F8,beta,0.039840107995766406
16,validation,high,AF4,beta,0.08279456281106544
16,validation,high,AF3,low_gamma,0.02953175536018014
16,validation,high,F7,low_gamma,0.02676531757303905
16,validation,high,F3,low_gamma,0.03506019489129909
16,validation,high,FC5,low_gamma,0.07738950242788661
16,validation,high,T7,low_gamma,0.05872653383543422
16,validation,high,P7,low_gamma,0.05329851760117839
16,validation,high,O1,low_gamma,0.05890954257942576
16,validation,high,O2,low_gamma,0.054528391891869483
16,validation,high,P8,low_gamma,0.053617353588566195
16,validation,high,T8,low_gamma,0.018752698134973118
16,validation,high,FC6,low_gamma,0.03376377601544061
16,validation,high,F4,low_gamma,0.04487203057798322
16,validation,high,F8,low_gamma,0.01249368645630512
16,validation,high,AF4,low_gamma,0.03309101485692225
16,validation,low,AF3,delta,0.7786177414442377
16,validation,low,F7,delta,0.7664360203487004
16,validation,low,F3,delta,0.6676534574250217
16,validation,low,FC5,delta,0.7184387147905815
16,validation,low,T7,delta,0.6531211989933023
16,validation,low,P7,delta,0.6210591993395551
16,validation,low,O1,delta,0.544996437384755
16,validation,low,O2,delta,0.557355383402131
16,validation,low,P8,delta,0.6189376156601247
16,validation,low,T8,delta,0.604706361521079
16,validation,low,FC6,delta,0.7553394521167801
16,validation,low,F4,delta,0.6914802770607873
16,validation,low,F8,delta,0.784420749800508
16,validation,low,AF4,delta,0.7704216711290789
16,validation,low,AF3,theta,0.13329360347409328
16,validation,low,F7,theta,0.13820504531145722
16,validation,low,F3,theta,0.1581844048817407
16,validation,low,FC5,theta,0.14116343267809994
16,validation,low,T7,theta,0.12852304052657984
16,validation,low,P7,theta,0.14054228019948864
16,validation,low,O1,theta,0.13989629467555914
16,validation,low,O2,theta,0.13261609432598334
16,validation,low,P8,theta,0.14647551199780515
16,validation,low,T8,theta,0.1190721651905418
16,validation,low,FC6,theta,0.13172950719569057
16,validation,low,F4,theta,0.15305629786419017
16,validation,low,F8,theta,0.12340689680205862
16,validation,low,AF4,theta,0.14005831350033116
16,validation,low,AF3,alpha,0.05884645864043907
16,validation,low,F7,alpha,0.048517757310484085
16,validation,low,F3,alpha,0.11437356982486954
16,validation,low,FC5,alpha,0.06340058781020055
16,validation,low,T7,alpha,0.10354022893829697
16,validation,low,P7,alpha,0.1629938193514397
16,validation,low,O1,alpha,0.2339653042297217
16,validation,low,O2,alpha,0.22559305032053514
16,validation,low,P8,alpha,0.15505060050457695
16,validation,low,T8,alpha,0.10656684816833228
16,validation,low,FC6,alpha,0.07205168294652214
16,validation,low,F4,alpha,0.10355616033517624
16,validation,low,F8,alpha,0.05610556863038953
16,validation,low,AF4,alpha,0.06222962791039935
16,validation,low,AF3,beta,0.023888628926439635
16,validation,low,F7,beta,0.03470538002676636
16,validation,low,F3,beta,0.04949052035550733
16,validation,low,FC5,beta,0.05678040951276
16,validation,low,T7,beta,0.09095704976943558
16,validation,low,P7,beta,0.06315430015665294
16,validation,low,O1,beta,0.06979705143670176
16,validation,low,O2,beta,0.07161204337995072
16,validation,low,P8,beta,0.06772588971270088
16,validation,low,T8,beta,0.1292254963891679
16,validation,low,FC6,beta,0.0342182063949088
16,validation,low,F4,beta,0.04406418090861824
16,validation,low,F8,beta,0.029216819847932774
16,validation,low,AF4,beta,0.022602501546003722
16,validation,low,AF3,low_gamma,0.005353567514790239
16,validation,low,F7,low_gamma,0.012135797002591958
16,validation,low,F3,low_gamma,0.010298047512860686
16,validation,low,FC5,low_gamma,0.020216855208357955
16,validation,low,T7,low_gamma,0.023858481772385306
16,validation,low,P7,low_gamma,0.012250400952863552
16,validation,low,O1,low_gamma,0.011344912273262344
16,validation,low,O2,low_gamma,0.01282342857139968
16,validation,low,P8,low_gamma,0.011810382124792214
16,validation,low,T8,low_gamma,0.04042912873087915
16,validation,low,FC6,low_gamma,0.006661151346098307
16,validation,low,F4,low_gamma,0.007843083831228132
16,validation,low,F8,low_gamma,0.00684996491911094
16,validation,low,AF4,low_gamma,0.00468788591418691
17,train,high,AF3,delta,0.5433695823497718
17,train,high,F7,delta,0.6656397004083329
17,train,high,F3,delta,0.4345253704411403
17,train,high,FC5,delta,0.4393301119049945
17,train,high,T7,delta,0.873737168078681
17,train,high,P7,delta,0.4316235733792981
17,train,high,O1,delta,0.468819470636514
17,train,high,O2,delta,0.43588927054888466
17,train,high,P8,delta,0.48554135345360144
17,train,high,T8,delta,0.517235091445332
17,train,high,FC6,delta,0.5475526568402183
17,train,high,F4,delta,0.42295728175406
17,train,high,F8,delta,0.561585431401593
17,train,high,AF4,delta,0.4862929380972228
17,train,high,AF3,theta,0.1910687435609131
17,train,high,F7,theta,0.16244334591619788
17,train,high,F3,theta,0.21260420284465958
17,train,high,FC5,theta,0.16250008741865676
17,train,high,T7,theta,0.03933730385672159
17,train,high,P7,theta,0.1660531981291907
17,train,high,O1,theta,0.16799318777852923
17,train,high,O2,theta,0.17929438634210185
17,train,high,P8,theta,0.17030184510906177
17,train,high,T8,theta,0.18179624864030836
17,train,high,FC6,theta,0.17389376345107602
17,train,high,F4,theta,0.20341443348623706
17,train,high,F8,theta,0.1738225232749962
17,train,high,AF4,theta,0.20440596795383917
17,train,high,AF3,alpha,0.09198096492718247
17,train,high,F7,alpha,0.057201307234047795
17,train,high,F3,alpha,0.13745764334210586
17,train,high,FC5,alpha,0.109046312492346
17,train,high,T7,alpha,0.024341468311404345
17,train,high,P7,alpha,0.14204356713539878
17,train,high,O1,alpha,0.14715099575008636
17,train,high,O2,alpha,0.1890217079546
17,train,high,P8,alpha,0.15881268375794724
17,train,high,T8,alpha,0.1478300216131105
17,train,high,FC6,alpha,0.10817705887134492
17,train,high,F4,alpha,0.14592390110721248
17,train,high,F8,alpha,0.07258484177619026
17,train,high,AF4,alpha,0.11317912669376455
17,train,high,AF3,beta,0.12917766362156607
17,train,high,F7,beta,0.08558797452760641
17,train,high,F3,beta,0.1665418058892549
17,train,high,FC5,beta,0.2052471775324121
17,train,high,T7,beta,0.04918782384267492
17,train,high,P7,beta,0.20008246258258106
17,train,high,O1,beta,0.1708216884890981
17,train,high,O2,beta,0.16067210208741484
17,train,high,P8,beta,0.1450112761380906
17,train,high,T8,beta,0.12521347264334476
17,train,high,FC6,beta,0.1322504623027097
17,train,high,F4,beta,0.17547480970872895
17,train,high,F8,beta,0.1435897001621614
17,train,high,AF4,beta,0.15020904409163696
17,train,high,AF3,low_gamma,0.0444030455405667
17,train,high,F7,low_gamma,0.02912767191381497
17,train,high,F3,low_gamma,0.048870977482839334
17,train,high,FC5,low_gamma,0.08387631065159068
17,train,high,T7,low_gamma,0.013396235910518353
17,train,high,P7,low_gamma,0.06019719877353129
17,train,high,O1,low_gamma,0.045214657345772305
17,train,high,O2,low_gamma,0.03512253306699881
17,train,high,P8,low_gamma,0.040332841541299055
17,train,high,T8,low_gamma,0.0279251656579044
17,train,high,FC6,low_gamma,0.038126058534651154
17,train,high,F4,low_gamma,0.052229573943761556
17,train,high,F8,low_gamma,0.04841750338505941
17,train,high,AF4,low_gamma,0.045912923163536484
17,train,low,AF3,delta,0.5563786496184593
17,train,low,F7,delta,0.6216849806539051
17,train,low,F3,delta,0.41382623671082086
17,train,low,FC5,delta,0.8695642609514301
17,train,low,T7,delta,0.5120039513791024
17,train,low,P7,delta,0.4210806606713614
17,train,low,O1,delta,0.3949625897975173
17,train,low,O2,delta,0.28706404553729215
17,train,low,P8,delta,0.3874920812589324
17,train,low,T8,delta,0.5157130434429383
17,train,low,FC6,delta,0.3353169292277274
17,train,low,F4,delta,0.32688195755627836
17,train,low,F8,delta,0.6529624132275424
17,train,low,AF4,delta,0.3715278930000004
17,train,low,AF3,theta,0.15013502082885855
17,train,low,F7,theta,0.11837681703653431
17,train,low,F3,theta,0.19619318906475827
17,train,low,FC5,theta,0.05224144829191201
17,train,low,T7,theta,0.13048009900547694
17,train,low,P7,theta,0.15709709485144038
17,train,low,O1,theta,0.17263968929101173
17,train,low,O2,theta,0.1478339771979707
17,train,low,P8,theta,0.1545801799658105
17,train,low,T8,theta,0.1325028849656547
17,train,low,FC6,theta,0.1557164902953113
17,train,low,F4,theta,0.168090131239674
17,train,low,F8,theta,0.10534589456354822
17,train,low,AF4,theta,0.17989345818633284
17,train,low,AF3,alpha,0.16401010160883056
17,train,low,F7,alpha,0.08089049200176042
17,train,low,F3,alpha,0.20880090155450398
17,train,low,FC5,alpha,0.032329661287846756
17,train,low,T7,alpha,0.11269298501353071
17,train,low,P7,alpha,0.14674247523005862
17,train,low,O1,alpha,0.19438744710973221
17,train,low,O2,alpha,0.35121676330620666
17,train,low,P8,alpha,0.2620838514934679
17,train,low,T8,alpha,0.18948267824102727
17,train,low,FC6,alpha,0.25877824488630813
17,train,low,F4,alpha,0.27502734050039157
17,train,low,F8,alpha,0.09217269733259664
17,train,low,AF4,alpha,0.2547515786789259
17,train,low,AF3,beta,0.09853501753847818
17,train,low,F7,beta,0.13617242364602025
17,train,low,F3,beta,0.137348327147306
17,train,low,FC5,beta,0.03476290269552231
17,train,low,T7,beta,0.17970223009262992
17,train,low,P7,beta,0.20408598372386025
17,train,low,O1,beta,0.18467988531293572
17,train,low,O2,beta,0.1707948793993481
17,train,low,P8,beta,0.15455602135045776
17,train,low,T8,beta,0.12963098262387512
17,train,low,FC6,beta,0.19526716756648133
17,train,low,F4,beta,0.18031288344031188
17,train,low,F8,beta,0.11365579360124373
17,train,low,AF4,beta,0.15622029654327102
17,train,low,AF3,low_gamma,0.030941210405373464
17,train,low,F7,low_gamma,0.042875286661779956
17,train,low,F3,low_gamma,0.04383134552261099
17,train,low,FC5,low_gamma,0.011101726773288755
17,train,low,T7,low_gamma,0.06512073450926006
17,train,low,P7,low_gamma,0.07099378552327931
17,train,low,O1,low_gamma,0.053330388488802914
17,train,low,O2,low_gamma,0.04309033455918241
17,train,low,P8,low_gamma,0.04128786593133151
17,train,low,T8,low_gamma,0.03267041072650458
17,train,low,FC6,low_gamma,0.054921168024171664
17,train,low,F4,low_gamma,0.049687687263344285
17,train,low,F8,low_gamma,0.035863201275069014
17,train,low,AF4,low_gamma,0.03760677359146994
18,train,high,AF3,delta,0.6682155670240422
18,train,high,F7,delta,0.7586384552463581
18,train,high,F3,delta,0.5458392718114216
18,train,high,FC5,delta,0.6569076136703476
18,train,high,T7,delta,0.6523981953136153
18,train,high,P7,delta,0.5142809660510201
18,train,high,O1,delta,0.5240084993203967
18,train,high,O2,delta,0.5273624298770099
18,train,high,P8,delta,0.6728346275028471
18,train,high,T8,delta,0.6634261585945016
18,train,high,FC6,delta,0.7033169964185034
18,train,high,F4,delta,0.64361859276158
18,train,high,F8,delta,0.7865146195210433
18,train,high,AF4,delta,0.7295545942842404
18,train,high,AF3,theta,0.18260583622266252
18,train,high,F7,theta,0.16857242383454102
18,train,high,F3,theta,0.17758593465648004
18,train,high,FC5,theta,0.17798150889897763
18,train,high,T7,theta,0.13125410730010528
18,train,high,P7,theta,0.17338034749373435
18,train,high,O1,theta,0.17632279963329442
18,train,high,O2,theta,0.1765636969528138
18,train,high,P8,theta,0.13245382852802454
18,train,high,T8,theta,0.19520585403739274
18,train,high,FC6,theta,0.17988830488699267
18,train,high,F4,theta,0.186855557396911
18,train,high,F8,theta,0.16060698326275244
18,train,high,AF4,theta,0.1599353423710722
18,train,high,AF3,alpha,0.05845557598994595
18,train,high,F7,alpha,0.040004554905492276
18,train,high,F3,alpha,0.09805696459729811
18,train,high,FC5,alpha,0.06283816275449908
18,train,high,T7,alpha,0.07908433561495007
18,train,high,P7,alpha,0.10031828504294384
18,train,high,O1,alpha,0.10894196151762535
18,train,high,O2,alpha,0.11560298680663017
18,train,high,P8,alpha,0.07853135390915979
18,train,high,T8,alpha,0.06741383890338906
18,train,high,FC6,alpha,0.050034444408095013
18,train,high,F4,alpha,0.06900046760118285
18,train,high,F8,alpha,0.031161406529128955
18,train,high,AF4,alpha,0.0430039495258984
18,train,high,AF3,beta,0.0732405943602394
18,train,high,F7,beta,0.02611463250560215
18,train,high,F3,beta,0.1413830845711749
18,train,high,FC5,beta,0.07782594112866284
18,train,high,T7,beta,0.10473611077854623
18,train,high,P7,beta,0.16271308730082024
18,train,high,O1,beta,0.15463034441011944
18,train,high,O2,beta,0.14965576707105122
18,train,high,P8,beta,0.09385464094906515
18,train,high,T8,beta,0.06035742816428622
18,train,high,FC6,beta,0.054251277136303726
18,train,high,F4,beta,0.08251696531268392
18,train,high,F8,beta,0.017783899665470226
18,train,high,AF4,beta,0.0536802891399
18,train,high,AF3,low_gamma,0.017482426403110075
18,train,high,F7,low_gamma,0.006669933508006385
18,train,high,F3,low_gamma,0.03713474436362551
18,train,high,FC5,low_gamma,0.02444677354751278
18,train,high,T7,low_gamma,0.03252725099278315
18,train,high,P7,low_gamma,0.049307314111481294
18,train,high,O1,low_gamma,0.036096395118564134
18,train,high,O2,low_gamma,0.030815119292494933
18,train,high,P8,low_gamma,0.022325549110903398
18,train,high,T8,low_gamma,0.013596720300430288
18,train,high,FC6,low_gamma,0.012508977150105115
18,train,high,F4,low_gamma,0.018008416927642223
18,train,high,F8,low_gamma,0.00393309102160507
18,train,high,AF4,low_gamma,0.013825824678888973
18,train,low,AF3,delta,0.7814840119585572
18,train,low,F7,delta,0.745814701001512
18,train,low,F3,delta,0.6368608967184255
18,train,low,FC5,delta,0.6748019772635551
18,train,low,T7,delta,0.727937098213523
18,train,low,P7,delta,0.5023915232243832
18,train,low,O1,delta,0.4773436409449064
18,train,low,O2,delta,0.37856364319310365
18,train,low,P8,delta,0.3920530790123511
18,train,low,T8,delta,0.4661678783913143
18,train,low,FC6,delta,0.6241186514133673
18,train,low,F4,delta,0.7043962858303131
18,train,low,F8,delta,0.816258899120312
18,train,low,AF4,delta,0.7716810969175575
18,train,low,AF3,theta,0.12501848642459856
18,train,low,F7,theta,0.13282720581508137
18,train,low,F3,theta,0.17284063534198416
18,train,low,FC5,theta,0.13197976863845423
18,train,low,T7,theta,0.10770595263109634
18,train,low,P7,theta,0.17492547981254233
18,train,low,O1,theta,0.12815497647996116
18,train,low,O2,theta,0.1345976511791588
18,train,low,P8,theta,0.1560329925904553
18,train,low,T8,theta,0.1583946598628579
18,train,low,FC6,theta,0.13088640577186034
18,train,low,F4,theta,0.134307826737754
18,train,low,F8,theta,0.09352395027827917
18,train,low,AF4,theta,0.11843049997174726
18,train,low,AF3,alpha,0.03268500730106771
18,train,low,F7,alpha,0.04703918681564744
18,train,low,F3,alpha,0.07398414563689634
18,train,low,FC5,alpha,0.05929690726944975
18,train,low,T7,alpha,0.04880040801212766
18,train,low,P7,alpha,0.10795061747155701
18,train,low,O1,alpha,0.14101569860564594
18,train,low,O2,alpha,0.19774412827003335
18,train,low,P8,alpha,0.16041405216147836
18,train,low,T8,alpha,0.1258982179814978
18,train,low,FC6,alpha,0.07508437697059148
18,train,low,F4,alpha,0.05506443875255228
18,train,low,F8,alpha,0.031191941519762484
18,train,low,AF4,alpha,0.033937805048214836
18,train,low,AF3,beta,0.05094446536453908
18,train,low,F7,beta,0.060241945702049174
18,train,low,F3,beta,0.09740944107860043
18,train,low,FC5,beta,0.10519417450655638
18,train,low,T7,beta,0.08967515479730558
18,train,low,P7,beta,0.17560658522929432
18,train,low,O1,beta,0.21954203970532535
18,train,low,O2,beta,0.25761950442006026
18,train,low,P8,beta,0.25272641734564594
18,train,low,T8,beta,0.2040759407219862
18,train,low,FC6,beta,0.13929471680912162
18,train,low,F4,beta,0.08951213776909467
18,train,low,F8,beta,0.048202779023656835
18,train,low,AF4,beta,0.06176240178717769
18,train,low,AF3,low_gamma,0.009868028951237352
18,train,low,F7,low_gamma,0.014076960665709997
18,train,low,F3,low_gamma,0.018904881224093548
18,train,low,FC5,low_gamma,0.028727172321984483
18,train,low,T7,low_gamma,0.02588138634594736
18,train,low,P7,low_gamma,0.039125794262223276
18,train,low,O1,low_gamma,0.033943644264161195
18,train,low,O2,low_gamma,0.03147507293764388
18,train,low,P8,low_gamma,0.0387734588900693
18,train,low,T8,low_gamma,0.04546330304234381
18,train,low,FC6,low_gamma,0.030615849035059196
18,train,low,F4,low_gamma,0.016719310910285924
18,train,low,F8,low_gamma,0.010822430057989446
18,train,low,AF4,low_gamma,0.014188196275302586
19,train,high,AF3,delta,0.4464902958959891
19,train,high,F7,delta,0.5480756895943512
19,train,high,F3,delta,0.4624143863028312
19,train,high,FC5,delta,0.4585052048950072
19,train,high,T7,delta,0.37672106876968503
19,train,high,P7,delta,0.2895079952353885
19,train,high,O1,delta,0.36738493051613136
19,train,high,O2,delta,0.33095910426963654
19,train,high,P8,delta,0.39947835440108315
19,train,high,T8,delta,0.39274626426327947
19,train,high,FC6,delta,0.5327764075012801
19,train,high,F4,delta,0.439686595571952
19,train,high,F8,delta,0.5882625361386107
19,train,high,AF4,delta,0.5072551058019262
19,train,high,AF3,theta,0.2856099559983901
19,train,high,F7,theta,0.2399670092923032
19,train,high,F3,theta,0.24194836023889182
19,train,high,FC5,theta,0.26594112990041713
19,train,high,T7,theta,0.23850562442428958
19,train,high,P7,theta,0.18091467838186762
19,train,high,O1,theta,0.29555933687814123
19,train,high,O2,theta,0.2752645168099662
19,train,high,P8,theta,0.24017086273958776
19,train,high,T8,theta,0.23193223057485612
19,train,high,FC6,theta,0.23336759002114826
19,train,high,F4,theta,0.27315978282363246
19,train,high,F8,theta,0.23088659611829362
19,train,high,AF4,theta,0.2557809543756098
19,train,high,AF3,alpha,0.1292110682299829
19,train,high,F7,alpha,0.09650520467987715
19,train,high,F3,alpha,0.14163834802730413
19,train,high,FC5,alpha,0.12851988653339755
19,train,high,T7,alpha,0.135671889487136
19,train,high,P7,alpha,0.15476032355756464
19,train,high,O1,alpha,0.17261936062233835
19,train,high,O2,alpha,0.19664409983668224
19,train,high,P8,alpha,0.14924413407344567
19,train,high,T8,alpha,0.14273288671726714
19,train,high,FC6,alpha,0.10717446884326629
19,train,high,F4,alpha,0.15224730975056575
19,train,high,F8,alpha,0.08784944570619937
19,train,high,AF4,alpha,0.11056114280135436
19,train,high,AF3,beta,0.11744694767627525
19,train,high,F7,beta,0.09228421863017598
19,train,high,F3,beta,0.12199070081772267
19,train,high,FC5,beta,0.11954706614812202
19,train,high,T7,beta,0.2004588348198933
19,train,high,P7,beta,0.27435138583715996
19,train,high,O1,beta,0.13870981480947417
19,train,high,O2,beta,0.16859273735211994
19,train,high,P8,beta,0.17258992230966277
19,train,high,T8,beta,0.1891439914909091
19,train,high,FC6,beta,0.10482501694936262
19,train,high,F4,beta,0.11497526111121856
19,train,high,F8,beta,0.07677834667368759
19,train,high,AF4,beta,0.10662705585783416
19,train,high,AF3,low_gamma,0.02124173219936259
19,train,high,F7,low_gamma,0.023167877803292478
19,train,high,F3,low_gamma,0.03200820461325009
19,train,high,FC5,low_gamma,0.02748671252305611
19,train,high,T7,low_gamma,0.04864258249899619
19,train,high,P7,low_gamma,0.10046561698801935
19,train,high,O1,low_gamma,0.025726557173914998
19,train,high,O2,low_gamma,0.028539541731594998
19,train,high,P8,low_gamma,0.03851672647622069
19,train,high,T8,low_gamma,0.043444626953688184
19,train,high,FC6,low_gamma,0.021856516684942585
19,train,high,F4,low_gamma,0.019931050742631257
19,train,high,F8,low_gamma,0.016223075363208692
19,train,high,AF4,low_gamma,0.01977574116327534
19,train,low,AF3,delta,0.6892551819718026
19,train,low,F7,delta,0.5062119174289779
19,train,low,F3,delta,0.5152699370995627
19,train,low,FC5,delta,0.7352745934721482
19,train,low,T7,delta,0.48607308781075415
19,train,low,P7,delta,0.4842653264124697
19,train,low,O1,delta,0.3842924222361007
19,train,low,O2,delta,0.3864722033433474
19,train,low,P8,delta,0.40194182567390796
19,train,low,T8,delta,0.39717349795477286
19,train,low,FC6,delta,0.39600163706708225
19,train,low,F4,delta,0.3934102116334064
19,train,low,F8,delta,0.49099239462492833
19,train,low,AF4,delta,0.4310259365360256
19,train,low,AF3,theta,0.11622848440255606
19,train,low,F7,theta,0.167658926620745
19,train,low,F3,theta,0.17902205050854625
19,train,low,FC5,theta,0.13064669504324677
19,train,low,T7,theta,0.16891597756973153
19,train,low,P7,theta,0.17680369368288423
19,train,low,O1,theta,0.14600061659146005
19,train,low,O2,theta,0.145067304157036
19,train,low,P8,theta,0.194630210312272
19,train,low,T8,theta,0.1953300684699373
19,train,low,FC6,theta,0.17301082119042918
19,train,low,F4,theta,0.19109790781456223
19,train,low,F8,theta,0.18238817036493657
19,train,low,AF4,theta,0.20699198432110416
19,train,low,AF3,alpha,0.12239053231791704
19,train,low,F7,alpha,0.18612129386393167
19,train,low,F3,alpha,0.18327705767911043
19,train,low,FC5,alpha,0.07232261619501767
19,train,low,T7,alpha,0.15539314997108594
19,train,low,P7,alpha,0.18917578961023684
19,train,low,O1,alpha,0.3478067027556122
19,train,low,O2,alpha,0.35402803213814643
19,train,low,P8,alpha,0.24737908445431928
19,train,low,T8,alpha,0.22493913779520008
19,train,low,FC6,alpha,0.23618631913589236
19,train,low,F4,alpha,0.2729747008294476
19,train,low,F8,alpha,0.2028004247410418
19,train,low,AF4,alpha,0.2283724558482765
19,train,low,AF3,beta,0.05991520788051903
19,train,low,F7,beta,0.1143507811325155
19,train,low,F3,beta,0.10267456841821271
19,train,low,FC5,beta,0.05152781690047073
19,train,low,T7,beta,0.151705516360681
19,train,low,P7,beta,0.12140761969273475
19,train,low,O1,beta,0.10454272961442232
19,train,low,O2,beta,0.0993047783402089
19,train,low,P8,beta,0.13224055564405188
19,train,low,T8,beta,0.1539570092287353
19,train,low,FC6,beta,0.163968559180469
19,train,low,F4,beta,0.12200233150367708
19,train,low,F8,beta,0.10476812620454017
19,train,low,AF4,beta,0.11206401694495859
19,train,low,AF3,low_gamma,0.012210593427205412
19,train,low,F7,low_gamma,0.02565708095383016
19,train,low,F3,low_gamma,0.019756386294567913
19,train,low,FC5,low_gamma,0.010228278389116649
19,train,low,T7,low_gamma,0.03791226828774737
19,train,low,P7,low_gamma,0.028347570601674553
19,train,low,O1,low_gamma,0.01735752880240475
19,train,low,O2,low_gamma,0.015127682021261319
19,train,low,P8,low_gamma,0.02380832391544892
19,train,low,T8,low_gamma,0.02860028655135448
19,train,low,FC6,low_gamma,0.030832663426127248
19,train,low,F4,low_gamma,0.020514848218906614
19,train,low,F8,low_gamma,0.01905088406455304
19,train,low,AF4,low_gamma,0.02154560634963513
20,test,high,AF3,delta,0.6059343688683778
20,test,high,F7,delta,0.7249377814930196
20,test,high,F3,delta,0.44044684286429187
20,test,high,FC5,delta,0.5645356429892183
20,test,high,T7,delta,0.59869883859289
20,test,high,P7,delta,0.4346870467574467
20,test,high,O1,delta,0.4735711703046713
20,test,high,O2,delta,0.418322667199405
20,test,high,P8,delta,0.4011339873486278
20,test,high,T8,delta,0.4521738176135696
20,test,high,FC6,delta,0.5722110725222882
20,test,high,F4,delta,0.5028372691488368
20,test,high,F8,delta,0.6561974415201094
20,test,high,AF4,delta,0.6117216373817703
20,test,high,AF3,theta,0.20279868970274167
20,test,high,F7,theta,0.1721920760399911
20,test,high,F3,theta,0.21047671793959322
20,test,high,FC5,theta,0.19498096657611796
20,test,high,T7,theta,0.13596893972821866
20,test,high,P7,theta,0.18462015979231838
20,test,high,O1,theta,0.19683005823315822
20,test,high,O2,theta,0.20224399137880544
20,test,high,P8,theta,0.16793997237123828
20,test,high,T8,theta,0.1604923620458869
20,test,high,FC6,theta,0.17740307183250417
20,test,high,F4,theta,0.1832217133334486
20,test,high,F8,theta,0.17826559357906316
20,test,high,AF4,theta,0.19961871015393273
20,test,high,AF3,alpha,0.0859523134051568
20,test,high,F7,alpha,0.05091927407174631
20,test,high,F3,alpha,0.14779877038962907
20,test,high,FC5,alpha,0.09173277149238772
20,test,high,T7,alpha,0.10162216680653972
20,test,high,P7,alpha,0.13867459143215183
20,test,high,O1,alpha,0.1381535361235386
20,test,high,O2,alpha,0.17672276379432
20,test,high,P8,alpha,0.17048020576678616
20,test,high,T8,alpha,0.1738210786215331
20,test,high,FC6,alpha,0.11276918102397127
20,test,high,F4,alpha,0.13597273512453636
20,test,high,F8,alpha,0.0852053478688281
20,test,high,AF4,alpha,0.0963396199595675
20,test,high,AF3,beta,0.08155977401761423
20,test,high,F7,beta,0.04042501117514345
20,test,high,F3,beta,0.16062101753205954
20,test,high,FC5,beta,0.11144898735036339
20,test,high,T7,beta,0.12361076808380639
20,test,high,P7,beta,0.18522282572223023
20,test,high,O1,beta,0.15031038979400252
20,test,high,O2,beta,0.16218258332339786
20,test,high,P8,beta,0.1981499480104285
20,test,high,T8,beta,0.17221513814988865
20,test,high,FC6,beta,0.10813822468388644
20,test,high,F4,beta,0.14186854480909128
20,test,high,F8,beta,0.06465997253131556
20,test,high,AF4,beta,0.07477612963492197
20,test,high,AF3,low_gamma,0.02375485400610957
20,test,high,F7,low_gamma,0.011525857220099633
20,test,high,F3,low_gamma,0.04065665127442627
20,test,high,FC5,low_gamma,0.03730163159191278
20,test,high,T7,low_gamma,0.040099286788545165
20,test,high,P7,low_gamma,0.05679537629585291
20,test,high,O1,low_gamma,0.04113484554462934
20,test,high,O2,low_gamma,0.040527994304071654
20,test,high,P8,low_gamma,0.06229588650291932
20,test,high,T8,low_gamma,0.04129760356912178
20,test,high,FC6,low_gamma,0.029478449937350094
20,test,high,F4,low_gamma,0.03609973758408682
20,test,high,F8,low_gamma,0.01567164450068388
20,test,high,AF4,low_gamma,0.017543902869807455
20,test,low,AF3,delta,0.7894490298719552
20,test,low,F7,delta,0.7720363363477684
20,test,low,F3,delta,0.5188772991796109
20,test,low,FC5,delta,0.6071302808040318
20,test,low,T7,delta,0.3512923505964066
20,test,low,P7,delta,0.4534698112001874
20,test,low,O1,delta,0.45697690647445105
20,test,low,O2,delta,0.41967430490435026
20,test,low,P8,delta,0.43322289623307914
20,test,low,T8,delta,0.35362157946271394
20,test,low,FC6,delta,0.5728873119816577
20,test,low,F4,delta,0.579276923695196
20,test,low,F8,delta,0.678782538608016
20,test,low,AF4,delta,0.7141642799207882
20,test,low,AF3,theta,0.1385744329200541
20,test,low,F7,theta,0.1447216809003151
20,test,low,F3,theta,0.17988637688094022
20,test,low,FC5,theta,0.16404826180784898
20,test,low,T7,theta,0.15699422489815004
20,test,low,P7,theta,0.1766175430329608
20,test,low,O1,theta,0.14239323258700762
20,test,low,O2,theta,0.15388578718074886
20,test,low,P8,theta,0.15566735243773233
20,test,low,T8,theta,0.18550115243006704
20,test,low,FC6,theta,0.15433434146940905
20,test,low,F4,theta,0.15356236117382008
20,test,low,F8,theta,0.1373996925582274
20,test,low,AF4,theta,0.15032792642252796
20,test,low,AF3,alpha,0.03399281891134303
20,test,low,F7,alpha,0.03148978625188646
20,test,low,F3,alpha,0.11618406169827637
20,test,low,FC5,alpha,0.07522846766843931
20,test,low,T7,alpha,0.155424525105706
20,test,low,P7,alpha,0.13258244471230923
20,test,low,O1,alpha,0.13810272069002125
20,test,low,O2,alpha,0.1596820476682543
20,test,low,P8,alpha,0.1553752462315897
20,test,low,T8,alpha,0.18890647803560126
20,test,low,FC6,alpha,0.10953401455913502
20,test,low,F4,alpha,0.10866840579525339
20,test,low,F8,alpha,0.07341385194765197
20,test,low,AF4,alpha,0.06096544629636577
20,test,low,AF3,beta,0.031115871463065967
20,test,low,F7,beta,0.03977173564156522
20,test,low,F3,beta,0.1485600129851334
20,test,low,FC5,beta,0.11511330290674014
20,test,low,T7,beta,0.2442736291268139
20,test,low,P7,beta,0.18236891180079567
20,test,low,O1,beta,0.19629479653495746
20,test,low,O2,beta,0.21407837660606313
20,test,low,P8,beta,0.20300135383415255
20,test,low,T8,beta,0.2248263769132465
20,test,low,FC6,beta,0.1328863484282491
20,test,low,F4,beta,0.12802273175977436
20,test,low,F8,beta,0.0873680301850409
20,test,low,AF4,beta,0.06128156958046974
20,test,low,AF3,low_gamma,0.006867846833581686
20,test,low,F7,low_gamma,0.011980460858464808
20,test,low,F3,low_gamma,0.036492249256039104
20,test,low,FC5,low_gamma,0.03847968681293998
20,test,low,T7,low_gamma,0.09201527027292342
20,test,low,P7,low_gamma,0.05496128925374688
20,test,low,O1,low_gamma,0.06623234371356267
20,test,low,O2,low_gamma,0.05267948364058349
20,test,low,P8,low_gamma,0.052733151263446285
20,test,low,T8,low_gamma,0.047144413158371395
20,test,low,FC6,low_gamma,0.030357983561549267
20,test,low,F4,low_gamma,0.030469577575956128
20,test,low,F8,low_gamma,0.023035886701063706
20,test,low,AF4,low_gamma,0.01326077777984842
21,train,high,AF3,delta,0.6054954562603364
21,train,high,F7,delta,0.702006317290611
21,train,high,F3,delta,0.6112570646314509
21,train,high,FC5,delta,0.6424879443069302
21,train,high,T7,delta,0.7588470866352178
21,train,high,P7,delta,0.7040166840345244
21,train,high,O1,delta,0.6218788546241403
21,train,high,O2,delta,0.586578713311811
21,train,high,P8,delta,0.6305049294174129
21,train,high,T8,delta,0.70568668479479
21,train,high,FC6,delta,0.7365588961851789
21,train,high,F4,delta,0.7536325440352589
21,train,high,F8,delta,0.7386417541513361
21,train,high,AF4,delta,0.6944452005636046
21,train,high,AF3,theta,0.17329948052027605
21,train,high,F7,theta,0.14476246840985557
21,train,high,F3,theta,0.1719096720456534
21,train,high,FC5,theta,0.15224695030896476
21,train,high,T7,theta,0.13204940757088243
21,train,high,P7,theta,0.14597768471096775
21,train,high,O1,theta,0.18419440495292935
21,train,high,O2,theta,0.1724411003444973
21,train,high,P8,theta,0.15768612043521216
21,train,high,T8,theta,0.13785008913409377
21,train,high,FC6,theta,0.14002874836246065
21,train,high,F4,theta,0.12996599175552861
21,train,high,F8,theta,0.14811603536229148
21,train,high,AF4,theta,0.15476541693086282
21,train,high,AF3,alpha,0.0900584768013169
21,train,high,F7,alpha,0.06451861717472025
21,train,high,F3,alpha,0.08180075501383421
21,train,high,FC5,alpha,0.07056984518817545
21,train,high,T7,alpha,0.03180258993932214
21,train,high,P7,alpha,0.053304295217907714
21,train,high,O1,alpha,0.0761302777234574
21,train,high,O2,alpha,0.09407402923911187
21,train,high,P8,alpha,0.08324554848486988
21,train,high,T8,alpha,0.06258964754833123
21,train,high,FC6,alpha,0.05664754774419848
21,train,high,F4,alpha,0.047639683930457984
21,train,high,F8,alpha,0.05480535197052034
21,train,high,AF4,alpha,0.06482105231243816
21,train,high,AF3,beta,0.10664813444290985
21,train,high,F7,beta,0.07173584339456647
21,train,high,F3,beta,0.10828701930751128
21,train,high,FC5,beta,0.10402509585793593
21,train,high,T7,beta,0.0542601265967907
21,train,high,P7,beta,0.07243918397123444
21,train,high,O1,beta,0.09069538395379338
21,train,high,O2,beta,0.11228764084308712
21,train,high,P8,beta,0.09988696036804291
21,train,high,T8,beta,0.07269326478830578
21,train,high,FC6,beta,0.05345907526556443
21,train,high,F4,beta,0.05557843406617391
21,train,high,F8,beta,0.047046596152526675
21,train,high,AF4,beta,0.06836272028834695
21,train,high,AF3,low_gamma,0.024498451975160773
21,train,high,F7,low_gamma,0.016976753730246687
21,train,high,F3,low_gamma,0.02674548900155011
21,train,high,FC5,low_gamma,0.030670164337993782
21,train,high,T7,low_gamma,0.023040789257786794
21,train,high,P7,low_gamma,0.024262152065365583
21,train,high,O1,low_gamma,0.027101078745679623
21,train,high,O2,low_gamma,0.034618516261492656
21,train,high,P8,low_gamma,0.028676441294462205
21,train,high,T8,low_gamma,0.021180313734479293
21,train,high,FC6,low_gamma,0.013305732442597506
21,train,high,F4,low_gamma,0.013183346212580504
21,train,high,F8,low_gamma,0.011390262363325427
21,train,high,AF4,low_gamma,0.01760560990474756
21,train,low,AF3,delta,0.5613516129768219
21,train,low,F7,delta,0.7019536859193523
21,train,low,F3,delta,0.5212009067392777
21,train,low,FC5,delta,0.6929060901164442
21,train,low,T7,delta,0.5337158892886794
21,train,low,P7,delta,0.7825132553551157
21,train,low,O1,delta,0.7813990665719821
21,train,low,O2,delta,0.6951950240515874
21,train,low,P8,delta,0.6715806534784857
21,train,low,T8,delta,0.6251173305385822
21,train,low,FC6,delta,0.7620459716689357
21,train,low,F4,delta,0.6267959950933228
21,train,low,F8,delta,0.6508554752157331
21,train,low,AF4,delta,0.6456422213317689
21,train,low,AF3,theta,0.18399096671320808
21,train,low,F7,theta,0.10916116491763002
21,train,low,F3,theta,0.19391135872247645
21,train,low,FC5,theta,0.11630106500255075
21,train,low,T7,theta,0.12348366964584633
21,train,low,P7,theta,0.08790034672614405
21,train,low,O1,theta,0.08559508924052169
21,train,low,O2,theta,0.0978604812851891
21,train,low,P8,theta,0.1268521678463766
21,train,low,T8,theta,0.12416436731826071
21,train,low,FC6,theta,0.10706224110857541
21,train,low,F4,theta,0.1575022620960678
21,train,low,F8,theta,0.13702761725043633
21,train,low,AF4,theta,0.15618084532208398
21,train,low,AF3,alpha,0.09483618151427242
21,train,low,F7,alpha,0.05818041754007214
21,train,low,F3,alpha,0.10259635127174735
21,train,low,FC5,alpha,0.06329721250055323
21,train,low,T7,alpha,0.08405113792638348
21,train,low,P7,alpha,0.0422177742864511
21,train,low,O1,alpha,0.04808013719248668
21,train,low,O2,alpha,0.07164430487877717
21,train,low,P8,alpha,0.07872207291959143
21,train,low,T8,alpha,0.07428946156098384
21,train,low,FC6,alpha,0.05067800640465328
21,train,low,F4,alpha,0.08070557994185028
21,train,low,F8,alpha,0.07544131673005802
21,train,low,AF4,alpha,0.07823081829496614
21,train,low,AF3,beta,0.12733583615268193
21,train,low,F7,beta,0.09924661267676264
21,train,low,F3,beta,0.14570575872061176
21,train,low,FC5,beta,0.0961253776067408
21,train,low,T7,beta,0.19276725664356917
21,train,low,P7,beta,0.06449452237910812
21,train,low,O1,beta,0.06357918115781006
21,train,low,O2,beta,0.10202403147373193
21,train,low,P8,beta,0.09518112689370933
21,train,low,T8,beta,0.13762377434865022
21,train,low,FC6,beta,0.06442202627494562
21,train,low,F4,beta,0.10971842782309894
21,train,low,F8,beta,0.10964049944876492
21,train,low,AF4,beta,0.09551796550483482
21,train,low,AF3,low_gamma,0.03248540264301559
21,train,low,F7,low_gamma,0.03145811894618296
21,train,low,F3,low_gamma,0.036585624545886826
21,train,low,FC5,low_gamma,0.031370254773711116
21,train,low,T7,low_gamma,0.06598204649552171
21,train,low,P7,low_gamma,0.022874101253181064
21,train,low,O1,low_gamma,0.02134652583719941
21,train,low,O2,low_gamma,0.03327615831071449
21,train,low,P8,low_gamma,0.02766397886183708
21,train,low,T8,low_gamma,0.03880506623352311
21,train,low,FC6,low_gamma,0.01579175454289005
21,train,low,F4,low_gamma,0.02527773504566024
21,train,low,F8,low_gamma,0.02703509135500767
21,train,low,AF4,low_gamma,0.0244281495463462
22,train,high,AF3,delta,0.6219667529088971
22,train,high,F7,delta,0.6720843713982908
22,train,high,F3,delta,0.5279780452169843
22,train,high,FC5,delta,0.5964897455102175
22,train,high,T7,delta,0.7472941864689283
22,train,high,P7,delta,0.3788517171229381
22,train,high,O1,delta,0.3397321621236127
22,train,high,O2,delta,0.32368831580375174
22,train,high,P8,delta,0.4670749431915153
22,train,high,T8,delta,0.44986716811251287
22,train,high,FC6,delta,0.49420345187018666
22,train,high,F4,delta,0.518889527419438
22,train,high,F8,delta,0.5958739591369517
22,train,high,AF4,delta,0.6504300265689018
22,train,high,AF3,theta,0.16728688781208917
22,train,high,F7,theta,0.17772496090825213
22,train,high,F3,theta,0.20231318706306645
22,train,high,FC5,theta,0.1755446518274474
22,train,high,T7,theta,0.12802035671771833
22,train,high,P7,theta,0.24020025675861137
22,train,high,O1,theta,0.2807507070438178
22,train,high,O2,theta,0.25392347590858455
22,train,high,P8,theta,0.1942967368491475
22,train,high,T8,theta,0.24477808509583487
22,train,high,FC6,theta,0.229566999036236
22,train,high,F4,theta,0.19597421840538987
22,train,high,F8,theta,0.21832453691020826
22,train,high,AF4,theta,0.16034622049335073
22,train,high,AF3,alpha,0.12002031665981092
22,train,high,F7,alpha,0.09182165920301508
22,train,high,F3,alpha,0.14883695926086435
22,train,high,FC5,alpha,0.11813848250617978
22,train,high,T7,alpha,0.05806054810656949
22,train,high,P7,alpha,0.19114688019078163
22,train,high,O1,alpha,0.2335495899343944
22,train,high,O2,alpha,0.2815232887522031
22,train,high,P8,alpha,0.204734674671695
22,train,high,T8,alpha,0.20752696441954013
22,train,high,FC6,alpha,0.16301319822796917
22,train,high,F4,alpha,0.15972577927160406
22,train,high,F8,alpha,0.12154605688486447
22,train,high,AF4,alpha,0.11173812586631793
22,train,high,AF3,beta,0.07618957099747015
22,train,high,F7,beta,0.047890334600554765
22,train,high,F3,beta,0.10558833051467842
22,train,high,FC5,beta,0.08615345174327431
22,train,high,T7,beta,0.05176650712498437
22,train,high,P7,beta,0.15078424563296605
22,train,high,O1,beta,0.11951695413767326
22,train,high,O2,beta,0.12053877119201084
22,train,high,P8,beta,0.11105339503413345
22,train,high,T8,beta,0.08531199744350115
22,train,high,FC6,beta,0.09321639219777879
22,train,high,F4,beta,0.10789953032155591
22,train,high,F8,beta,0.05460537648722301
22,train,high,AF4,beta,0.06652486855908844
22,train,high,AF3,low_gamma,0.014536471621732633
22,train,high,F7,low_gamma,0.010478673889887158
22,train,high,F3,low_gamma,0.015283477944406437
22,train,high,FC5,low_gamma,0.02367366841288103
22,train,high,T7,low_gamma,0.014858401581799572
22,train,high,P7,low_gamma,0.039016900294702866
22,train,high,O1,low_gamma,0.026450586760501826
22,train,high,O2,low_gamma,0.020326148343449632
22,train,high,P8,low_gamma,0.022840250253508786
22,train,high,T8,low_gamma,0.012515784928611112
22,train,high,FC6,low_gamma,0.019999958667829484
22,train,high,F4,low_gamma,0.01751094458201227
22,train,high,F8,low_gamma,0.009650070580752566
22,train,high,AF4,low_gamma,0.010960758512341177
22,train,low,AF3,delta,0.30655780372913305
22,train,low,F7,delta,0.24328840477546418
22,train,low,F3,delta,0.21458374079518314
22,train,low,FC5,delta,0.271205685373871
22,train,low,T7,delta,0.6041599447015107
22,train,low,P7,delta,0.22258984111068003
22,train,low,O1,delta,0.3062273889319277
22,train,low,O2,delta,0.25842103370892905
22,train,low,P8,delta,0.5285764630663083
22,train,low,T8,delta,0.27543876721737526
22,train,low,FC6,delta,0.2868106482765446
22,train,low,F4,delta,0.21652224484995816
22,train,low,F8,delta,0.7995183302770089
22,train,low,AF4,delta,0.6459939874437755
22,train,low,AF3,theta,0.10536459798114396
22,train,low,F7,theta,0.12517344843252598
22,train,low,F3,theta,0.12867096243509968
22,train,low,FC5,theta,0.11613506562101317
22,train,low,T7,theta,0.14005843913579122
22,train,low,P7,theta,0.2346970317206755
22,train,low,O1,theta,0.1702135080621228
22,train,low,O2,theta,0.19093954018287623
22,train,low,P8,theta,0.14320028001091292
22,train,low,T8,theta,0.20599210700715143
22,train,low,FC6,theta,0.17435841428884424
22,train,low,F4,theta,0.1566090803379037
22,train,low,F8,theta,0.06022709563216783
22,train,low,AF4,theta,0.07010533252150473
22,train,low,AF3,alpha,0.522744784147454
22,train,low,F7,alpha,0.5593453788858987
22,train,low,F3,alpha,0.5689583326861405
22,train,low,FC5,alpha,0.5083956728943544
22,train,low,T7,alpha,0.1646988743615128
22,train,low,P7,alpha,0.4032819151379119
22,train,low,O1,alpha,0.4055529928975855
22,train,low,O2,alpha,0.43849891930483104
22,train,low,P8,alpha,0.2540188980147738
22,train,low,T8,alpha,0.398264704856298
22,train,low,FC6,alpha,0.4136153726364537
22,train,low,F4,alpha,0.5036184285990113
22,train,low,F8,alpha,0.11539463532264418
22,train,low,AF4,alpha,0.2325795461957118
22,train,low,AF3,beta,0.05636158368245315
22,train,low,F7,beta,0.06017785881666742
22,train,low,F3,beta,0.07478092374494624
22,train,low,FC5,beta,0.07866136539462056
22,train,low,T7,beta,0.07576644194160062
22,train,low,P7,beta,0.11510684586558087
22,train,low,O1,beta,0.09823222620239214
22,train,low,O2,beta,0.10296516476497503
22,train,low,P8,beta,0.06754442252036395
22,train,low,T8,beta,0.10899072073865713
22,train,low,FC6,beta,0.10915484429379001
22,train,low,F4,beta,0.1083855696583369
22,train,low,F8,beta,0.022294239913035526
22,train,low,AF4,beta,0.043307239691736575
22,train,low,AF3,low_gamma,0.008971230459815828
22,train,low,F7,low_gamma,0.012014909089443722
22,train,low,F3,low_gamma,0.013006040338630365
22,train,low,FC5,low_gamma,0.025602210716140848
22,train,low,T7,low_gamma,0.01531629985958481
22,train,low,P7,low_gamma,0.024324366165151715
22,train,low,O1,low_gamma,0.01977388390597193
22,train,low,O2,low_gamma,0.009175342038388703
22,train,low,P8,low_gamma,0.006659936387641132
22,train,low,T8,low_gamma,0.011313700180518166
22,train,low,FC6,low_gamma,0.016060720504367368
22,train,low,F4,low_gamma,0.014864676554789897
22,train,low,F8,low_gamma,0.0025656988551435896
22,train,low,AF4,low_gamma,0.008013894147271359
23,train,high,AF3,delta,0.620593119942446
23,train,high,F7,delta,0.6892496077889148
23,train,high,F3,delta,0.5430654322802805
23,train,high,FC5,delta,0.6109926804181087
23,train,high,T7,delta,0.6418115049289566
23,train,high,P7,delta,0.6621643692492734
23,train,high,O1,delta,0.5994004871021638
23,train,high,O2,delta,0.5844871982985588
23,train,high,P8,delta,0.6521724654906169
23,train,high,T8,delta,0.6650841447211107
23,train,high,FC6,delta,0.6767941375535459
23,train,high,F4,delta,0.6160053493757455
23,train,high,F8,delta,0.7089137874077573
23,train,high,AF4,delta,0.6779094335178899
23,train,high,AF3,theta,0.1590805379681575
23,train,high,F7,theta,0.1536066302745107
23,train,high,F3,theta,0.23120784864855629
23,train,high,FC5,theta,0.147313138331167
23,train,high,T7,theta,0.12117999657742785
23,train,high,P7,theta,0.10791839644156667
23,train,high,O1,theta,0.1743555376779146
23,train,high,O2,theta,0.1641986699706161
23,train,high,P8,theta,0.13759420015316207
23,train,high,T8,theta,0.14057180532597183
23,train,high,FC6,theta,0.16196158032758906
23,train,high,F4,theta,0.1667312029575311
23,train,high,F8,theta,0.16814830829392788
23,train,high,AF4,theta,0.15566668178112053
23,train,high,AF3,alpha,0.0760212048583113
23,train,high,F7,alpha,0.060533227798795344
23,train,high,F3,alpha,0.11991370151954782
23,train,high,FC5,alpha,0.08049389658246486
23,train,high,T7,alpha,0.08143345916381275
23,train,high,P7,alpha,0.07936244393854813
23,train,high,O1,alpha,0.12033389298114773
23,train,high,O2,alpha,0.10702691121111789
23,train,high,P8,alpha,0.07784869551741481
23,train,high,T8,alpha,0.07535160018656892
23,train,high,FC6,alpha,0.06900188152813738
23,train,high,F4,alpha,0.08786288574445872
23,train,high,F8,alpha,0.060463581353867576
23,train,high,AF4,alpha,0.06774511041751366
23,train,high,AF3,beta,0.11764553877001131
23,train,high,F7,beta,0.0758747856190613
23,train,high,F3,beta,0.09198031836159094
23,train,high,FC5,beta,0.1252422320450875
23,train,high,T7,beta,0.11830337015729842
23,train,high,P7,beta,0.1174031938075177
23,train,high,O1,beta,0.08919290253584228
23,train,high,O2,beta,0.12317941546906001
23,train,high,P8,beta,0.10780745069748914
23,train,high,T8,beta,0.0979720758506891
23,train,high,FC6,beta,0.07481415303356025
23,train,high,F4,beta,0.10841438706419519
23,train,high,F8,beta,0.05192156559870979
23,train,high,AF4,beta,0.08075721298575524
23,train,high,AF3,low_gamma,0.02665959846107375
23,train,high,F7,low_gamma,0.020735748518717876
23,train,high,F3,low_gamma,0.013832699190024365
23,train,high,FC5,low_gamma,0.035958052623171956
23,train,high,T7,low_gamma,0.03727166917250429
23,train,high,P7,low_gamma,0.03315159656309432
23,train,high,O1,low_gamma,0.016717179702931843
23,train,high,O2,low_gamma,0.02110780505064721
23,train,high,P8,low_gamma,0.024577188141316993
23,train,high,T8,low_gamma,0.02102037391565932
23,train,high,FC6,low_gamma,0.017428247557167282
23,train,high,F4,low_gamma,0.02098617485806949
23,train,high,F8,low_gamma,0.010552757345737301
23,train,high,AF4,low_gamma,0.01792156129772072
23,train,low,AF3,delta,0.6671297057456073
23,train,low,F7,delta,0.7177884838249229
23,train,low,F3,delta,0.48450629564981235
23,train,low,FC5,delta,0.5996103583148139
23,train,low,T7,delta,0.527837035426527
23,train,low,P7,delta,0.36208564613907634
23,train,low,O1,delta,0.34152658429631877
23,train,low,O2,delta,0.3287569397324452
23,train,low,P8,delta,0.7255579087654357
23,train,low,T8,delta,0.5099887421092648
23,train,low,FC6,delta,0.3953199611024484
23,train,low,F4,delta,0.42947059494581263
23,train,low,F8,delta,0.5766089522964924
23,train,low,AF4,delta,0.7577430128106312
23,train,low,AF3,theta,0.1345262102168813
23,train,low,F7,theta,0.12596705852561796
23,train,low,F3,theta,0.1589614445564675
23,train,low,FC5,theta,0.16283296867665492
23,train,low,T7,theta,0.1392675500212857
23,train,low,P7,theta,0.20378590847556866
23,train,low,O1,theta,0.19585656316925285
23,train,low,O2,theta,0.19458814126261129
23,train,low,P8,theta,0.1281292315239812
23,train,low,T8,theta,0.15531516945889154
23,train,low,FC6,theta,0.17208223966675992
23,train,low,F4,theta,0.18601518396965577
23,train,low,F8,theta,0.15150285260087012
23,train,low,AF4,theta,0.10916364903303367
23,train,low,AF3,alpha,0.0684733389338515
23,train,low,F7,alpha,0.053203825103353156
23,train,low,F3,alpha,0.10717257555448485
23,train,low,FC5,alpha,0.07775211433793919
23,train,low,T7,alpha,0.09895660625401362
23,train,low,P7,alpha,0.14212342431945538
23,train,low,O1,alpha,0.16511509813308192
23,train,low,O2,alpha,0.1873753174770292
23,train,low,P8,alpha,0.05531736359309809
23,train,low,T8,alpha,0.1250884919926586
23,train,low,FC6,alpha,0.13996696205979706
23,train,low,F4,alpha,0.13123282089870666
23,train,low,F8,alpha,0.09235179709471272
23,train,low,AF4,alpha,0.04910265248696149
23,train,low,AF3,beta,0.10835402661708897
23,train,low,F7,beta,0.08084677201862736
23,train,low,F3,beta,0.19445673691325271
23,train,low,FC5,beta,0.12465422018929527
23,train,low,T7,beta,0.1692845616489769
23,train,low,P7,beta,0.22905586800232466
23,train,low,O1,beta,0.23590589209038673
23,train,low,O2,beta,0.24833942177462232
23,train,low,P8,beta,0.07662032611723817
23,train,low,T8,beta,0.17591443144346675
23,train,low,FC6,beta,0.23868521504241777
23,train,low,F4,beta,0.21277186156810968
23,train,low,F8,beta,0.14861356137551363
23,train,low,AF4,beta,0.07013424228229605
23,train,low,AF3,low_gamma,0.021516718486571003
23,train,low,F7,low_gamma,0.02219386052747875
23,train,low,F3,low_gamma,0.05490294732598263
23,train,low,FC5,low_gamma,0.035150338481296846
23,train,low,T7,low_gamma,0.06465424664919663
23,train,low,P7,low_gamma,0.06294915306357492
23,train,low,O1,low_gamma,0.06159586231095976
23,train,low,O2,low_gamma,0.040940179753292116
23,train,low,P8,low_gamma,0.014375170000246858
23,train,low,T8,low_gamma,0.033693164995718394
23,train,low,FC6,low_gamma,0.05394562212857694
23,train,low,F4,low_gamma,0.04050953861771525
23,train,low,F8,low_gamma,0.030922836632411105
23,train,low,AF4,low_gamma,0.013856443387077613
24,train,high,AF3,delta,0.3850941233251943
24,train,high,F7,delta,0.5472059341632216
24,train,high,F3,delta,0.3364811152630135
24,train,high,FC5,delta,0.4268463459371935
24,train,high,T7,delta,0.4116142094026328
24,train,high,P7,delta,0.36284606486254684
24,train,high,O1,delta,0.5131535946238235
24,train,high,O2,delta,0.33999438857663034
24,train,high,P8,delta,0.3372004037768751
24,train,high,T8,delta,0.38307231998365865
24,train,high,FC6,delta,0.4406573894153259
24,train,high,F4,delta,0.41606297059928304
24,train,high,F8,delta,0.5083208563496191
24,train,high,AF4,delta,0.4699378159470226
24,train,high,AF3,theta,0.3455459099455046
24,train,high,F7,theta,0.20044117781037565
24,train,high,F3,theta,0.3317122041590851
24,train,high,FC5,theta,0.2290463608242671
24,train,high,T7,theta,0.21650158214970341
24,train,high,P7,theta,0.25573208962207716
24,train,high,O1,theta,0.20500084604387978
24,train,high,O2,theta,0.23383365530336572
24,train,high,P8,theta,0.2147759693557296
24,train,high,T8,theta,0.17064115758819123
24,train,high,FC6,theta,0.1953810616576869
24,train,high,F4,theta,0.27873419346456674
24,train,high,F8,theta,0.1979497729516242
24,train,high,AF4,theta,0.28048640789801543
24,train,high,AF3,alpha,0.184420323332319
24,train,high,F7,alpha,0.17071887601812272
24,train,high,F3,alpha,0.23640441438309354
24,train,high,FC5,alpha,0.2281857759918537
24,train,high,T7,alpha,0.23060544964824203
24,train,high,P7,alpha,0.23601478075741483
24,train,high,O1,alpha,0.19210692222214887
24,train,high,O2,alpha,0.3244208438261793
24,train,high,P8,alpha,0.32047707950179954
24,train,high,T8,alpha,0.32432168717387316
24,train,high,FC6,alpha,0.28064516252286575
24,train,high,F4,alpha,0.23003619146577076
24,train,high,F8,alpha,0.21989338571215825
24,train,high,AF4,alpha,0.17625959626632812
24,train,high,AF3,beta,0.07137325300167756
24,train,high,F7,beta,0.0652953123088777
24,train,high,F3,beta,0.08298186288023802
24,train,high,FC5,beta,0.09505255772989767
24,train,high,T7,beta,0.11514805576349452
24,train,high,P7,beta,0.11465048437704686
24,train,high,O1,beta,0.07152817128060879
24,train,high,O2,beta,0.08794190044516444
24,train,high,P8,beta,0.10466492546852328
24,train,high,T8,beta,0.09988523975121064
24,train,high,FC6,beta,0.07036755047889504
24,train,high,F4,beta,0.06491296990279509
24,train,high,F8,beta,0.06087499278777314
24,train,high,AF4,beta,0.06043758530560296
24,train,high,AF3,low_gamma,0.0135663903953045
24,train,high,F7,low_gamma,0.016338699699402263
24,train,high,F3,low_gamma,0.012420403314569797
24,train,high,FC5,low_gamma,0.02086895951678803
24,train,high,T7,low_gamma,0.02613070303592713
24,train,high,P7,low_gamma,0.03075658038091429
24,train,high,O1,low_gamma,0.018210465829539117
24,train,high,O2,low_gamma,0.013809211848660154
24,train,high,P8,low_gamma,0.022881621897072425
24,train,high,T8,low_gamma,0.022079595503066256
24,train,high,FC6,low_gamma,0.012948835925226379
24,train,high,F4,low_gamma,0.010253674567584366
24,train,high,F8,low_gamma,0.012960992198825313
24,train,high,AF4,low_gamma,0.012878594583030967
24,train,low,AF3,delta,0.42193972441710476
24,train,low,F7,delta,0.4573338251241152
24,train,low,F3,delta,0.2962220261098303
24,train,low,FC5,delta,0.32481716808862987
24,train,low,T7,delta,0.4038408451133137
24,train,low,P7,delta,0.3425242800522505
24,train,low,O1,delta,0.37067263924702337
24,train,low,O2,delta,0.20857142752202237
24,train,low,P8,delta,0.22071944871695903
24,train,low,T8,delta,0.25791789477748606
24,train,low,FC6,delta,0.2857000073590935
24,train,low,F4,delta,0.3136004401753356
24,train,low,F8,delta,0.33343145055894924
24,train,low,AF4,delta,0.4198276695211957
24,train,low,AF3,theta,0.1658983071004861
24,train,low,F7,theta,0.14231803397621912
24,train,low,F3,theta,0.18547180231320864
24,train,low,FC5,theta,0.15001270839559705
24,train,low,T7,theta,0.14313208186614088
24,train,low,P7,theta,0.18147382162024447
24,train,low,O1,theta,0.1596574847508904
24,train,low,O2,theta,0.12877763107107806
24,train,low,P8,theta,0.15517641303238694
24,train,low,T8,theta,0.1488371164672886
24,train,low,FC6,theta,0.15516445985356048
24,train,low,F4,theta,0.1844240016874395
24,train,low,F8,theta,0.16005957018136774
24,train,low,AF4,theta,0.1766754623411715
24,train,low,AF3,alpha,0.328519304888806
24,train,low,F7,alpha,0.31465776628503633
24,train,low,F3,alpha,0.41414926699153065
24,train,low,FC5,alpha,0.39793927969969134
24,train,low,T7,alpha,0.32677860066960224
24,train,low,P7,alpha,0.28929383000062436
24,train,low,O1,alpha,0.36367607218033077
24,train,low,O2,alpha,0.5701414352021857
24,train,low,P8,alpha,0.510877348967863
24,train,low,T8,alpha,0.482280206612162
24,train,low,FC6,alpha,0.44929125429909605
24,train,low,F4,alpha,0.3971495589659658
24,train,low,F8,alpha,0.40841770531310745
24,train,low,AF4,alpha,0.3062291602259625
24,train,low,AF3,beta,0.06778138650968027
24,train,low,F7,beta,0.06953277262180853
24,train,low,F3,beta,0.08768203333491144
24,train,low,FC5,beta,0.09993759716200605
24,train,low,T7,beta,0.0994605353389433
24,train,low,P7,beta,0.1430093127706944
24,train,low,O1,beta,0.08643713614994371
24,train,low,O2,beta,0.08302092337364533
24,train,low,P8,beta,0.09698928390956339
24,train,low,T8,beta,0.09400520476126839
24,train,low,FC6,beta,0.09309493922853931
24,train,low,F4,beta,0.08840989801306591
24,train,low,F8,beta,0.0837941628987902
24,train,low,AF4,beta,0.08048910002344191
24,train,low,AF3,low_gamma,0.01586127708392284
24,train,low,F7,low_gamma,0.01615760199282088
24,train,low,F3,low_gamma,0.016474871250519062
24,train,low,FC5,low_gamma,0.02729324665407581
24,train,low,T7,low_gamma,0.026787937011999913
24,train,low,P7,low_gamma,0.04369875555618621
24,train,low,O1,low_gamma,0.019556667671811627
24,train,low,O2,low_gamma,0.00948858283106863
24,train,low,P8,low_gamma,0.01623750537322749
24,train,low,T8,low_gamma,0.016959577381794814
24,train,low,FC6,low_gamma,0.01674933925971053
24,train,low,F4,low_gamma,0.016416101158193072
24,train,low,F8,low_gamma,0.014297111047785398
24,train,low,AF4,low_gamma,0.01677860788822828
25,test,high,AF3,delta,0.4840558834568615
25,test,high,F7,delta,0.4905975997843336
25,test,high,F3,delta,0.7101378776067623
25,test,high,FC5,delta,0.4322667066746299
25,test,high,T7,delta,0.4366219379697544
25,test,high,P7,delta,0.4432101102618314
25,test,high,O1,delta,0.8179077877228236
25,test,high,O2,delta,0.35650614452619533
25,test,high,P8,delta,0.40714439643993355
25,test,high,T8,delta,0.45561525356156046
25,test,high,FC6,delta,0.45499839950545623
25,test,high,F4,delta,0.4391943705145787
25,test,high,F8,delta,0.4870769231887632
25,test,high,AF4,delta,0.652257046763325
25,test,high,AF3,theta,0.25650034179697434
25,test,high,F7,theta,0.25718343192231474
25,test,high,F3,theta,0.14340231461893854
25,test,high,FC5,theta,0.2693951962238742
25,test,high,T7,theta,0.25456742821583295
25,test,high,P7,theta,0.24238862599333347
25,test,high,O1,theta,0.09624356105008797
25,test,high,O2,theta,0.2785795523729726
25,test,high,P8,theta,0.25834851644592827
25,test,high,T8,theta,0.23511544916453833
25,test,high,FC6,theta,0.24736772362457762
25,test,high,F4,theta,0.24521293401008154
25,test,high,F8,theta,0.2456108066964212
25,test,high,AF4,theta,0.17238315272028926
25,test,high,AF3,alpha,0.1311065663612189
25,test,high,F7,alpha,0.12009814110217806
25,test,high,F3,alpha,0.07405893712315102
25,test,high,FC5,alpha,0.13525176992822058
25,test,high,T7,alpha,0.14395332948632727
25,test,high,P7,alpha,0.14160068734531958
25,test,high,O1,alpha,0.0449942232723372
25,test,high,O2,alpha,0.20492205859343676
25,test,high,P8,alpha,0.1723240305528933
25,test,high,T8,alpha,0.16739281492428482
25,test,high,FC6,alpha,0.15556110066361123
25,test,high,F4,alpha,0.15330086868189868
25,test,high,F8,alpha,0.1435347576713391
25,test,high,AF4,alpha,0.09231884643616714
25,test,high,AF3,beta,0.10816545413349751
25,test,high,F7,beta,0.1078165469423202
25,test,high,F3,beta,0.06087646832994886
25,test,high,FC5,beta,0.13223890532712884
25,test,high,T7,beta,0.1325582030652265
25,test,high,P7,beta,0.1397086818352554
25,test,high,O1,beta,0.03405954007541422
25,test,high,O2,beta,0.13852925508491606
25,test,high,P8,beta,0.13947710357019863
25,test,high,T8,beta,0.1208609251064637
25,test,high,FC6,beta,0.12054374884432435
25,test,high,F4,beta,0.13261753070214627
25,test,high,F8,beta,0.10442428199481273
25,test,high,AF4,beta,0.0699985743878169
25,test,high,AF3,low_gamma,0.02017175425144779
25,test,high,F7,low_gamma,0.02430428024885354
25,test,high,F3,low_gamma,0.011524402321199362
25,test,high,FC5,low_gamma,0.03084742184614656
25,test,high,T7,low_gamma,0.03229910126285882
25,test,high,P7,low_gamma,0.033091894564260184
25,test,high,O1,low_gamma,0.006794887879336946
25,test,high,O2,low_gamma,0.021462989422479248
25,test,high,P8,low_gamma,0.02270595299104621
25,test,high,T8,low_gamma,0.02101555724315268
25,test,high,FC6,low_gamma,0.021529027362030488
25,test,high,F4,low_gamma,0.02967429609129474
25,test,high,F8,low_gamma,0.019353230448663678
25,test,high,AF4,low_gamma,0.013042379692401787
25,test,low,AF3,delta,0.33687684576405574
25,test,low,F7,delta,0.5132099100152513
25,test,low,F3,delta,0.3256842517560837
25,test,low,FC5,delta,0.41155186105294067
25,test,low,T7,delta,0.3390703505340754
25,test,low,P7,delta,0.38279463644154726
25,test,low,O1,delta,0.5647689208593492
25,test,low,O2,delta,0.471079192417035
25,test,low,P8,delta,0.31241859351199536
25,test,low,T8,delta,0.2599872103391394
25,test,low,FC6,delta,0.5097927411553255
25,test,low,F4,delta,0.3136659845131881
25,test,low,F8,delta,0.35526850616487976
25,test,low,AF4,delta,0.4265791816286967
25,test,low,AF3,theta,0.20922283926277396
25,test,low,F7,theta,0.17628646792798078
25,test,low,F3,theta,0.2068585371260965
25,test,low,FC5,theta,0.19970337964101587
25,test,low,T7,theta,0.21650562486660038
25,test,low,P7,theta,0.19761124619260034
25,test,low,O1,theta,0.15630888115480032
25,test,low,O2,theta,0.15671106854408953
25,test,low,P8,theta,0.19503147012838978
25,test,low,T8,theta,0.19236798408283337
25,test,low,FC6,theta,0.183334490920581
25,test,low,F4,theta,0.19384548529272633
25,test,low,F8,theta,0.19711703056983562
25,test,low,AF4,theta,0.19103951928099921
25,test,low,AF3,alpha,0.24260808438000667
25,test,low,F7,alpha,0.15484827616651242
25,test,low,F3,alpha,0.24328098980639737
25,test,low,FC5,alpha,0.17915737822403374
25,test,low,T7,alpha,0.24262211806961578
25,test,low,P7,alpha,0.173348479237565
25,test,low,O1,alpha,0.12450732162772143
25,test,low,O2,alpha,0.19673443395066006
25,test,low,P8,alpha,0.2650628741795553
25,test,low,T8,alpha,0.30692749728813223
25,test,low,FC6,alpha,0.16923148871443425
25,test,low,F4,alpha,0.26117929524928724
25,test,low,F8,alpha,0.2527456956211898
25,test,low,AF4,alpha,0.20594005590741177
25,test,low,AF3,beta,0.17777714564047178
25,test,low,F7,beta,0.12823183086512688
25,test,low,F3,beta,0.18703975845930315
25,test,low,FC5,beta,0.17084544045080938
25,test,low,T7,beta,0.1595417001020943
25,test,low,P7,beta,0.19666083245255456
25,test,low,O1,beta,0.12059018083669434
25,test,low,O2,beta,0.1471112811123006
25,test,low,P8,beta,0.1979252512342435
25,test,low,T8,beta,0.2054522014703363
25,test,low,FC6,beta,0.11870979489588553
25,test,low,F4,beta,0.1949442585187327
25,test,low,F8,beta,0.1691263139993873
25,test,low,AF4,beta,0.14755612555480993
25,test,low,AF3,low_gamma,0.03351508495269171
25,test,low,F7,low_gamma,0.02742351502512871
25,test,low,F3,low_gamma,0.03713646285211926
25,test,low,FC5,low_gamma,0.03874194063120042
25,test,low,T7,low_gamma,0.04226020642761422
25,test,low,P7,low_gamma,0.049584805675732875
25,test,low,O1,low_gamma,0.03382469552143479
25,test,low,O2,low_gamma,0.028364023975914865
25,test,low,P8,low_gamma,0.029561810945815913
25,test,low,T8,low_gamma,0.03526510681955868
25,test,low,FC6,low_gamma,0.018931484313773676
25,test,low,F4,low_gamma,0.0363649764260656
25,test,low,F8,low_gamma,0.025742453644707487
25,test,low,AF4,low_gamma,0.02888511762808238
26,test,high,AF3,delta,0.543349335651798
26,test,high,F7,delta,0.5523789890101549
26,test,high,F3,delta,0.4130415891710837
26,test,high,FC5,delta,0.37211725411208346
26,test,high,T7,delta,0.7348185195802422
26,test,high,P7,delta,0.4861811272157714
26,test,high,O1,delta,0.4855164400061739
26,test,high,O2,delta,0.44200632913141463
26,test,high,P8,delta,0.5410143717209106
26,test,high,T8,delta,0.5098511995925069
26,test,high,FC6,delta,0.6219513410656602
26,test,high,F4,delta,0.5288702578824572
26,test,high,F8,delta,0.6313946158509548
26,test,high,AF4,delta,0.6114461988653904
26,test,high,AF3,theta,0.20149438460149371
26,test,high,F7,theta,0.17295978660621975
26,test,high,F3,theta,0.2018492473139077
26,test,high,FC5,theta,0.12510277409496143
26,test,high,T7,theta,0.13406997236175622
26,test,high,P7,theta,0.150031838370216
26,test,high,O1,theta,0.23313908821968685
26,test,high,O2,theta,0.18096154240388632
26,test,high,P8,theta,0.1614864890242495
26,test,high,T8,theta,0.1692789999121658
26,test,high,FC6,theta,0.15351234212276393
26,test,high,F4,theta,0.18506318885419382
26,test,high,F8,theta,0.17006098044484144
26,test,high,AF4,theta,0.18928536878819252
26,test,high,AF3,alpha,0.09066881850989335
26,test,high,F7,alpha,0.07491633448177316
26,test,high,F3,alpha,0.13260235022170683
26,test,high,FC5,alpha,0.08088412912241799
26,test,high,T7,alpha,0.03423036295118005
26,test,high,P7,alpha,0.10699442100856277
26,test,high,O1,alpha,0.12112258599427964
26,test,high,O2,alpha,0.1641001682660028
26,test,high,P8,alpha,0.12496879257464157
26,test,high,T8,alpha,0.12210866604329967
26,test,high,FC6,alpha,0.07742620803714705
26,test,high,F4,alpha,0.09569631883416134
26,test,high,F8,alpha,0.07558535837088441
26,test,high,AF4,alpha,0.0734856307100476
26,test,high,AF3,beta,0.12225666339538983
26,test,high,F7,beta,0.14699625253121779
26,test,high,F3,beta,0.1930337445437837
26,test,high,FC5,beta,0.2840172524438299
26,test,high,T7,beta,0.07071012257035737
26,test,high,P7,beta,0.1781671210287611
26,test,high,O1,beta,0.13247210597235246
26,test,high,O2,beta,0.16509151183412735
26,test,high,P8,beta,0.13180246219275413
26,test,high,T8,beta,0.14489780669827565
26,test,high,FC6,beta,0.10255106231866962
26,test,high,F4,beta,0.13433287104102218
26,test,high,F8,beta,0.08885433218908827
26,test,high,AF4,beta,0.09179567622286361
26,test,high,AF3,low_gamma,0.04223079784142501
26,test,high,F7,low_gamma,0.05274863737063445
26,test,high,F3,low_gamma,0.05947306874951808
26,test,high,FC5,low_gamma,0.13787859022670723
26,test,high,T7,low_gamma,0.026171022536464042
26,test,high,P7,low_gamma,0.07862549237668863
26,test,high,O1,low_gamma,0.027749779807507126
26,test,high,O2,low_gamma,0.04784044836456893
26,test,high,P8,low_gamma,0.04072788448744418
26,test,high,T8,low_gamma,0.05386332775375211
26,test,high,FC6,low_gamma,0.044559046455759255
26,test,high,F4,low_gamma,0.05603736338816543
26,test,high,F8,low_gamma,0.034104713144231115
26,test,high,AF4,low_gamma,0.033987125413506
26,test,low,AF3,delta,0.6890102542186017
26,test,low,F7,delta,0.701475041318066
26,test,low,F3,delta,0.7088947418098543
26,test,low,FC5,delta,0.680916062574764
26,test,low,T7,delta,0.631933104071145
26,test,low,P7,delta,0.6549370978031529
26,test,low,O1,delta,0.663341256652337
26,test,low,O2,delta,0.6025502608767358
26,test,low,P8,delta,0.630531992301862
26,test,low,T8,delta,0.6506402310209911
26,test,low,FC6,delta,0.6647822215617217
26,test,low,F4,delta,0.6798914718365301
26,test,low,F8,delta,0.7006517269515625
26,test,low,AF4,delta,0.7213350484040674
26,test,low,AF3,theta,0.15523443405186094
26,test,low,F7,theta,0.1375111086596588
26,test,low,F3,theta,0.14059840624147446
26,test,low,FC5,theta,0.1361781036623296
26,test,low,T7,theta,0.15959405789578435
26,test,low,P7,theta,0.18071847476997696
26,test,low,O1,theta,0.15195919373219677
26,test,low,O2,theta,0.13677304431634854
26,test,low,P8,theta,0.16227018648243746
26,test,low,T8,theta,0.1480280456348919
26,test,low,FC6,theta,0.14649705362753904
26,test,low,F4,theta,0.15007332842172233
26,test,low,F8,theta,0.13855875709690257
26,test,low,AF4,theta,0.1423475630553349
26,test,low,AF3,alpha,0.07982381846701031
26,test,low,F7,alpha,0.06333430933821024
26,test,low,F3,alpha,0.06918073655821001
26,test,low,FC5,alpha,0.06815400933593492
26,test,low,T7,alpha,0.05976028165215647
26,test,low,P7,alpha,0.06329404798118565
26,test,low,O1,alpha,0.09163268996887332
26,test,low,O2,alpha,0.16714629473543455
26,test,low,P8,alpha,0.11521637756856619
26,test,low,T8,alpha,0.10062179874606766
26,test,low,FC6,alpha,0.09200970780573028
26,test,low,F4,alpha,0.08876741871704855
26,test,low,F8,alpha,0.07465822656657063
26,test,low,AF4,alpha,0.06965961028865351
26,test,low,AF3,beta,0.05924009771081566
26,test,low,F7,beta,0.07430488517638574
26,test,low,F3,beta,0.06040022848787709
26,test,low,FC5,beta,0.085812788289782
26,test,low,T7,beta,0.10859145587325396
26,test,low,P7,beta,0.07575671377175781
26,test,low,O1,beta,0.07215128232087889
26,test,low,O2,beta,0.0735443996879623
26,test,low,P8,beta,0.07195547428204246
26,test,low,T8,beta,0.07734912105684837
26,test,low,FC6,beta,0.07197666828047462
26,test,low,F4,beta,0.06289559280925226
26,test,low,F8,beta,0.06575446564712813
26,test,low,AF4,beta,0.05212617887084525
26,test,low,AF3,low_gamma,0.016691395551711438
26,test,low,F7,low_gamma,0.023374655507679042
26,test,low,F3,low_gamma,0.02092588690258413
26,test,low,FC5,low_gamma,0.028939036137189518
26,test,low,T7,low_gamma,0.04012110050766016
26,test,low,P7,low_gamma,0.025293665673926713
26,test,low,O1,low_gamma,0.02091557732571406
26,test,low,O2,low_gamma,0.01998600038351895
26,test,low,P8,low_gamma,0.020025969365091965
26,test,low,T8,low_gamma,0.023360803541201017
26,test,low,FC6,low_gamma,0.024734348724534273
26,test,low,F4,low_gamma,0.018372188215446617
26,test,low,F8,low_gamma,0.020376823737835968
26,test,low,AF4,low_gamma,0.014531599381098841
27,test,high,AF3,delta,0.6197992238784327
27,test,high,F7,delta,0.7690983850263621
27,test,high,F3,delta,0.5523109466175685
27,test,high,FC5,delta,0.6959910171658441
27,test,high,T7,delta,0.7072481296113285
27,test,high,P7,delta,0.731036665746777
27,test,high,O1,delta,0.665924372496199
27,test,high,O2,delta,0.6275404280016386
27,test,high,P8,delta,0.6449871701992234
27,test,high,T8,delta,0.6496678755598725
27,test,high,FC6,delta,0.6662693330879959
27,test,high,F4,delta,0.645524932330247
27,test,high,F8,delta,0.7491859595761252
27,test,high,AF4,delta,0.7412703041112558
27,test,high,AF3,theta,0.14931700340466464
27,test,high,F7,theta,0.1513454314784859
27,test,high,F3,theta,0.21542281103500366
27,test,high,FC5,theta,0.1245456520504826
27,test,high,T7,theta,0.12446859644458036
27,test,high,P7,theta,0.08734067063089569
27,test,high,O1,theta,0.12168816794351864
27,test,high,O2,theta,0.1498045473476735
27,test,high,P8,theta,0.1333662693105667
27,test,high,T8,theta,0.138278376337831
27,test,high,FC6,theta,0.13116912246491208
27,test,high,F4,theta,0.14505612668062443
27,test,high,F8,theta,0.1458451537018491
27,test,high,AF4,theta,0.1378328521684274
27,test,high,AF3,alpha,0.07217360287775705
27,test,high,F7,alpha,0.03838091000679994
27,test,high,F3,alpha,0.11598351185649584
27,test,high,FC5,alpha,0.05521350918675248
27,test,high,T7,alpha,0.06969203240996519
27,test,high,P7,alpha,0.061758305747725284
27,test,high,O1,alpha,0.08189824004803802
27,test,high,O2,alpha,0.10199808378769384
27,test,high,P8,alpha,0.10350631506491365
27,test,high,T8,alpha,0.10250757050131992
27,test,high,FC6,alpha,0.06253832057149541
27,test,high,F4,alpha,0.07035307385891573
27,test,high,F8,alpha,0.05350069157646051
27,test,high,AF4,alpha,0.05364711373160887
27,test,high,AF3,beta,0.1138190741638248
27,test,high,F7,beta,0.0321554616406818
27,test,high,F3,beta,0.10071164184163853
27,test,high,FC5,beta,0.08934361628517785
27,test,high,T7,beta,0.07270893697104157
27,test,high,P7,beta,0.08968070035386914
27,test,high,O1,beta,0.09796593196581757
27,test,high,O2,beta,0.09257365129117931
27,test,high,P8,beta,0.09053486422689097
27,test,high,T8,beta,0.08524909920555704
27,test,high,FC6,beta,0.09840447577635984
27,test,high,F4,beta,0.09875959038926117
27,test,high,F8,beta,0.039183993681317045
27,test,high,AF4,beta,0.04888470017329926
27,test,high,AF3,low_gamma,0.044891095675320764
27,test,high,F7,low_gamma,0.009019811847670194
27,test,high,F3,low_gamma,0.01557108864929343
27,test,high,FC5,low_gamma,0.03490620531174295
27,test,high,T7,low_gamma,0.025882304563084435
27,test,high,P7,low_gamma,0.03018365752073288
27,test,high,O1,low_gamma,0.03252328754642687
27,test,high,O2,low_gamma,0.028083289571814954
27,test,high,P8,low_gamma,0.027605381198405304
27,test,high,T8,low_gamma,0.02429707839541962
27,test,high,FC6,low_gamma,0.04161874809923677
27,test,high,F4,low_gamma,0.04030627674095176
27,test,high,F8,low_gamma,0.012284201464248046
27,test,high,AF4,low_gamma,0.018365029815408707
27,test,low,AF3,delta,0.6114496367127948
27,test,low,F7,delta,0.6430558998708039
27,test,low,F3,delta,0.5774700314662251
27,test,low,FC5,delta,0.601672730382339
27,test,low,T7,delta,0.6937817865200023
27,test,low,P7,delta,0.6937987961071151
27,test,low,O1,delta,0.6256098128021474
27,test,low,O2,delta,0.539222174931373
27,test,low,P8,delta,0.4967796054083544
27,test,low,T8,delta,0.457753676864172
27,test,low,FC6,delta,0.5093305442359461
27,test,low,F4,delta,0.5470170751860816
27,test,low,F8,delta,0.4847310590836445
27,test,low,AF4,delta,0.8377988212358064
27,test,low,AF3,theta,0.14712893883085026
27,test,low,F7,theta,0.10552561202399366
27,test,low,F3,theta,0.12808656006934369
27,test,low,FC5,theta,0.11459401204448799
27,test,low,T7,theta,0.08378887896363692
27,test,low,P7,theta,0.0965834345548331
27,test,low,O1,theta,0.09914598500752865
27,test,low,O2,theta,0.1202425209577997
27,test,low,P8,theta,0.12405564403358303
27,test,low,T8,theta,0.12824588747236898
27,test,low,FC6,theta,0.11961557016261093
27,test,low,F4,theta,0.1399405132058345
27,test,low,F8,theta,0.12487720307145812
27,test,low,AF4,theta,0.0668713800580679
27,test,low,AF3,alpha,0.0894489520148991
27,test,low,F7,alpha,0.08615848433425674
27,test,low,F3,alpha,0.11554946875341969
27,test,low,FC5,alpha,0.08980554314475993
27,test,low,T7,alpha,0.060868548482698466
27,test,low,P7,alpha,0.06756905131190795
27,test,low,O1,alpha,0.0995852521723815
27,test,low,O2,alpha,0.1414644909786683
27,test,low,P8,alpha,0.1477155356561802
27,test,low,T8,alpha,0.14066320840194646
27,test,low,FC6,alpha,0.0959886627374713
27,test,low,F4,alpha,0.12447416654754268
27,test,low,F8,alpha,0.13353680933974718
27,test,low,AF4,alpha,0.038848230481603685
27,test,low,AF3,beta,0.12343096425445607
27,test,low,F7,beta,0.1287207675935833
27,test,low,F3,beta,0.1418519096042906
27,test,low,FC5,beta,0.150963282671934
27,test,low,T7,beta,0.11912118893445982
27,test,low,P7,beta,0.1069639472696377
27,test,low,O1,beta,0.13721176191929021
27,test,low,O2,beta,0.15716127340452402
27,test,low,P8,beta,0.18316033533555875
27,test,low,T8,beta,0.210916776225769
27,test,low,FC6,beta,0.20295988928408926
27,test,low,F4,beta,0.1496597562362001
27,test,low,F8,beta,0.1999633411558927
27,test,low,AF4,beta,0.04579009850408609
27,test,low,AF3,low_gamma,0.028541508186999742
27,test,low,F7,low_gamma,0.036539236177362544
27,test,low,F3,low_gamma,0.03704203010672092
27,test,low,FC5,low_gamma,0.0429644317564791
27,test,low,T7,low_gamma,0.04243959709920233
27,test,low,P7,low_gamma,0.035084770756506165
27,test,low,O1,low_gamma,0.03844718809865231
27,test,low,O2,low_gamma,0.04190953972763499
27,test,low,P8,low_gamma,0.04828887956632367
27,test,low,T8,low_gamma,0.062420451035743556
27,test,low,FC6,low_gamma,0.07210533357988233
27,test,low,F4,low_gamma,0.038908488824341385
27,test,low,F8,low_gamma,0.0568915873492575
27,test,low,AF4,low_gamma,0.010691469720435904
28,test,high,AF3,delta,0.5729430579729954
28,test,high,F7,delta,0.8854304892507495
28,test,high,F3,delta,0.5079259621146118
28,test,high,FC5,delta,0.5540800520672919
28,test,high,T7,delta,0.49439935720414735
28,test,high,P7,delta,0.5198395382612976
28,test,high,O1,delta,0.4665806080317354
28,test,high,O2,delta,0.410500222570657
28,test,high,P8,delta,0.44489472978405953
28,test,high,T8,delta,0.5792567301652126
28,test,high,FC6,delta,0.6723426975799988
28,test,high,F4,delta,0.5345442843489945
28,test,high,F8,delta,0.6859339719431989
28,test,high,AF4,delta,0.5868622904429389
28,test,high,AF3,theta,0.22551970356753928
28,test,high,F7,theta,0.0845940007310238
28,test,high,F3,theta,0.2469450191346282
28,test,high,FC5,theta,0.16663311054059582
28,test,high,T7,theta,0.15062538175381734
28,test,high,P7,theta,0.18531649518965798
28,test,high,O1,theta,0.19002158123136714
28,test,high,O2,theta,0.1866046262939295
28,test,high,P8,theta,0.20055448134452336
28,test,high,T8,theta,0.1741073112143192
28,test,high,FC6,theta,0.17480146696249999
28,test,high,F4,theta,0.2245197136558389
28,test,high,F8,theta,0.1925495990858482
28,test,high,AF4,theta,0.24184875301417622
28,test,high,AF3,alpha,0.06413836112276416
28,test,high,F7,alpha,0.013836211933694382
28,test,high,F3,alpha,0.09685025952449215
28,test,high,FC5,alpha,0.07504116665855727
28,test,high,T7,alpha,0.10156966999781517
28,test,high,P7,alpha,0.10763199393798721
28,test,high,O1,alpha,0.1389732055690804
28,test,high,O2,alpha,0.17358772403744754
28,test,high,P8,alpha,0.1533219655580568
28,test,high,T8,alpha,0.11226828079692869
28,test,high,FC6,alpha,0.0637290759566663
28,test,high,F4,alpha,0.09580633462794892
28,test,high,F8,alpha,0.05744546238614026
28,test,high,AF4,alpha,0.06667958030696312
28,test,high,AF3,beta,0.09831513449546843
28,test,high,F7,beta,0.012332263094547073
28,test,high,F3,beta,0.11307462079940196
28,test,high,FC5,beta,0.14728590181101456
28,test,high,T7,beta,0.17689400119602086
28,test,high,P7,beta,0.14044303192307164
28,test,high,O1,beta,0.14968296979091553
28,test,high,O2,beta,0.1710971379517427
28,test,high,P8,beta,0.15385377626345417
28,test,high,T8,beta,0.10566101230753285
28,test,high,FC6,beta,0.06638450971604824
28,test,high,F4,beta,0.10718483593577094
28,test,high,F8,beta,0.04695155172013112
28,test,high,AF4,beta,0.07510685493028242
28,test,high,AF3,low_gamma,0.039083742841232665
28,test,high,F7,low_gamma,0.0038070349899852916
28,test,high,F3,low_gamma,0.035204138426865816
28,test,high,FC5,low_gamma,0.056959768922540455
28,test,high,T7,low_gamma,0.0765115898481992
28,test,high,P7,low_gamma,0.046768940687985656
28,test,high,O1,low_gamma,0.05474163537690164
28,test,high,O2,low_gamma,0.058210289146223344
28,test,high,P8,low_gamma,0.04737504704990612
28,test,high,T8,low_gamma,0.028706665516006688
28,test,high,FC6,low_gamma,0.022742249784786648
28,test,high,F4,low_gamma,0.037944831431446516
28,test,high,F8,low_gamma,0.017119414864681496
28,test,high,AF4,low_gamma,0.029502521305639413
28,test,low,AF3,delta,0.6086676451770513
28,test,low,F7,delta,0.6880725597571768
28,test,low,F3,delta,0.6202658815696472
28,test,low,FC5,delta,0.6637146532192679
28,test,low,T7,delta,0.7124181261763051
28,test,low,P7,delta,0.6941157558378843
28,test,low,O1,delta,0.6359137861696232
28,test,low,O2,delta,0.4775018077845209
28,test,low,P8,delta,0.5220316883505207
28,test,low,T8,delta,0.56747907073798
28,test,low,FC6,delta,0.6199515379414724
28,test,low,F4,delta,0.6362387299433326
28,test,low,F8,delta,0.6701814185220938
28,test,low,AF4,delta,0.6389811483387569
28,test,low,AF3,theta,0.2416231916813516
28,test,low,F7,theta,0.19147981773601794
28,test,low,F3,theta,0.20266686475748877
28,test,low,FC5,theta,0.15269086267785792
28,test,low,T7,theta,0.11137824939238178
28,test,low,P7,theta,0.14569788592254995
28,test,low,O1,theta,0.14050858186345333
28,test,low,O2,theta,0.15779473907644354
28,test,low,P8,theta,0.1882287344195329
28,test,low,T8,theta,0.16747714438786868
28,test,low,FC6,theta,0.17015465775801794
28,test,low,F4,theta,0.1923183459370144
28,test,low,F8,theta,0.20039324657613602
28,test,low,AF4,theta,0.23762676100789912
28,test,low,AF3,alpha,0.06791103252241597
28,test,low,F7,alpha,0.05348234419145621
28,test,low,F3,alpha,0.09057868833130833
28,test,low,FC5,alpha,0.06623200838257517
28,test,low,T7,alpha,0.06965552263969994
28,test,low,P7,alpha,0.06365254931497608
28,test,low,O1,alpha,0.11675900348107968
28,test,low,O2,alpha,0.21127201218883349
28,test,low,P8,alpha,0.15323077249979739
28,test,low,T8,alpha,0.13499098838535
28,test,low,FC6,alpha,0.09626191634980445
28,test,low,F4,alpha,0.09435399972235295
28,test,low,F8,alpha,0.06906306424234722
28,test,low,AF4,alpha,0.06274404292660789
28,test,low,AF3,beta,0.05897128189227177
28,test,low,F7,beta,0.04944032999365598
28,test,low,F3,beta,0.06602308986676515
28,test,low,FC5,beta,0.08642297154732312
28,test,low,T7,beta,0.07806432880669231
28,test,low,P7,beta,0.07247939791247791
28,test,low,O1,beta,0.08295225601139837
28,test,low,O2,beta,0.12441144102521152
28,test,low,P8,beta,0.11224618637134402
28,test,low,T8,beta,0.10718939596721412
28,test,low,FC6,beta,0.08612141117080606
28,test,low,F4,beta,0.060412351805967955
28,test,low,F8,beta,0.04699011202077619
28,test,low,AF4,beta,0.04536084775277011
28,test,low,AF3,low_gamma,0.022826848726909467
28,test,low,F7,low_gamma,0.017524948321693035
28,test,low,F3,low_gamma,0.02046547547479043
28,test,low,FC5,low_gamma,0.030939504172975738
28,test,low,T7,low_gamma,0.028483772984920865
28,test,low,P7,low_gamma,0.02405441101211185
28,test,low,O1,low_gamma,0.02386637247444536
28,test,low,O2,low_gamma,0.029019999924990433
28,test,low,P8,low_gamma,0.02426261835880501
28,test,low,T8,low_gamma,0.02286340052158711
28,test,low,FC6,low_gamma,0.027510476779899172
28,test,low,F4,low_gamma,0.01667657259133204
28,test,low,F8,low_gamma,0.013372158638646638
28,test,low,AF4,low_gamma,0.015287199973966067
29,train,high,AF3,delta,0.362140604499867
29,train,high,F7,delta,0.661452443916204
29,train,high,F3,delta,0.2945416311488915
29,train,high,FC5,delta,0.44107411641548766
29,train,high,T7,delta,0.5453930157765567
29,train,high,P7,delta,0.41925008100360833
29,train,high,O1,delta,0.3523797428098109
29,train,high,O2,delta,0.3665449150442305
29,train,high,P8,delta,0.41355481693480584
29,train,high,T8,delta,0.6157808776126134
29,train,high,FC6,delta,0.4680353507446442
29,train,high,F4,delta,0.36071921178925476
29,train,high,F8,delta,0.5581820793102902
29,train,high,AF4,delta,0.3878435498984709
29,train,high,AF3,theta,0.38491773905134063
29,train,high,F7,theta,0.141349301565398
29,train,high,F3,theta,0.4019459098155294
29,train,high,FC5,theta,0.16304972311561838
29,train,high,T7,theta,0.10083171542695361
29,train,high,P7,theta,0.1632996985085985
29,train,high,O1,theta,0.1618484971836707
29,train,high,O2,theta,0.16678653935226243
29,train,high,P8,theta,0.17969495342791814
29,train,high,T8,theta,0.12292051993966005
29,train,high,FC6,theta,0.13787082419709967
29,train,high,F4,theta,0.31959959871256244
29,train,high,F8,theta,0.18085084482942757
29,train,high,AF4,theta,0.3476383029212212
29,train,high,AF3,alpha,0.11410350299728653
29,train,high,F7,alpha,0.07065045372760363
29,train,high,F3,alpha,0.13309751713740753
29,train,high,FC5,alpha,0.10829808067020567
29,train,high,T7,alpha,0.07380818232963142
29,train,high,P7,alpha,0.1261423484141415
29,train,high,O1,alpha,0.19608272147184505
29,train,high,O2,alpha,0.1991678949072134
29,train,high,P8,alpha,0.16001800310663664
29,train,high,T8,alpha,0.08890579896234892
29,train,high,FC6,alpha,0.09517786926082905
29,train,high,F4,alpha,0.12198674626494597
29,train,high,F8,alpha,0.0940094273710414
29,train,high,AF4,alpha,0.11426462223083544
29,train,high,AF3,beta,0.10087478961604761
29,train,high,F7,beta,0.088547688209833
29,train,high,F3,beta,0.12438018715409109
29,train,high,FC5,beta,0.2001388459781194
29,train,high,T7,beta,0.19194606396117445
29,train,high,P7,beta,0.20788796912672952
29,train,high,O1,beta,0.2119249844666142
29,train,high,O2,beta,0.1988321801644036
29,train,high,P8,beta,0.17617703016940597
29,train,high,T8,beta,0.12116200000466036
29,train,high,FC6,beta,0.18484890826594047
29,train,high,F4,beta,0.13246839540514246
29,train,high,F8,beta,0.11286449154753925
29,train,high,AF4,beta,0.10451609850262318
29,train,high,AF3,low_gamma,0.037963363835458154
29,train,high,F7,low_gamma,0.03800011258096149
29,train,high,F3,low_gamma,0.046034754744080565
29,train,high,FC5,low_gamma,0.08743923382056878
29,train,high,T7,low_gamma,0.08802102250568372
29,train,high,P7,low_gamma,0.08341990294692216
29,train,high,O1,low_gamma,0.07776405406805906
29,train,high,O2,low_gamma,0.06866847053189007
29,train,high,P8,low_gamma,0.07055519636123342
29,train,high,T8,low_gamma,0.051230803480717416
29,train,high,FC6,low_gamma,0.1140670475314865
29,train,high,F4,low_gamma,0.0652260478280944
29,train,high,F8,low_gamma,0.05409315694170165
29,train,high,AF4,low_gamma,0.04573742644684932
29,train,low,AF3,delta,0.5230645543240252
29,train,low,F7,delta,0.8635214700512559
29,train,low,F3,delta,0.5347113589054145
29,train,low,FC5,delta,0.570464654027824
29,train,low,T7,delta,0.6078106514842392
29,train,low,P7,delta,0.5703206480062993
29,train,low,O1,delta,0.535662665080779
29,train,low,O2,delta,0.43901052132767787
29,train,low,P8,delta,0.4394307815800023
29,train,low,T8,delta,0.6626633615691567
29,train,low,FC6,delta,0.47748618585947095
29,train,low,F4,delta,0.7163066310024301
29,train,low,F8,delta,0.46455559125756857
29,train,low,AF4,delta,0.46920758771574117
29,train,low,AF3,theta,0.16499515251194535
29,train,low,F7,theta,0.07423298559489537
29,train,low,F3,theta,0.18569637101289038
29,train,low,FC5,theta,0.11716815017563932
29,train,low,T7,theta,0.07232485900764038
29,train,low,P7,theta,0.12859668735759525
29,train,low,O1,theta,0.12198480810704171
29,train,low,O2,theta,0.14154861262791127
29,train,low,P8,theta,0.16552255446791508
29,train,low,T8,theta,0.09324468472485087
29,train,low,FC6,theta,0.14276009425339947
29,train,low,F4,theta,0.1166230637303286
29,train,low,F8,theta,0.15147923352198325
29,train,low,AF4,theta,0.17842093442898876
29,train,low,AF3,alpha,0.14263153903049897
29,train,low,F7,alpha,0.02297993289992886
29,train,low,F3,alpha,0.1305510483430394
29,train,low,FC5,alpha,0.09477143949667739
29,train,low,T7,alpha,0.053455845806398214
29,train,low,P7,alpha,0.10875906206309492
29,train,low,O1,alpha,0.153925838864518
29,train,low,O2,alpha,0.19339212558781696
29,train,low,P8,alpha,0.17269523377798346
29,train,low,T8,alpha,0.07875205688285578
29,train,low,FC6,alpha,0.1607785437410341
29,train,low,F4,alpha,0.07770048297243792
29,train,low,F8,alpha,0.16388400473683523
29,train,low,AF4,alpha,0.16529602502562404
29,train,low,AF3,beta,0.13468983752665006
29,train,low,F7,beta,0.02983578615731194
29,train,low,F3,beta,0.11738366685371188
29,train,low,FC5,beta,0.15709116606752513
29,train,low,T7,beta,0.18404312409059376
29,train,low,P7,beta,0.15151076242920472
29,train,low,O1,beta,0.15260889228767036
29,train,low,O2,beta,0.19148504946811779
29,train,low,P8,beta,0.17996591809012602
29,train,low,T8,beta,0.12570337733587947
29,train,low,FC6,beta,0.16636011259723169
29,train,low,F4,beta,0.0707288444916045
29,train,low,F8,beta,0.17811959566082267
29,train,low,AF4,beta,0.15134482764085552
29,train,low,AF3,low_gamma,0.03461891660688036
29,train,low,F7,low_gamma,0.009429825296607948
29,train,low,F3,low_gamma,0.03165755488494386
29,train,low,FC5,low_gamma,0.06050459023233416
29,train,low,T7,low_gamma,0.08236551961112838
29,train,low,P7,low_gamma,0.04081284014380573
29,train,low,O1,low_gamma,0.03581779565999097
29,train,low,O2,low_gamma,0.034563690988476115
29,train,low,P8,low_gamma,0.04238551208397314
29,train,low,T8,low_gamma,0.03963651948725713
29,train,low,FC6,low_gamma,0.052615063548863875
29,train,low,F4,low_gamma,0.018640977803198917
29,train,low,F8,low_gamma,0.04196157482279027
29,train,low,AF4,low_gamma,0.035730625188790444
30,train,high,AF3,delta,0.6514535096065818
30,train,high,F7,delta,0.7352694119028523
30,train,high,F3,delta,0.4467261405180729
30,train,high,FC5,delta,0.5873304075360529
30,train,high,T7,delta,0.5069890908454167
30,train,high,P7,delta,0.47953254308798865
30,train,high,O1,delta,0.43500686839129676
30,train,high,O2,delta,0.495440982331259
30,train,high,P8,delta,0.5703498214190439
30,train,high,T8,delta,0.6511473388183223
30,train,high,FC6,delta,0.9079673823829916
30,train,high,F4,delta,0.6528695038838542
30,train,high,F8,delta,0.7191214247684482
30,train,high,AF4,delta,0.666727757438478
30,train,high,AF3,theta,0.18838499641207163
30,train,high,F7,theta,0.17433703129700828
30,train,high,F3,theta,0.24751490681132485
30,train,high,FC5,theta,0.20254857553436006
30,train,high,T7,theta,0.1808076874588746
30,train,high,P7,theta,0.18498909804091654
30,train,high,O1,theta,0.23760937841882462
30,train,high,O2,theta,0.20873233116460002
30,train,high,P8,theta,0.17150080705118684
30,train,high,T8,theta,0.17516910006583997
30,train,high,FC6,theta,0.06755893231696102
30,train,high,F4,theta,0.17315364068503236
30,train,high,F8,theta,0.1827121347439386
30,train,high,AF4,theta,0.19706606087467943
30,train,high,AF3,alpha,0.07146397973856126
30,train,high,F7,alpha,0.04966384236031833
30,train,high,F3,alpha,0.12552631194058703
30,train,high,FC5,alpha,0.08705261467587558
30,train,high,T7,alpha,0.10556694275634344
30,train,high,P7,alpha,0.13290975587362552
30,train,high,O1,alpha,0.15071164697006645
30,train,high,O2,alpha,0.1557508230984812
30,train,high,P8,alpha,0.12457096885511477
30,train,high,T8,alpha,0.08927562882064455
30,train,high,FC6,alpha,0.012468408672520779
30,train,high,F4,alpha,0.08157480146621396
30,train,high,F8,alpha,0.06044981736102584
30,train,high,AF4,alpha,0.07140043794550757
30,train,high,AF3,beta,0.06819886407570794
30,train,high,F7,beta,0.03220313147856187
30,train,high,F3,beta,0.14365271422996057
30,train,high,FC5,beta,0.09340344496443145
30,train,high,T7,beta,0.15239274289481974
30,train,high,P7,beta,0.1538388452106267
30,train,high,O1,beta,0.1376753262821519
30,train,high,O2,beta,0.11461607457059421
30,train,high,P8,beta,0.10636518032133506
30,train,high,T8,beta,0.06892604450814338
30,train,high,FC6,beta,0.00986444783556884
30,train,high,F4,beta,0.07325310793727496
30,train,high,F8,beta,0.03149031481023496
30,train,high,AF4,beta,0.05216064222874948
30,train,high,AF3,low_gamma,0.020498650167077446
30,train,high,F7,low_gamma,0.008526582961259094
30,train,high,F3,low_gamma,0.03657992650005461
30,train,high,FC5,low_gamma,0.029664957289280047
30,train,high,T7,low_gamma,0.054243536044545536
30,train,high,P7,low_gamma,0.04872975778684266
30,train,high,O1,low_gamma,0.03899677993766022
30,train,high,O2,low_gamma,0.02545978883506554
30,train,high,P8,low_gamma,0.027213222353319483
30,train,high,T8,low_gamma,0.015481887787049694
30,train,high,FC6,low_gamma,0.0021408287919575802
30,train,high,F4,low_gamma,0.01914894602762451
30,train,high,F8,low_gamma,0.006226308316352437
30,train,high,AF4,low_gamma,0.012645101512585463
30,train,low,AF3,delta,0.9210455041777902
30,train,low,F7,delta,0.9252043921121104
30,train,low,F3,delta,0.40174224181745216
30,train,low,FC5,delta,0.4190676464483108
30,train,low,T7,delta,0.44899657772289064
30,train,low,P7,delta,0.5499833192898855
30,train,low,O1,delta,0.40961516419084343
30,train,low,O2,delta,0.311215160915381
30,train,low,P8,delta,0.5245081783272603
30,train,low,T8,delta,0.635725981382851
30,train,low,FC6,delta,0.48432421705311374
30,train,low,F4,delta,0.5787960957770815
30,train,low,F8,delta,0.5802034490478017
30,train,low,AF4,delta,0.7301506125004886
30,train,low,AF3,theta,0.041293804968914515
30,train,low,F7,theta,0.06760826529167135
30,train,low,F3,theta,0.21360400701812296
30,train,low,FC5,theta,0.19107551345448234
30,train,low,T7,theta,0.16919654806122014
30,train,low,P7,theta,0.1507173312475603
30,train,low,O1,theta,0.16490221891061976
30,train,low,O2,theta,0.19625066866211852
30,train,low,P8,theta,0.16343131277465456
30,train,low,T8,theta,0.1332199086474175
30,train,low,FC6,theta,0.1753693497744774
30,train,low,F4,theta,0.17630681426515146
30,train,low,F8,theta,0.1625994933403025
30,train,low,AF4,theta,0.15390593691872473
30,train,low,AF3,alpha,0.015648285658071717
30,train,low,F7,alpha,0.00599117217638792
30,train,low,F3,alpha,0.15451311138783816
30,train,low,FC5,alpha,0.1421168145485269
30,train,low,T7,alpha,0.1462420641725492
30,train,low,P7,alpha,0.11943599551534681
30,train,low,O1,alpha,0.20598291063660862
30,train,low,O2,alpha,0.2531842173819777
30,train,low,P8,alpha,0.14448604661068984
30,train,low,T8,alpha,0.09789185639122892
30,train,low,FC6,alpha,0.14229926719214694
30,train,low,F4,alpha,0.11000518770646432
30,train,low,F8,alpha,0.11062860875551084
30,train,low,AF4,alpha,0.05158827304079012
30,train,low,AF3,beta,0.01716532850909403
30,train,low,F7,beta,0.0009890330676479253
30,train,low,F3,beta,0.18039777774042545
30,train,low,FC5,beta,0.18895281883328474
30,train,low,T7,beta,0.17550038942602053
30,train,low,P7,beta,0.14101899380219385
30,train,low,O1,beta,0.17274831327073836
30,train,low,O2,beta,0.19813303618404104
30,train,low,P8,beta,0.13628785818486125
30,train,low,T8,beta,0.10768060693441685
30,train,low,FC6,beta,0.15305649276207048
30,train,low,F4,beta,0.10634727097692091
30,train,low,F8,beta,0.11609375186601942
30,train,low,AF4,beta,0.05087748157973173
30,train,low,AF3,low_gamma,0.004847076686129728
30,train,low,F7,low_gamma,0.0002071373521824174
30,train,low,F3,low_gamma,0.049742862036161316
30,train,low,FC5,low_gamma,0.05878720671539522
30,train,low,T7,low_gamma,0.06006442061731948
30,train,low,P7,low_gamma,0.03884436014501354
30,train,low,O1,low_gamma,0.04675139299118979
30,train,low,O2,low_gamma,0.04121691685648177
30,train,low,P8,low_gamma,0.03128660410253399
30,train,low,T8,low_gamma,0.02548164664408591
30,train,low,FC6,low_gamma,0.04495067321819147
30,train,low,F4,low_gamma,0.02854463127438188
30,train,low,F8,low_gamma,0.030474696990365625
30,train,low,AF4,low_gamma,0.01347769596026474
31,train,high,AF3,delta,0.6624236720026782
31,train,high,F7,delta,0.7215008300571282
31,train,high,F3,delta,0.7771931732444901
31,train,high,FC5,delta,0.5483861034837154
31,train,high,T7,delta,0.5494110383601546
31,train,high,P7,delta,0.4955413345178016
31,train,high,O1,delta,0.47668989840382403
31,train,high,O2,delta,0.5121868086663536
31,train,high,P8,delta,0.5066703976803459
31,train,high,T8,delta,0.5292290876193003
31,train,high,FC6,delta,0.6181463041287576
31,train,high,F4,delta,0.6116982298993567
31,train,high,F8,delta,0.717736024005656
31,train,high,AF4,delta,0.7095616918287134
31,train,high,AF3,theta,0.19260282644358084
31,train,high,F7,theta,0.17772755223329745
31,train,high,F3,theta,0.11631796254504757
31,train,high,FC5,theta,0.16661816188471448
31,train,high,T7,theta,0.17310536934835627
31,train,high,P7,theta,0.16454770775145144
31,train,high,O1,theta,0.19110030523219618
31,train,high,O2,theta,0.1874183382420252
31,train,high,P8,theta,0.18680251771677733
31,train,high,T8,theta,0.1820029733913629
31,train,high,FC6,theta,0.16179486978430013
31,train,high,F4,theta,0.19756203362678937
31,train,high,F8,theta,0.17359346453298247
31,train,high,AF4,theta,0.1770804335883737
31,train,high,AF3,alpha,0.05734009734406002
31,train,high,F7,alpha,0.0477326620295794
31,train,high,F3,alpha,0.04714155990100444
31,train,high,FC5,alpha,0.07678798037323664
31,train,high,T7,alpha,0.09896585263994363
31,train,high,P7,alpha,0.134646595777319
31,train,high,O1,alpha,0.14884817554495475
31,train,high,O2,alpha,0.1555763630234428
31,train,high,P8,alpha,0.14975947117074265
31,train,high,T8,alpha,0.13704889495366984
31,train,high,FC6,alpha,0.0829539264203947
31,train,high,F4,alpha,0.09211260873801534
31,train,high,F8,alpha,0.06060651529159141
31,train,high,AF4,alpha,0.05799019066377438
31,train,high,AF3,beta,0.06569266698525958
31,train,high,F7,beta,0.040757803813397456
31,train,high,F3,beta,0.0465052456785115
31,train,high,FC5,beta,0.14805220075514106
31,train,high,T7,beta,0.1311485683550017
31,train,high,P7,beta,0.15667761451996495
31,train,high,O1,beta,0.14218530392461062
31,train,high,O2,beta,0.11838729413180593
31,train,high,P8,beta,0.12702621209872295
31,train,high,T8,beta,0.1203767941508606
31,train,high,FC6,beta,0.09929195808286831
31,train,high,F4,beta,0.0796156119160693
31,train,high,F8,beta,0.03790549278366699
31,train,high,AF4,beta,0.043891447923606906
31,train,high,AF3,low_gamma,0.021940737224421428
31,train,high,F7,low_gamma,0.012281151866597475
31,train,high,F3,low_gamma,0.012842058630946484
31,train,high,FC5,low_gamma,0.06015555350319251
31,train,high,T7,low_gamma,0.04736917129654374
31,train,high,P7,low_gamma,0.048586747433463036
31,train,high,O1,low_gamma,0.04117631689441443
31,train,high,O2,low_gamma,0.02643119593637254
31,train,high,P8,low_gamma,0.029741401333411164
31,train,high,T8,low_gamma,0.03134224988480644
31,train,high,FC6,low_gamma,0.037812941583679205
31,train,high,F4,low_gamma,0.01901151581976919
31,train,high,F8,low_gamma,0.010158503386103213
31,train,high,AF4,low_gamma,0.01147623599553161
31,train,low,AF3,delta,0.8843627879220177
31,train,low,F7,delta,0.852360656353991
31,train,low,F3,delta,0.811279944485205
31,train,low,FC5,delta,0.7899757340799416
31,train,low,T7,delta,0.4469712175548399
31,train,low,P7,delta,0.5260713648438294
31,train,low,O1,delta,0.48106045587675295
31,train,low,O2,delta,0.3810211619201092
31,train,low,P8,delta,0.40170186256940316
31,train,low,T8,delta,0.4197509963612887
31,train,low,FC6,delta,0.7575898951760457
31,train,low,F4,delta,0.7915227483598531
31,train,low,F8,delta,0.8401394083974124
31,train,low,AF4,delta,0.8654886615262588
31,train,low,AF3,theta,0.09872464324350212
31,train,low,F7,theta,0.10368528526779949
31,train,low,F3,theta,0.10709844053501945
31,train,low,FC5,theta,0.11166727735154752
31,train,low,T7,theta,0.11855963202827788
31,train,low,P7,theta,0.15060694988867948
31,train,low,O1,theta,0.1445795510162355
31,train,low,O2,theta,0.15057361929942295
31,train,low,P8,theta,0.17442537621976903
31,train,low,T8,theta,0.1791642724258033
31,train,low,FC6,theta,0.1103509941577876
31,train,low,F4,theta,0.1093326248553513
31,train,low,F8,theta,0.09904174683393999
31,train,low,AF4,theta,0.10374940680789316
31,train,low,AF3,alpha,0.01017165160003319
31,train,low,F7,alpha,0.021526033192010657
31,train,low,F3,alpha,0.04096636316998831
31,train,low,FC5,alpha,0.04480597827883412
31,train,low,T7,alpha,0.10376945832845512
31,train,low,P7,alpha,0.11822999299291485
31,train,low,O1,alpha,0.18553853866367107
31,train,low,O2,alpha,0.2834598123702907
31,train,low,P8,alpha,0.20684413413636576
31,train,low,T8,alpha,0.1861959522907715
31,train,low,FC6,alpha,0.06549296095309978
31,train,low,F4,alpha,0.05160992612590396
31,train,low,F8,alpha,0.03146282576545086
31,train,low,AF4,alpha,0.017545240987800522
31,train,low,AF3,beta,0.00557359207758191
31,train,low,F7,beta,0.017627929140591803
31,train,low,F3,beta,0.03384138717700188
31,train,low,FC5,beta,0.04165010418922195
31,train,low,T7,beta,0.24336030259014382
31,train,low,P7,beta,0.1518431592424719
31,train,low,O1,beta,0.1507995587372877
31,train,low,O2,beta,0.15431432694819555
31,train,low,P8,beta,0.17859058953665885
31,train,low,T8,beta,0.17719932419211934
31,train,low,FC6,beta,0.05476119838039224
31,train,low,F4,beta,0.04031031156607249
31,train,low,F8,beta,0.02402946589316483
31,train,low,AF4,beta,0.01111375318420997
31,train,low,AF3,low_gamma,0.0011673251568647784
31,train,low,F7,low_gamma,0.004800096045606909
31,train,low,F3,low_gamma,0.00681386463278527
31,train,low,FC5,low_gamma,0.011900906100454984
31,train,low,T7,low_gamma,0.08733938949828324
31,train,low,P7,low_gamma,0.05324853303210425
31,train,low,O1,low_gamma,0.038021895706052744
31,train,low,O2,low_gamma,0.03063107946198152
31,train,low,P8,low_gamma,0.03843803753780317
31,train,low,T8,low_gamma,0.037689454730017016
31,train,low,FC6,low_gamma,0.011804951332674717
31,train,low,F4,low_gamma,0.007224389092819047
31,train,low,F8,low_gamma,0.005326553110031896
31,train,low,AF4,low_gamma,0.0021029374938374454
32,train,high,AF3,delta,0.5693014544938239
32,train,high,F7,delta,0.7121437364576166
32,train,high,F3,delta,0.6562339009828637
32,train,high,FC5,delta,0.617538021075476
32,train,high,T7,delta,0.502964517404346
32,train,high,P7,delta,0.48532822183645197
32,train,high,O1,delta,0.4481951755937212
32,train,high,O2,delta,0.4974213041225872
32,train,high,P8,delta,0.48943107636021
32,train,high,T8,delta,0.6111792632169432
32,train,high,FC6,delta,0.6138918978489475
32,train,high,F4,delta,0.5759838008670767
32,train,high,F8,delta,0.7299507878245083
32,train,high,AF4,delta,0.6423364926381281
32,train,high,AF3,theta,0.18660624703084777
32,train,high,F7,theta,0.15295819334835475
32,train,high,F3,theta,0.15962391634650075
32,train,high,FC5,theta,0.15969270034706604
32,train,high,T7,theta,0.15542846099282714
32,train,high,P7,theta,0.17887802660207835
32,train,high,O1,theta,0.1596129033412879
32,train,high,O2,theta,0.15861255522428702
32,train,high,P8,theta,0.16138418407249705
32,train,high,T8,theta,0.1624244182458275
32,train,high,FC6,theta,0.17222906513078107
32,train,high,F4,theta,0.1856959688805701
32,train,high,F8,theta,0.15499089901215118
32,train,high,AF4,theta,0.16339677725198545
32,train,high,AF3,alpha,0.07128463050025119
32,train,high,F7,alpha,0.05845955220678501
32,train,high,F3,alpha,0.0716224201517225
32,train,high,FC5,alpha,0.07363930702303101
32,train,high,T7,alpha,0.09588611317758403
32,train,high,P7,alpha,0.10987560589897723
32,train,high,O1,alpha,0.11954716485092154
32,train,high,O2,alpha,0.10667672416384727
32,train,high,P8,alpha,0.10503990613483401
32,train,high,T8,alpha,0.07971212473322765
32,train,high,FC6,alpha,0.07307935706417434
32,train,high,F4,alpha,0.08144372686351639
32,train,high,F8,alpha,0.04903897413036556
32,train,high,AF4,alpha,0.05952818214441353
32,train,high,AF3,beta,0.1286523338294887
32,train,high,F7,beta,0.05969880924942746
32,train,high,F3,beta,0.08753056086113835
32,train,high,FC5,beta,0.1093735276189048
32,train,high,T7,beta,0.18143362859137982
32,train,high,P7,beta,0.17014492447382626
32,train,high,O1,beta,0.1992661873988545
32,train,high,O2,beta,0.17564501773391697
32,train,high,P8,beta,0.1785323692143496
32,train,high,T8,beta,0.11427612102364043
32,train,high,FC6,beta,0.10488049979534815
32,train,high,F4,beta,0.12116362907908818
32,train,high,F8,beta,0.05141941731868323
32,train,high,AF4,beta,0.09930356808639673
32,train,high,AF3,low_gamma,0.04415533414558851
32,train,high,F7,low_gamma,0.01673970873781626
32,train,high,F3,low_gamma,0.024989201657774598
32,train,high,FC5,low_gamma,0.039756443935522176
32,train,high,T7,low_gamma,0.06428727983386309
32,train,high,P7,low_gamma,0.05577322118866613
32,train,high,O1,low_gamma,0.07337856881521485
32,train,high,O2,low_gamma,0.06164439875536158
32,train,high,P8,low_gamma,0.06561246421810915
32,train,high,T8,low_gamma,0.032408072780361286
32,train,high,FC6,low_gamma,0.03591918016074894
32,train,high,F4,low_gamma,0.03571287430974872
32,train,high,F8,low_gamma,0.014599921714291935
32,train,high,AF4,low_gamma,0.03543497987907626
32,train,low,AF3,delta,0.6991861760926545
32,train,low,F7,delta,0.7748010302752883
32,train,low,F3,delta,0.6029348720024341
32,train,low,FC5,delta,0.7604227913288704
32,train,low,T7,delta,0.581933627651949
32,train,low,P7,delta,0.41925217365428735
32,train,low,O1,delta,0.3167861663088313
32,train,low,O2,delta,0.40771343359408047
32,train,low,P8,delta,0.420118787144849
32,train,low,T8,delta,0.6356429352278223
32,train,low,FC6,delta,0.6264207177109438
32,train,low,F4,delta,0.6845144834360313
32,train,low,F8,delta,0.7232774054016942
32,train,low,AF4,delta,0.747128557496546
32,train,low,AF3,theta,0.1556732725914866
32,train,low,F7,theta,0.12099528207390396
32,train,low,F3,theta,0.17382948406579454
32,train,low,FC5,theta,0.13191187035711444
32,train,low,T7,theta,0.1096835215910732
32,train,low,P7,theta,0.15516887519786882
32,train,low,O1,theta,0.1161448466512201
32,train,low,O2,theta,0.14871506045358304
32,train,low,P8,theta,0.14031386525265285
32,train,low,T8,theta,0.13004183122512858
32,train,low,FC6,theta,0.14834253650748616
32,train,low,F4,theta,0.15424430272198353
32,train,low,F8,theta,0.139743116379882
32,train,low,AF4,theta,0.14649827056963358
32,train,low,AF3,alpha,0.04247712509870964
32,train,low,F7,alpha,0.03798588340112128
32,train,low,F3,alpha,0.0793137293302465
32,train,low,FC5,alpha,0.04326734708292792
32,train,low,T7,alpha,0.06856859662147809
32,train,low,P7,alpha,0.12881851479109419
32,train,low,O1,alpha,0.16436055395624077
32,train,low,O2,alpha,0.13405037157595365
32,train,low,P8,alpha,0.14054259064833283
32,train,low,T8,alpha,0.08116638295630832
32,train,low,FC6,alpha,0.07722573836352077
32,train,low,F4,alpha,0.06252619305562444
32,train,low,F8,alpha,0.048460167954435
32,train,low,AF4,alpha,0.03630829528589898
32,train,low,AF3,beta,0.07809942899761008
32,train,low,F7,beta,0.050146538161267566
32,train,low,F3,beta,0.11042777185172394
32,train,low,FC5,beta,0.04901829908796707
32,train,low,T7,beta,0.17238560810967932
32,train,low,P7,beta,0.21517211945316092
32,train,low,O1,beta,0.28488512456863213
32,train,low,O2,beta,0.2290188979119233
32,train,low,P8,beta,0.22279485761520595
32,train,low,T8,beta,0.1200478611420436
32,train,low,FC6,beta,0.113420675315975
32,train,low,F4,beta,0.07634349319355245
32,train,low,F8,beta,0.06805589480757422
32,train,low,AF4,beta,0.053481948520748925
32,train,low,AF3,low_gamma,0.024563997219539176
32,train,low,F7,low_gamma,0.016071266088418936
32,train,low,F3,low_gamma,0.033494142749801024
32,train,low,FC5,low_gamma,0.015379692143120212
32,train,low,T7,low_gamma,0.06742864602582047
32,train,low,P7,low_gamma,0.08158831690358884
32,train,low,O1,low_gamma,0.11782330851507568
32,train,low,O2,low_gamma,0.08050223646445959
32,train,low,P8,low_gamma,0.07622989933895938
32,train,low,T8,low_gamma,0.03310098944869714
32,train,low,FC6,low_gamma,0.03459033210207431
32,train,low,F4,low_gamma,0.022371527592808235
32,train,low,F8,low_gamma,0.02046341545641458
32,train,low,AF4,low_gamma,0.01658292812717238
33,train,high,AF3,delta,0.5338858911166031
33,train,high,F7,delta,0.6708114440922333
33,train,high,F3,delta,0.4870788183378296
33,train,high,FC5,delta,0.5274516825731151
33,train,high,T7,delta,0.7404433329108467
33,train,high,P7,delta,0.4462269530751547
33,train,high,O1,delta,0.6370554342630151
33,train,high,O2,delta,0.46759790543251056
33,train,high,P8,delta,0.4201454705601243
33,train,high,T8,delta,0.5875874517473372
33,train,high,FC6,delta,0.7445874343713147
33,train,high,F4,delta,0.7419221442963678
33,train,high,F8,delta,0.708517897466155
33,train,high,AF4,delta,0.6111137167016798
33,train,high,AF3,theta,0.16284163842485705
33,train,high,F7,theta,0.16098724121086247
33,train,high,F3,theta,0.13809267657662808
33,train,high,FC5,theta,0.14644342772022054
33,train,high,T7,theta,0.11573086516612897
33,train,high,P7,theta,0.14870980310318016
33,train,high,O1,theta,0.11904715459045
33,train,high,O2,theta,0.19756671076690496
33,train,high,P8,theta,0.13280493030472626
33,train,high,T8,theta,0.11068982194088384
33,train,high,FC6,theta,0.11500009586335362
33,train,high,F4,theta,0.09891301720573563
33,train,high,F8,theta,0.1534959665645378
33,train,high,AF4,theta,0.16700046952530578
33,train,high,AF3,alpha,0.08836851024476956
33,train,high,F7,alpha,0.06209907371290192
33,train,high,F3,alpha,0.09837737870243202
33,train,high,FC5,alpha,0.07910753176449553
33,train,high,T7,alpha,0.04268090558051771
33,train,high,P7,alpha,0.10850903741964099
33,train,high,O1,alpha,0.07466269142084514
33,train,high,O2,alpha,0.12952278710708945
33,train,high,P8,alpha,0.14974506594273118
33,train,high,T8,alpha,0.09963427800127198
33,train,high,FC6,alpha,0.058355861739182766
33,train,high,F4,alpha,0.05629934901203197
33,train,high,F8,alpha,0.06290181354999665
33,train,high,AF4,alpha,0.07732317553045047
33,train,high,AF3,beta,0.1523304650392654
33,train,high,F7,beta,0.0768914903333712
33,train,high,F3,beta,0.19233051980675236
33,train,high,FC5,beta,0.1691993905547416
33,train,high,T7,beta,0.07052054130361735
33,train,high,P7,beta,0.21295381885238882
33,train,high,O1,beta,0.12202195881003028
33,train,high,O2,beta,0.15640821406013833
33,train,high,P8,beta,0.20915442196934894
33,train,high,T8,beta,0.14855332712995548
33,train,high,FC6,beta,0.060820200811598356
33,train,high,F4,beta,0.07530937166619492
33,train,high,F8,beta,0.056854748774684015
33,train,high,AF4,beta,0.10623169530629642
33,train,high,AF3,low_gamma,0.06257349517450485
33,train,high,F7,low_gamma,0.029210750650631244
33,train,high,F3,low_gamma,0.08412060657635778
33,train,high,FC5,low_gamma,0.0777979673874273
33,train,high,T7,low_gamma,0.030624355038889325
33,train,high,P7,low_gamma,0.0836003875496352
33,train,high,O1,low_gamma,0.04721276091565941
33,train,high,O2,low_gamma,0.04890438263335675
33,train,high,P8,low_gamma,0.08815011122306926
33,train,high,T8,low_gamma,0.0535351211805514
33,train,high,FC6,low_gamma,0.0212364072145506
33,train,high,F4,low_gamma,0.02755611781966972
33,train,high,F8,low_gamma,0.018229573644626525
33,train,high,AF4,low_gamma,0.038330942936267445
33,train,low,AF3,delta,0.49690828480690447
33,train,low,F7,delta,0.4776307141679252
33,train,low,F3,delta,0.4687638251545538
33,train,low,FC5,delta,0.4562630302601385
33,train,low,T7,delta,0.6498476714947806
33,train,low,P7,delta,0.5069159756603212
33,train,low,O1,delta,0.5812024174677244
33,train,low,O2,delta,0.4310972765433147
33,train,low,P8,delta,0.44798788411100876
33,train,low,T8,delta,0.3881968034624126
33,train,low,FC6,delta,0.5703595389040012
33,train,low,F4,delta,0.5592092508934865
33,train,low,F8,delta,0.6013012905557334
33,train,low,AF4,delta,0.4898654753276672
33,train,low,AF3,theta,0.16563059642319033
33,train,low,F7,theta,0.15870086840788974
33,train,low,F3,theta,0.15773658044277794
33,train,low,FC5,theta,0.13665839940546723
33,train,low,T7,theta,0.20426030983257193
33,train,low,P7,theta,0.1463869759551353
33,train,low,O1,theta,0.14927022896216366
33,train,low,O2,theta,0.14869114019178756
33,train,low,P8,theta,0.14721675617161417
33,train,low,T8,theta,0.10436133134802206
33,train,low,FC6,theta,0.13590579254616497
33,train,low,F4,theta,0.1437854815844454
33,train,low,F8,theta,0.15166205337868313
33,train,low,AF4,theta,0.172749605854565
33,train,low,AF3,alpha,0.12968996726754067
33,train,low,F7,alpha,0.12575213719535863
33,train,low,F3,alpha,0.12192401400981699
33,train,low,FC5,alpha,0.108223511376352
33,train,low,T7,alpha,0.07106600467042057
33,train,low,P7,alpha,0.10628364455362112
33,train,low,O1,alpha,0.1144613591426108
33,train,low,O2,alpha,0.2002307755853371
33,train,low,P8,alpha,0.15517501799286307
33,train,low,T8,alpha,0.09555351573981435
33,train,low,FC6,alpha,0.12118610303449907
33,train,low,F4,alpha,0.11606487130270611
33,train,low,F8,alpha,0.09845052239898174
33,train,low,AF4,alpha,0.1399141919577796
33,train,low,AF3,beta,0.16406644109894364
33,train,low,F7,beta,0.17668763583830172
33,train,low,F3,beta,0.19026919161198158
33,train,low,FC5,beta,0.21461273852114937
33,train,low,T7,beta,0.06431381155204544
33,train,low,P7,beta,0.17446503996577511
33,train,low,O1,beta,0.11882494728529294
33,train,low,O2,beta,0.17515934787940748
33,train,low,P8,beta,0.19295329217826362
33,train,low,T8,beta,0.31765207522192523
33,train,low,FC6,beta,0.13645746610098675
33,train,low,F4,beta,0.14914770041399733
33,train,low,F8,beta,0.11515874612706228
33,train,low,AF4,beta,0.16301383128523286
33,train,low,AF3,low_gamma,0.043704710403421006
33,train,low,F7,low_gamma,0.06122864439052476
33,train,low,F3,low_gamma,0.061306388780869685
33,train,low,FC5,low_gamma,0.08424232043689286
33,train,low,T7,low_gamma,0.01051220245018139
33,train,low,P7,low_gamma,0.06594836386514732
33,train,low,O1,low_gamma,0.03624104714220825
33,train,low,O2,low_gamma,0.0448214598001531
33,train,low,P8,low_gamma,0.05666704954625043
33,train,low,T8,low_gamma,0.09423627422782573
33,train,low,FC6,low_gamma,0.036091099414347884
33,train,low,F4,low_gamma,0.03179269580536472
33,train,low,F8,low_gamma,0.03342738753953959
33,train,low,AF4,low_gamma,0.03445689557475522
34,validation,high,AF3,delta,0.6158210633791787
34,validation,high,F7,delta,0.6598407051229952
34,validation,high,F3,delta,0.6501435335423583
34,validation,high,FC5,delta,0.5145539640768637
34,validation,high,T7,delta,0.660218019629102
34,validation,high,P7,delta,0.5601663105121389
34,validation,high,O1,delta,0.5280227578140316
34,validation,high,O2,delta,0.5191104189023992
34,validation,high,P8,delta,0.6261917825452645
34,validation,high,T8,delta,0.5402652609541356
34,validation,high,FC6,delta,0.7096569385095017
34,validation,high,F4,delta,0.6110067642841901
34,validation,high,F8,delta,0.7086383650085004
34,validation,high,AF4,delta,0.628774279060551
34,validation,high,AF3,theta,0.1793814782248549
34,validation,high,F7,theta,0.17844057291511642
34,validation,high,F3,theta,0.15123707005350023
34,validation,high,FC5,theta,0.1606271576637359
34,validation,high,T7,theta,0.16079096606680293
34,validation,high,P7,theta,0.18667632403239345
34,validation,high,O1,theta,0.20214921982164244
34,validation,high,O2,theta,0.1893389503289888
34,validation,high,P8,theta,0.17356530754268745
34,validation,high,T8,theta,0.15476543110628374
34,validation,high,FC6,theta,0.16221900982204954
34,validation,high,F4,theta,0.1748356398426556
34,validation,high,F8,theta,0.1611771878349182
34,validation,high,AF4,theta,0.18521565735482376
34,validation,high,AF3,alpha,0.10389696630883835
34,validation,high,F7,alpha,0.07566760029616719
34,validation,high,F3,alpha,0.09460872595384448
34,validation,high,FC5,alpha,0.09578836190626386
34,validation,high,T7,alpha,0.06655520691634868
34,validation,high,P7,alpha,0.12920629184680632
34,validation,high,O1,alpha,0.13318860050466913
34,validation,high,O2,alpha,0.1399713999061824
34,validation,high,P8,alpha,0.10057112023668803
34,validation,high,T8,alpha,0.09542181834382182
34,validation,high,FC6,alpha,0.06396450739203137
34,validation,high,F4,alpha,0.10919270125916598
34,validation,high,F8,alpha,0.06691713794625072
34,validation,high,AF4,alpha,0.10039040285207293
34,validation,high,AF3,beta,0.07926193848133423
34,validation,high,F7,beta,0.06580870075866438
34,validation,high,F3,beta,0.079236502992617
34,validation,high,FC5,beta,0.15518371806782466
34,validation,high,T7,beta,0.0886641347299438
34,validation,high,P7,beta,0.09356333978798387
34,validation,high,O1,beta,0.10830615679082545
34,validation,high,O2,beta,0.12290196794666024
34,validation,high,P8,beta,0.08097177685887104
34,validation,high,T8,beta,0.1624718554245808
34,validation,high,FC6,beta,0.05204840979008519
34,validation,high,F4,beta,0.08348239911184657
34,validation,high,F8,beta,0.05018653857237615
34,validation,high,AF4,beta,0.06826330299077334
34,validation,high,AF3,low_gamma,0.021638553605793805
34,validation,high,F7,low_gamma,0.02024242090705675
34,validation,high,F3,low_gamma,0.02477416745768003
34,validation,high,FC5,low_gamma,0.07384679828531177
34,validation,high,T7,low_gamma,0.0237716726578025
34,validation,high,P7,low_gamma,0.03038773382067758
34,validation,high,O1,low_gamma,0.028333265068831326
34,validation,high,O2,low_gamma,0.02867726291576926
34,validation,high,P8,low_gamma,0.018700012816488955
34,validation,high,T8,low_gamma,0.047075634171178056
34,validation,high,FC6,low_gamma,0.012111134486332309
34,validation,high,F4,low_gamma,0.02148249550214181
34,validation,high,F8,low_gamma,0.013080770637954408
34,validation,high,AF4,low_gamma,0.01735635774177901
34,validation,low,AF3,delta,0.5598478617422926
34,validation,low,F7,delta,0.5956360443576547
34,validation,low,F3,delta,0.7047589854127178
34,validation,low,FC5,delta,0.5914087504753944
34,validation,low,T7,delta,0.5122731089762211
34,validation,low,P7,delta,0.5239710153108199
34,validation,low,O1,delta,0.6873314476709449
34,validation,low,O2,delta,0.4478418195677943
34,validation,low,P8,delta,0.5547293195421135
34,validation,low,T8,delta,0.36453809623106564
34,validation,low,FC6,delta,0.6220673593389595
34,validation,low,F4,delta,0.4762472633749254
34,validation,low,F8,delta,0.6414161217523445
34,validation,low,AF4,delta,0.541977646668785
34,validation,low,AF3,theta,0.1573217021488536
34,validation,low,F7,theta,0.14615513473612823
34,validation,low,F3,theta,0.10973366972008437
34,validation,low,FC5,theta,0.13547932089705864
34,validation,low,T7,theta,0.09856210252627942
34,validation,low,P7,theta,0.1365090661784289
34,validation,low,O1,theta,0.1250393353841054
34,validation,low,O2,theta,0.14071337864588657
34,validation,low,P8,theta,0.14150633774686974
34,validation,low,T8,theta,0.11276392507326119
34,validation,low,FC6,theta,0.14009568290583987
34,validation,low,F4,theta,0.17685858965061824
34,validation,low,F8,theta,0.1420911462909636
34,validation,low,AF4,theta,0.16508646383263673
34,validation,low,AF3,alpha,0.1576419360311041
34,validation,low,F7,alpha,0.0893226503236244
34,validation,low,F3,alpha,0.09630291934346522
34,validation,low,FC5,alpha,0.08173280653042282
34,validation,low,T7,alpha,0.09498790237475356
34,validation,low,P7,alpha,0.18740758274302985
34,validation,low,O1,alpha,0.11671509615992703
34,validation,low,O2,alpha,0.25072273513851756
34,validation,low,P8,alpha,0.1407619548201919
34,validation,low,T8,alpha,0.14211064833704917
34,validation,low,FC6,alpha,0.11485172527961617
34,validation,low,F4,alpha,0.19342031579340513
34,validation,low,F8,alpha,0.10865322272738515
34,validation,low,AF4,alpha,0.16910388831557632
34,validation,low,AF3,beta,0.09371327099026645
34,validation,low,F7,beta,0.12015577823468018
34,validation,low,F3,beta,0.06534557623288048
34,validation,low,FC5,beta,0.13601702050033815
34,validation,low,T7,beta,0.2194642669463254
34,validation,low,P7,beta,0.11022881123490837
34,validation,low,O1,beta,0.055590133252962096
34,validation,low,O2,beta,0.12454178035856808
34,validation,low,P8,beta,0.12147196377779702
34,validation,low,T8,beta,0.2889287147074284
34,validation,low,FC6,beta,0.09428672317505381
34,validation,low,F4,beta,0.1186542328857315
34,validation,low,F8,beta,0.08248760144357203
34,validation,low,AF4,beta,0.09455192012474464
34,validation,low,AF3,low_gamma,0.031475229087483236
34,validation,low,F7,low_gamma,0.04873039234791244
34,validation,low,F3,low_gamma,0.023858849290852212
34,validation,low,FC5,low_gamma,0.05536210159678616
34,validation,low,T7,low_gamma,0.07471261917642052
34,validation,low,P7,low_gamma,0.04188352453281315
34,validation,low,O1,low_gamma,0.015323987532060596
34,validation,low,O2,low_gamma,0.03618028628923352
34,validation,low,P8,low_gamma,0.04153042411302776
34,validation,low,T8,low_gamma,0.09165861565119558
34,validation,low,FC6,low_gamma,0.0286985093005306
34,validation,low,F4,low_gamma,0.034819598295319755
34,validation,low,F8,low_gamma,0.025351907785734765
34,validation,low,AF4,low_gamma,0.029280081058257246
35,validation,high,AF3,delta,0.5524885487086028
35,validation,high,F7,delta,0.5627470263496159
35,validation,high,F3,delta,0.5579202353956814
35,validation,high,FC5,delta,0.5655126680153855
35,validation,high,T7,delta,0.5277219073477073
35,validation,high,P7,delta,0.5132074105024085
35,validation,high,O1,delta,0.5333616926501034
35,validation,high,O2,delta,0.44379646290091684
35,validation,high,P8,delta,0.5064130551730635
35,validation,high,T8,delta,0.4871885372701483
35,validation,high,FC6,delta,0.5229120722028534
35,validation,high,F4,delta,0.5263678195434164
35,validation,high,F8,delta,0.5980325061947908
35,validation,high,AF4,delta,0.5477769691600157
35,validation,high,AF3,theta,0.18011684198264344
35,validation,high,F7,theta,0.17287912822655105
35,validation,high,F3,theta,0.1890290681824753
35,validation,high,FC5,theta,0.16405860168639655
35,validation,high,T7,theta,0.15908351109388694
35,validation,high,P7,theta,0.16832356905457915
35,validation,high,O1,theta,0.15394498710194693
35,validation,high,O2,theta,0.1769152089722376
35,validation,high,P8,theta,0.17162336255818103
35,validation,high,T8,theta,0.18366346644571066
35,validation,high,FC6,theta,0.17631167844864198
35,validation,high,F4,theta,0.17662286646795763
35,validation,high,F8,theta,0.16596354231754068
35,validation,high,AF4,theta,0.18148527064121706
35,validation,high,AF3,alpha,0.1315133640346718
35,validation,high,F7,alpha,0.10196862892102813
35,validation,high,F3,alpha,0.11402169947668683
35,validation,high,FC5,alpha,0.10632721675449397
35,validation,high,T7,alpha,0.11953022674926733
35,validation,high,P7,alpha,0.12895320697514334
35,validation,high,O1,alpha,0.1362356554011451
35,validation,high,O2,alpha,0.16202619039958757
35,validation,high,P8,alpha,0.14929102102843442
35,validation,high,T8,alpha,0.1585899579856717
35,validation,high,FC6,alpha,0.15375449133665986
35,validation,high,F4,alpha,0.14869520368218112
35,validation,high,F8,alpha,0.11434822043566584
35,validation,high,AF4,alpha,0.1336394307721828
35,validation,high,AF3,beta,0.11014409891778776
35,validation,high,F7,beta,0.12874670211457953
35,validation,high,F3,beta,0.11506357585323959
35,validation,high,FC5,beta,0.13022614687166464
35,validation,high,T7,beta,0.15133963654411992
35,validation,high,P7,beta,0.147375639234729
35,validation,high,O1,beta,0.13882112324582088
35,validation,high,O2,beta,0.1700469165991196
35,validation,high,P8,beta,0.13994868608965833
35,validation,high,T8,beta,0.14043593248077824
35,validation,high,FC6,beta,0.12008598514236701
35,validation,high,F4,beta,0.12191725580752903
35,validation,high,F8,beta,0.09686903330320325
35,validation,high,AF4,beta,0.11249854942973114
35,validation,high,AF3,low_gamma,0.02573714635629428
35,validation,high,F7,low_gamma,0.03365851438822541
35,validation,high,F3,low_gamma,0.023965421091916947
35,validation,high,FC5,low_gamma,0.03387536667205946
35,validation,high,T7,low_gamma,0.04232471826501858
35,validation,high,P7,low_gamma,0.04214017423314009
35,validation,high,O1,low_gamma,0.03763654160098355
35,validation,high,O2,low_gamma,0.04721522112813838
35,validation,high,P8,low_gamma,0.03272387515066276
35,validation,high,T8,low_gamma,0.03012210581769103
35,validation,high,FC6,low_gamma,0.02693577286947775
35,validation,high,F4,low_gamma,0.02639685449891578
35,validation,high,F8,low_gamma,0.024786697748799512
35,validation,high,AF4,low_gamma,0.024599779996853133
35,validation,low,AF3,delta,0.5655856984450889
35,validation,low,F7,delta,0.5797727091524395
35,validation,low,F3,delta,0.5030919837226389
35,validation,low,FC5,delta,0.5253862387789957
35,validation,low,T7,delta,0.4343194883383124
35,validation,low,P7,delta,0.46842572284615536
35,validation,low,O1,delta,0.5001739499245403
35,validation,low,O2,delta,0.43762180326897687
35,validation,low,P8,delta,0.43981265921670837
35,validation,low,T8,delta,0.4442116933693205
35,validation,low,FC6,delta,0.46286112542833224
35,validation,low,F4,delta,0.5123320785928989
35,validation,low,F8,delta,0.4917617408901561
35,validation,low,AF4,delta,0.5617883459404254
35,validation,low,AF3,theta,0.14701157882489232
35,validation,low,F7,theta,0.13973160107884608
35,validation,low,F3,theta,0.16240332636104207
35,validation,low,FC5,theta,0.14904460087955132
35,validation,low,T7,theta,0.15975975453737878
35,validation,low,P7,theta,0.16044682102581415
35,validation,low,O1,theta,0.16943975228714375
35,validation,low,O2,theta,0.15937881652098232
35,validation,low,P8,theta,0.16711877633737887
35,validation,low,T8,theta,0.16723708216397176
35,validation,low,FC6,theta,0.14657152154192082
35,validation,low,F4,theta,0.14607631650044625
35,validation,low,F8,theta,0.12790474479463104
35,validation,low,AF4,theta,0.1450050817567857
35,validation,low,AF3,alpha,0.16465346541394413
35,validation,low,F7,alpha,0.11911056424430344
35,validation,low,F3,alpha,0.1654094178288284
35,validation,low,FC5,alpha,0.11357301406105678
35,validation,low,T7,alpha,0.13358100202861212
35,validation,low,P7,alpha,0.13227634620967105
35,validation,low,O1,alpha,0.1300293563620105
35,validation,low,O2,alpha,0.18303169053857565
35,validation,low,P8,alpha,0.1993046536796078
35,validation,low,T8,alpha,0.2000620677881438
35,validation,low,FC6,alpha,0.2045636128429049
35,validation,low,F4,alpha,0.1937851508346613
35,validation,low,F8,alpha,0.16961724562991712
35,validation,low,AF4,alpha,0.16513161540140323
35,validation,low,AF3,beta,0.09424692147420693
35,validation,low,F7,beta,0.11975223153585395
35,validation,low,F3,beta,0.12888204689034582
35,validation,low,FC5,beta,0.15450682081824388
35,validation,low,T7,beta,0.19467859644411029
35,validation,low,P7,beta,0.1830470871551223
35,validation,low,O1,beta,0.1524854381922745
35,validation,low,O2,beta,0.1685219305191623
35,validation,low,P8,beta,0.1535684415427391
35,validation,low,T8,beta,0.14480695849530148
35,validation,low,FC6,beta,0.14133677917949994
35,validation,low,F4,beta,0.1147714882232837
35,validation,low,F8,beta,0.15598640130004737
35,validation,low,AF4,beta,0.09684419801694905
35,validation,low,AF3,low_gamma,0.028502335841867767
35,validation,low,F7,low_gamma,0.04163289398855706
35,validation,low,F3,low_gamma,0.040213225197144736
35,validation,low,FC5,low_gamma,0.05748932546215231
35,validation,low,T7,low_gamma,0.07766115865158633
35,validation,low,P7,low_gamma,0.055804022763237225
35,validation,low,O1,low_gamma,0.047871503234030784
35,validation,low,O2,low_gamma,0.05144575915230283
35,validation,low,P8,low_gamma,0.04019546922356599
35,validation,low,T8,low_gamma,0.04368219818326255
35,validation,low,FC6,low_gamma,0.044666961007342174
35,validation,low,F4,low_gamma,0.033034965848709935
35,validation,low,F8,low_gamma,0.05472986738524835
35,validation,low,AF4,low_gamma,0.03123075888443665
36,train,high,AF3,delta,0.7302424191117474
36,train,high,F7,delta,0.7277809641782751
36,train,high,F3,delta,0.5748256246897476
36,train,high,FC5,delta,0.5730030029992289
36,train,high,T7,delta,0.6364635743876964
36,train,high,P7,delta,0.4734926939534517
36,train,high,O1,delta,0.6881632420578652
36,train,high,O2,delta,0.5615479099811285
36,train,high,P8,delta,0.6160056070524544
36,train,high,T8,delta,0.6989017240716272
36,train,high,FC6,delta,0.7365397584098456
36,train,high,F4,delta,0.6844217443977041
36,train,high,F8,delta,0.7612202576996285
36,train,high,AF4,delta,0.8360828547430352
36,train,high,AF3,theta,0.17686783048116525
36,train,high,F7,theta,0.17053123801601353
36,train,high,F3,theta,0.17249074441119616
36,train,high,FC5,theta,0.16684786721267672
36,train,high,T7,theta,0.17392122393236928
36,train,high,P7,theta,0.18385600002403696
36,train,high,O1,theta,0.13305450137531602
36,train,high,O2,theta,0.16912066542483398
36,train,high,P8,theta,0.1541599569525068
36,train,high,T8,theta,0.15249139891128713
36,train,high,FC6,theta,0.15021958666944224
36,train,high,F4,theta,0.16156227973392814
36,train,high,F8,theta,0.1624753770101278
36,train,high,AF4,theta,0.11410540444424914
36,train,high,AF3,alpha,0.038197705874284074
36,train,high,F7,alpha,0.042141968200219315
36,train,high,F3,alpha,0.06486127524484879
36,train,high,FC5,alpha,0.05429803430109278
36,train,high,T7,alpha,0.059309155900858036
36,train,high,P7,alpha,0.10590665770138094
36,train,high,O1,alpha,0.0605045842568024
36,train,high,O2,alpha,0.10409401917212219
36,train,high,P8,alpha,0.0761835414121639
36,train,high,T8,alpha,0.05602176288717457
36,train,high,FC6,alpha,0.04289851039275956
36,train,high,F4,alpha,0.0518679753653505
36,train,high,F8,alpha,0.03779101232005651
36,train,high,AF4,alpha,0.021914000212043643
36,train,high,AF3,beta,0.03952957892631416
36,train,high,F7,beta,0.042703913420761096
36,train,high,F3,beta,0.12886562832970722
36,train,high,FC5,beta,0.13941285985805818
36,train,high,T7,beta,0.09568133675928531
36,train,high,P7,beta,0.177121879443203
36,train,high,O1,beta,0.09100347146011034
36,train,high,O2,beta,0.13269750584484866
36,train,high,P8,beta,0.12066064567566766
36,train,high,T8,beta,0.07387519755329307
36,train,high,FC6,beta,0.05185224793237884
36,train,high,F4,beta,0.07397117237157409
36,train,high,F8,beta,0.029209180484660625
36,train,high,AF4,beta,0.02048187891274027
36,train,high,AF3,low_gamma,0.015162465606489069
36,train,high,F7,low_gamma,0.016841916184731062
36,train,high,F3,low_gamma,0.05895672732450023
36,train,high,FC5,low_gamma,0.06643823562894344
36,train,high,T7,low_gamma,0.03462470901979088
36,train,high,P7,low_gamma,0.05962276887792741
36,train,high,O1,low_gamma,0.02727420084990612
36,train,high,O2,low_gamma,0.032539899577066836
36,train,high,P8,low_gamma,0.032990248907207136
36,train,high,T8,low_gamma,0.018709916576618142
36,train,high,FC6,low_gamma,0.01848989659557361
36,train,high,F4,low_gamma,0.02817682813144329
36,train,high,F8,low_gamma,0.009304172485526561
36,train,high,AF4,low_gamma,0.007415861687931602
36,train,low,AF3,delta,0.7667317158553817
36,train,low,F7,delta,0.7695516581697102
36,train,low,F3,delta,0.6966061510106565
36,train,low,FC5,delta,0.7100795679014761
36,train,low,T7,delta,0.6199016039336297
36,train,low,P7,delta,0.5299815051419342
36,train,low,O1,delta,0.5227430753575123
36,train,low,O2,delta,0.5347383154034594
36,train,low,P8,delta,0.589559967189554
36,train,low,T8,delta,0.5750127610283744
36,train,low,FC6,delta,0.7133426396881283
36,train,low,F4,delta,0.7467496884868501
36,train,low,F8,delta,0.776056035219814
36,train,low,AF4,delta,0.7886811172142038
36,train,low,AF3,theta,0.16835878751773048
36,train,low,F7,theta,0.15438895584936338
36,train,low,F3,theta,0.16873264567235222
36,train,low,FC5,theta,0.15181294267483053
36,train,low,T7,theta,0.1501793343290473
36,train,low,P7,theta,0.15460960107328514
36,train,low,O1,theta,0.1521182850088312
36,train,low,O2,theta,0.14116965756100833
36,train,low,P8,theta,0.13989808319503125
36,train,low,T8,theta,0.15700444549956916
36,train,low,FC6,theta,0.15074607239595889
36,train,low,F4,theta,0.1463744079505965
36,train,low,F8,theta,0.14933732737339547
36,train,low,AF4,theta,0.15940107493982153
36,train,low,AF3,alpha,0.026652603007030744
36,train,low,F7,alpha,0.030336648324621997
36,train,low,F3,alpha,0.05412171381056655
36,train,low,FC5,alpha,0.047310997104458394
36,train,low,T7,alpha,0.08121900303300839
36,train,low,P7,alpha,0.11065188277550526
36,train,low,O1,alpha,0.11090962350502473
36,train,low,O2,alpha,0.10986059259648821
36,train,low,P8,alpha,0.0913330673737612
36,train,low,T8,alpha,0.0900229638298112
36,train,low,FC6,alpha,0.04845927316398257
36,train,low,F4,alpha,0.04337217835328217
36,train,low,F8,alpha,0.0289872022567834
36,train,low,AF4,alpha,0.021631661050325178
36,train,low,AF3,beta,0.029715947877801956
36,train,low,F7,beta,0.03535786572893021
36,train,low,F3,beta,0.06452827287140825
36,train,low,FC5,beta,0.06816054176508009
36,train,low,T7,beta,0.11350699675895891
36,train,low,P7,beta,0.16318837053409516
36,train,low,O1,beta,0.17520177754709226
36,train,low,O2,beta,0.17995548229403313
36,train,low,P8,beta,0.15118956417053797
36,train,low,T8,beta,0.1471763773827087
36,train,low,FC6,beta,0.07067344710328274
36,train,low,F4,beta,0.05140481656166818
36,train,low,F8,beta,0.037079585104915956
36,train,low,AF4,beta,0.023052091656200955
36,train,low,AF3,low_gamma,0.008540945742055075
36,train,low,F7,low_gamma,0.010364871927374349
36,train,low,F3,low_gamma,0.01601121663501651
36,train,low,FC5,low_gamma,0.02263595055415494
36,train,low,T7,low_gamma,0.035193061945355535
36,train,low,P7,low_gamma,0.041568640475180225
36,train,low,O1,low_gamma,0.03902723858153956
36,train,low,O2,low_gamma,0.034275952145011
36,train,low,P8,low_gamma,0.028019318071115625
36,train,low,T8,low_gamma,0.030783452259536583
36,train,low,FC6,low_gamma,0.01677856764864741
36,train,low,F4,low_gamma,0.012098908647602963
36,train,low,F8,low_gamma,0.008539850045091318
36,train,low,AF4,low_gamma,0.007234055139448519
37,train,high,AF3,delta,0.5614660505562633
37,train,high,F7,delta,0.5985927233527786
37,train,high,F3,delta,0.5759241702190859
37,train,high,FC5,delta,0.5736702210835574
37,train,high,T7,delta,0.6331543055875567
37,train,high,P7,delta,0.5594145382044754
37,train,high,O1,delta,0.5888396703358699
37,train,high,O2,delta,0.4632126557233762
37,train,high,P8,delta,0.495735962900521
37,train,high,T8,delta,0.6633308101825646
37,train,high,FC6,delta,0.5746123517447901
37,train,high,F4,delta,0.667036054030324
37,train,high,F8,delta,0.6124426996675311
37,train,high,AF4,delta,0.6519756635466497
37,train,high,AF3,theta,0.18692465485111273
37,train,high,F7,theta,0.18812047294962406
37,train,high,F3,theta,0.19145593163117147
37,train,high,FC5,theta,0.2007030538544828
37,train,high,T7,theta,0.17303704713224355
37,train,high,P7,theta,0.2011501680900105
37,train,high,O1,theta,0.18539541990921554
37,train,high,O2,theta,0.22163486396839702
37,train,high,P8,theta,0.21168287413684247
37,train,high,T8,theta,0.1585892899883871
37,train,high,FC6,theta,0.19221609043659799
37,train,high,F4,theta,0.1504335166775252
37,train,high,F8,theta,0.18812239651774262
37,train,high,AF4,theta,0.1354532529150902
37,train,high,AF3,alpha,0.11077603795287798
37,train,high,F7,alpha,0.10039065688041333
37,train,high,F3,alpha,0.1159874717557826
37,train,high,FC5,alpha,0.10930040676197539
37,train,high,T7,alpha,0.08922462184131615
37,train,high,P7,alpha,0.10559596722395434
37,train,high,O1,alpha,0.10285647973997881
37,train,high,O2,alpha,0.15830399988044067
37,train,high,P8,alpha,0.14652922934076154
37,train,high,T8,alpha,0.09719601286296517
37,train,high,FC6,alpha,0.1290957695730803
37,train,high,F4,alpha,0.09729807973048359
37,train,high,F8,alpha,0.10227248654416506
37,train,high,AF4,alpha,0.07539122731589337
37,train,high,AF3,beta,0.11378260121577229
37,train,high,F7,beta,0.09216226373263013
37,train,high,F3,beta,0.09771777386365182
37,train,high,FC5,beta,0.09698278659651068
37,train,high,T7,beta,0.08508526663020631
37,train,high,P7,beta,0.11048969296724075
37,train,high,O1,beta,0.1003791993733745
37,train,high,O2,beta,0.1351488239200383
37,train,high,P8,beta,0.12338964636793007
37,train,high,T8,beta,0.06818607721931363
37,train,high,FC6,beta,0.08857504253162889
37,train,high,F4,beta,0.07212348042245881
37,train,high,F8,beta,0.08154192123230664
37,train,high,AF4,beta,0.1073088690602092
37,train,high,AF3,low_gamma,0.027050655423973724
37,train,high,F7,low_gamma,0.02073388308455387
37,train,high,F3,low_gamma,0.018914652530308253
37,train,high,FC5,low_gamma,0.019343531703473797
37,train,high,T7,low_gamma,0.019498758808677137
37,train,high,P7,low_gamma,0.023349633514318912
37,train,high,O1,low_gamma,0.022529230641561194
37,train,high,O2,low_gamma,0.021699656507747963
37,train,high,P8,low_gamma,0.022662287253944847
37,train,high,T8,low_gamma,0.012697809746769598
37,train,high,FC6,low_gamma,0.015500745713902694
37,train,high,F4,low_gamma,0.013108869139208466
37,train,high,F8,low_gamma,0.015620496038254612
37,train,high,AF4,low_gamma,0.029870987162157515
37,train,low,AF3,delta,0.6724839062233388
37,train,low,F7,delta,0.675543887181014
37,train,low,F3,delta,0.6732652412780148
37,train,low,FC5,delta,0.6786455749192272
37,train,low,T7,delta,0.6602715711851604
37,train,low,P7,delta,0.6764957026594266
37,train,low,O1,delta,0.686461008507732
37,train,low,O2,delta,0.6386517695011937
37,train,low,P8,delta,0.6517940792443961
37,train,low,T8,delta,0.6504508770586233
37,train,low,FC6,delta,0.6567390186264757
37,train,low,F4,delta,0.6623348666248758
37,train,low,F8,delta,0.6635987497322333
37,train,low,AF4,delta,0.6664137122784272
37,train,low,AF3,theta,0.16128251079570477
37,train,low,F7,theta,0.1653486847214274
37,train,low,F3,theta,0.16892785473809344
37,train,low,FC5,theta,0.16828121136147364
37,train,low,T7,theta,0.1633365525175653
37,train,low,P7,theta,0.1713858177036503
37,train,low,O1,theta,0.15807159681500832
37,train,low,O2,theta,0.16801046323406615
37,train,low,P8,theta,0.17143429250458278
37,train,low,T8,theta,0.1671708779948999
37,train,low,FC6,theta,0.1658785115042803
37,train,low,F4,theta,0.16692980261904672
37,train,low,F8,theta,0.16518238545416397
37,train,low,AF4,theta,0.16520864392923457
37,train,low,AF3,alpha,0.09730812188811849
37,train,low,F7,alpha,0.09121020014738031
37,train,low,F3,alpha,0.08830791157032732
37,train,low,FC5,alpha,0.08358218118630986
37,train,low,T7,alpha,0.08178128278733407
37,train,low,P7,alpha,0.08192148428394236
37,train,low,O1,alpha,0.08816277617222973
37,train,low,O2,alpha,0.1173853176011886
37,train,low,P8,alpha,0.10132929130820742
37,train,low,T8,alpha,0.10228164344092841
37,train,low,FC6,alpha,0.10395377199777882
37,train,low,F4,alpha,0.10194385254351909
37,train,low,F8,alpha,0.10243499877708889
37,train,low,AF4,alpha,0.10067789973309096
37,train,low,AF3,beta,0.0596668599301133
37,train,low,F7,beta,0.058917563984770153
37,train,low,F3,beta,0.06001119755473342
37,train,low,FC5,beta,0.060044599272338094
37,train,low,T7,beta,0.07769116523574654
37,train,low,P7,beta,0.06004627878020906
37,train,low,O1,beta,0.057773500067615405
37,train,low,O2,beta,0.0658141935497081
37,train,low,P8,beta,0.06515783475933626
37,train,low,T8,beta,0.06755057107875327
37,train,low,FC6,beta,0.06316773604490777
37,train,low,F4,beta,0.05966017630432908
37,train,low,F8,beta,0.059474318541597196
37,train,low,AF4,beta,0.05831403626002023
37,train,low,AF3,low_gamma,0.009258601162724695
37,train,low,F7,low_gamma,0.008979663965407985
37,train,low,F3,low_gamma,0.009487794858830991
37,train,low,FC5,low_gamma,0.009446433260651237
37,train,low,T7,low_gamma,0.016919428274193647
37,train,low,P7,low_gamma,0.010150716572771728
37,train,low,O1,low_gamma,0.009531118437414696
37,train,low,O2,low_gamma,0.010138256113843407
37,train,low,P8,low_gamma,0.010284502183477467
37,train,low,T8,low_gamma,0.012546030426795307
37,train,low,FC6,low_gamma,0.010260961826557441
37,train,low,F4,low_gamma,0.009131301908229215
37,train,low,F8,low_gamma,0.009309547494916682
37,train,low,AF4,low_gamma,0.009385707799227113
38,test,high,AF3,delta,0.5843692054714924
38,test,high,F7,delta,0.6870538869317481
38,test,high,F3,delta,0.6904105287289835
38,test,high,FC5,delta,0.5780321343491616
38,test,high,T7,delta,0.44758950650116386
38,test,high,P7,delta,0.4003111533549215
38,test,high,O1,delta,0.44978397601008185
38,test,high,O2,delta,0.498504814075585
38,test,high,P8,delta,0.608262481634996
38,test,high,T8,delta,0.57779382371693
38,test,high,FC6,delta,0.5865154493809462
38,test,high,F4,delta,0.5690980457414657
38,test,high,F8,delta,0.6693183686380783
38,test,high,AF4,delta,0.6037683152564814
38,test,high,AF3,theta,0.2659968749582095
38,test,high,F7,theta,0.17017206496884074
38,test,high,F3,theta,0.18220915313775238
38,test,high,FC5,theta,0.17169538998379438
38,test,high,T7,theta,0.15896560837520754
38,test,high,P7,theta,0.1905259387547908
38,test,high,O1,theta,0.22538942651291122
38,test,high,O2,theta,0.22682723759586823
38,test,high,P8,theta,0.17843522034572853
38,test,high,T8,theta,0.18979232989690303
38,test,high,FC6,theta,0.2205460610445564
38,test,high,F4,theta,0.26560035239475105
38,test,high,F8,theta,0.2041300607956458
38,test,high,AF4,theta,0.27440499054604733
38,test,high,AF3,alpha,0.06070986217891344
38,test,high,F7,alpha,0.055977199764976567
38,test,high,F3,alpha,0.07663550299171384
38,test,high,FC5,alpha,0.07314905712302947
38,test,high,T7,alpha,0.1069568144172811
38,test,high,P7,alpha,0.1311076023235573
38,test,high,O1,alpha,0.1246543537728615
38,test,high,O2,alpha,0.11257063283242133
38,test,high,P8,alpha,0.0842474569631907
38,test,high,T8,alpha,0.09314684584985529
38,test,high,FC6,alpha,0.0766671468599049
38,test,high,F4,alpha,0.06829260915513702
38,test,high,F8,alpha,0.0605153057495629
38,test,high,AF4,alpha,0.057244293522801436
38,test,high,AF3,beta,0.06671252921381685
38,test,high,F7,beta,0.062415573521631205
38,test,high,F3,beta,0.04584497264208907
38,test,high,FC5,beta,0.12139881269137463
38,test,high,T7,beta,0.1948909922886208
38,test,high,P7,beta,0.20118785520509302
38,test,high,O1,beta,0.14956702415333298
38,test,high,O2,beta,0.12236621368692224
38,test,high,P8,beta,0.0984859357008046
38,test,high,T8,beta,0.10750952022966434
38,test,high,FC6,beta,0.0877480414599992
38,test,high,F4,beta,0.07317945959564322
38,test,high,F8,beta,0.05105970378544653
38,test,high,AF4,beta,0.050144869450211495
38,test,high,AF3,low_gamma,0.022211528177567896
38,test,high,F7,low_gamma,0.02438127481280352
38,test,high,F3,low_gamma,0.004899842499461134
38,test,high,FC5,low_gamma,0.055724605852640045
38,test,high,T7,low_gamma,0.09159707841772664
38,test,high,P7,low_gamma,0.0768674503616374
38,test,high,O1,low_gamma,0.05060521955081243
38,test,high,O2,low_gamma,0.039731101809203126
38,test,high,P8,low_gamma,0.030568905355280212
38,test,high,T8,low_gamma,0.03175748030664739
38,test,high,FC6,low_gamma,0.02852330125459333
38,test,high,F4,low_gamma,0.0238295331130031
38,test,high,F8,low_gamma,0.014976561031266471
38,test,high,AF4,low_gamma,0.014437531224458353
38,test,low,AF3,delta,0.5239395014865341
38,test,low,F7,delta,0.5651655650552149
38,test,low,F3,delta,0.57048157572846
38,test,low,FC5,delta,0.5517903929010453
38,test,low,T7,delta,0.43028124311242516
38,test,low,P7,delta,0.4704994918475837
38,test,low,O1,delta,0.49710902313138183
38,test,low,O2,delta,0.5734007025533392
38,test,low,P8,delta,0.5345430466227782
38,test,low,T8,delta,0.5335254041918936
38,test,low,FC6,delta,0.5160650295140543
38,test,low,F4,delta,0.5558156153969307
38,test,low,F8,delta,0.5787913366927082
38,test,low,AF4,delta,0.5881137295218432
38,test,low,AF3,theta,0.20666567513094017
38,test,low,F7,theta,0.18994868144845478
38,test,low,F3,theta,0.19628178414302314
38,test,low,FC5,theta,0.193700089013382
38,test,low,T7,theta,0.1502126121607545
38,test,low,P7,theta,0.17484750878312874
38,test,low,O1,theta,0.17622830705246206
38,test,low,O2,theta,0.18770755297818456
38,test,low,P8,theta,0.2061261026553029
38,test,low,T8,theta,0.19810170120594933
38,test,low,FC6,theta,0.21407959058935935
38,test,low,F4,theta,0.21889878247397385
38,test,low,F8,theta,0.19837265559371137
38,test,low,AF4,theta,0.20986122352800893
38,test,low,AF3,alpha,0.10454122781002254
38,test,low,F7,alpha,0.09628336357214687
38,test,low,F3,alpha,0.113447821868862
38,test,low,FC5,alpha,0.10719847332152792
38,test,low,T7,alpha,0.1268773551132282
38,test,low,P7,alpha,0.12369692902185592
38,test,low,O1,alpha,0.13266888574285982
38,test,low,O2,alpha,0.10083156086053147
38,test,low,P8,alpha,0.10878491165868279
38,test,low,T8,alpha,0.11182645804579433
38,test,low,FC6,alpha,0.1148724036186372
38,test,low,F4,alpha,0.1026378494193647
38,test,low,F8,alpha,0.09979056280956873
38,test,low,AF4,alpha,0.0953168457837068
38,test,low,AF3,beta,0.12254605226351276
38,test,low,F7,beta,0.11061231069417657
38,test,low,F3,beta,0.10374289835757425
38,test,low,FC5,beta,0.11548590033822773
38,test,low,T7,beta,0.2063457682128071
38,test,low,P7,beta,0.1707651727866103
38,test,low,O1,beta,0.1518964062974546
38,test,low,O2,beta,0.10975909895789689
38,test,low,P8,beta,0.11911171943688885
38,test,low,T8,beta,0.12221478174036435
38,test,low,FC6,beta,0.12272916104610777
38,test,low,F4,beta,0.09908485084228943
38,test,low,F8,beta,0.09794048655855385
38,test,low,AF4,beta,0.08443246489121495
38,test,low,AF3,low_gamma,0.04230754330899048
38,test,low,F7,low_gamma,0.0379900792300068
38,test,low,F3,low_gamma,0.0160459199020806
38,test,low,FC5,low_gamma,0.03182514442581706
38,test,low,T7,low_gamma,0.08628302140078506
38,test,low,P7,low_gamma,0.06019089756082134
38,test,low,O1,low_gamma,0.042097377775841834
38,test,low,O2,low_gamma,0.028301084650047895
38,test,low,P8,low_gamma,0.03143421962634741
38,test,low,T8,low_gamma,0.03433165481599839
38,test,low,FC6,low_gamma,0.032253815231841385
38,test,low,F4,low_gamma,0.0235629018674413
38,test,low,F8,low_gamma,0.02510495834545778
38,test,low,AF4,low_gamma,0.02227573627522628
39,validation,high,AF3,delta,0.5228282612699325
39,validation,high,F7,delta,0.5680270518031054
39,validation,high,F3,delta,0.4451673538588205
39,validation,high,FC5,delta,0.6003170797162728
39,validation,high,T7,delta,0.3415812336554511
39,validation,high,P7,delta,0.38977966378222534
39,validation,high,O1,delta,0.40405263647379697
39,validation,high,O2,delta,0.36340554236454337
39,validation,high,P8,delta,0.3547071216667767
39,validation,high,T8,delta,0.38553649286371333
39,validation,high,FC6,delta,0.5915204016491448
39,validation,high,F4,delta,0.46659017231737554
39,validation,high,F8,delta,0.6134924320616293
39,validation,high,AF4,delta,0.5190694424121448
39,validation,high,AF3,theta,0.2614177247682635
39,validation,high,F7,theta,0.21327350594082556
39,validation,high,F3,theta,0.28783335061213583
39,validation,high,FC5,theta,0.15432267727379845
39,validation,high,T7,theta,0.16423264077839003
39,validation,high,P7,theta,0.178366730435273
39,validation,high,O1,theta,0.20413593675202701
39,validation,high,O2,theta,0.21332354153306207
39,validation,high,P8,theta,0.19648432612776628
39,validation,high,T8,theta,0.20419735700956754
39,validation,high,FC6,theta,0.20579962626864584
39,validation,high,F4,theta,0.2903861331748219
39,validation,high,F8,theta,0.21731256285795436
39,validation,high,AF4,theta,0.29344941642423394
39,validation,high,AF3,alpha,0.0793984008355393
39,validation,high,F7,alpha,0.08163115893753567
39,validation,high,F3,alpha,0.10079702940593123
39,validation,high,FC5,alpha,0.07205153948455745
39,validation,high,T7,alpha,0.11901060486380087
39,validation,high,P7,alpha,0.1266996053464878
39,validation,high,O1,alpha,0.1256796141427821
39,validation,high,O2,alpha,0.16286740880711514
39,validation,high,P8,alpha,0.1637515987430084
39,validation,high,T8,alpha,0.14136509968515684
39,validation,high,FC6,alpha,0.0849709474931122
39,validation,high,F4,alpha,0.10202853048296465
39,validation,high,F8,alpha,0.07621758805533221
39,validation,high,AF4,alpha,0.08125906095389
39,validation,high,AF3,beta,0.09975093502376295
39,validation,high,F7,beta,0.10034021892584054
39,validation,high,F3,beta,0.12230068506459792
39,validation,high,FC5,beta,0.12325174592045032
39,validation,high,T7,beta,0.26647357242521313
39,validation,high,P7,beta,0.22003015981153357
39,validation,high,O1,beta,0.18891787010674035
39,validation,high,O2,beta,0.18842331530031337
39,validation,high,P8,beta,0.2079100750249355
39,validation,high,T8,beta,0.19638803969258722
39,validation,high,FC6,beta,0.08741722097479025
39,validation,high,F4,beta,0.10457121086504073
39,validation,high,F8,beta,0.07019733709235468
39,validation,high,AF4,beta,0.07941894267970473
39,validation,high,AF3,low_gamma,0.03660467810250183
39,validation,high,F7,low_gamma,0.036728064392692834
39,validation,high,F3,low_gamma,0.04390158105851446
39,validation,high,FC5,low_gamma,0.050056957604920724
39,validation,high,T7,low_gamma,0.10870194827714487
39,validation,high,P7,low_gamma,0.08512384062448022
39,validation,high,O1,low_gamma,0.07721394252465363
39,validation,high,O2,low_gamma,0.07198019199496611
39,validation,high,P8,low_gamma,0.07714687843751303
39,validation,high,T8,low_gamma,0.07251301074897498
39,validation,high,FC6,low_gamma,0.030291803614306938
39,validation,high,F4,low_gamma,0.036423953159797136
39,validation,high,F8,low_gamma,0.02278007993272943
39,validation,high,AF4,low_gamma,0.02680313753002645
39,validation,low,AF3,delta,0.7172421152804951
39,validation,low,F7,delta,0.6651499276620285
39,validation,low,F3,delta,0.5484571537710365
39,validation,low,FC5,delta,0.6479761871193315
39,validation,low,T7,delta,0.5323938001297943
39,validation,low,P7,delta,0.5502923777614703
39,validation,low,O1,delta,0.5221818327379498
39,validation,low,O2,delta,0.4864184961005374
39,validation,low,P8,delta,0.5477532536505557
39,validation,low,T8,delta,0.5713579053693462
39,validation,low,FC6,delta,0.6065371089703367
39,validation,low,F4,delta,0.5526964305824482
39,validation,low,F8,delta,0.6854520070502812
39,validation,low,AF4,delta,0.6238294121441154
39,validation,low,AF3,theta,0.15449899511433599
39,validation,low,F7,theta,0.15788332818098458
39,validation,low,F3,theta,0.18715855520963534
39,validation,low,FC5,theta,0.14700600205847175
39,validation,low,T7,theta,0.12103347305349592
39,validation,low,P7,theta,0.1409434109796247
39,validation,low,O1,theta,0.1481225169126593
39,validation,low,O2,theta,0.16716429040853722
39,validation,low,P8,theta,0.16524956329056398
39,validation,low,T8,theta,0.15700787943601174
39,validation,low,FC6,theta,0.1670055026329752
39,validation,low,F4,theta,0.20068842808944456
39,validation,low,F8,theta,0.1592330061207466
39,validation,low,AF4,theta,0.18914228445630393
39,validation,low,AF3,alpha,0.05768965291852
39,validation,low,F7,alpha,0.06992025856211402
39,validation,low,F3,alpha,0.11291313108552349
39,validation,low,FC5,alpha,0.07375274178055191
39,validation,low,T7,alpha,0.09051444968330381
39,validation,low,P7,alpha,0.10551455269599977
39,validation,low,O1,alpha,0.11999523456238233
39,validation,low,O2,alpha,0.14112979678453025
39,validation,low,P8,alpha,0.11714957173495834
39,validation,low,T8,alpha,0.10277998674597975
39,validation,low,FC6,alpha,0.10172648076456325
39,validation,low,F4,alpha,0.11394192334183224
39,validation,low,F8,alpha,0.06826928398654653
39,validation,low,AF4,alpha,0.09016041386204277
39,validation,low,AF3,beta,0.053999333796040334
39,validation,low,F7,beta,0.08053318393846044
39,validation,low,F3,beta,0.11338756713200789
39,validation,low,FC5,beta,0.09798178888222923
39,validation,low,T7,beta,0.18683710149783178
39,validation,low,P7,beta,0.14716421962370146
39,validation,low,O1,beta,0.15112829921480056
39,validation,low,O2,beta,0.15335357756638898
39,validation,low,P8,beta,0.126778396025017
39,validation,low,T8,beta,0.12729107353264918
39,validation,low,FC6,beta,0.0944354112142378
39,validation,low,F4,beta,0.10067028931055476
39,validation,low,F8,beta,0.06646338189399972
39,validation,low,AF4,beta,0.07600990079920106
39,validation,low,AF3,low_gamma,0.016569902890608668
39,validation,low,F7,low_gamma,0.026513301656412337
39,validation,low,F3,low_gamma,0.038083592801796746
39,validation,low,FC5,low_gamma,0.033283280159415646
39,validation,low,T7,low_gamma,0.06922117563557428
39,validation,low,P7,low_gamma,0.05608543893920382
39,validation,low,O1,low_gamma,0.058572116572207865
39,validation,low,O2,low_gamma,0.05193383914000623
39,validation,low,P8,low_gamma,0.0430692152989049
39,validation,low,T8,low_gamma,0.041563154916013124
39,validation,low,FC6,low_gamma,0.030295496417886866
39,validation,low,F4,low_gamma,0.03200292867572024
39,validation,low,F8,low_gamma,0.020582320948425978
39,validation,low,AF4,low_gamma,0.020857988738336993
40,train,high,AF3,delta,0.3910614346839122
40,train,high,F7,delta,0.5306304251709054
40,train,high,F3,delta,0.5197378842845423
40,train,high,FC5,delta,0.5375100652439105
40,train,high,T7,delta,0.4627447898275658
40,train,high,P7,delta,0.538244138759679
40,train,high,O1,delta,0.5338333008866621
40,train,high,O2,delta,0.5298616710042087
40,train,high,P8,delta,0.5809894618162605
40,train,high,T8,delta,0.5701738144423485
40,train,high,FC6,delta,0.6206542633852787
40,train,high,F4,delta,0.5836394772415539
40,train,high,F8,delta,0.6623382739525543
40,train,high,AF4,delta,0.5716461399681121
40,train,high,AF3,theta,0.24784983332038227
40,train,high,F7,theta,0.14863630031870148
40,train,high,F3,theta,0.20578730965008446
40,train,high,FC5,theta,0.12983299267580378
40,train,high,T7,theta,0.15295044738873403
40,train,high,P7,theta,0.15262675335082343
40,train,high,O1,theta,0.15772344833796437
40,train,high,O2,theta,0.1656546996649051
40,train,high,P8,theta,0.1505703281098657
40,train,high,T8,theta,0.1555187603260654
40,train,high,FC6,theta,0.17016059574830752
40,train,high,F4,theta,0.2087824440670604
40,train,high,F8,theta,0.1670299058389172
40,train,high,AF4,theta,0.21335479333089952
40,train,high,AF3,alpha,0.15340673092349807
40,train,high,F7,alpha,0.07184469862773914
40,train,high,F3,alpha,0.08964127669345301
40,train,high,FC5,alpha,0.08058537267854125
40,train,high,T7,alpha,0.10438419887111701
40,train,high,P7,alpha,0.10586551812292083
40,train,high,O1,alpha,0.10663319793629994
40,train,high,O2,alpha,0.11629770008112307
40,train,high,P8,alpha,0.09919277491739854
40,train,high,T8,alpha,0.09165383808042714
40,train,high,FC6,alpha,0.0802558796674205
40,train,high,F4,alpha,0.07186445370490077
40,train,high,F8,alpha,0.061364004308633584
40,train,high,AF4,alpha,0.07021694175615066
40,train,high,AF3,beta,0.17121653844867965
40,train,high,F7,beta,0.18728621379159546
40,train,high,F3,beta,0.14634043274612601
40,train,high,FC5,beta,0.19264827773541054
40,train,high,T7,beta,0.21166371428780306
40,train,high,P7,beta,0.1558375477837572
40,train,high,O1,beta,0.1573936572516412
40,train,high,O2,beta,0.1514323086605466
40,train,high,P8,beta,0.1345088305240215
40,train,high,T8,beta,0.14094704054761986
40,train,high,FC6,beta,0.10294750269677637
40,train,high,F4,beta,0.10798263936465266
40,train,high,F8,beta,0.08538533820022622
40,train,high,AF4,beta,0.11227239189815669
40,train,high,AF3,low_gamma,0.03646546262352785
40,train,high,F7,low_gamma,0.06160236209105836
40,train,high,F3,low_gamma,0.038493096625794296
40,train,high,FC5,low_gamma,0.05942329166633378
40,train,high,T7,low_gamma,0.0682568496247801
40,train,high,P7,low_gamma,0.0474260419828193
40,train,high,O1,low_gamma,0.0444163955874324
40,train,high,O2,low_gamma,0.036753620589216475
40,train,high,P8,low_gamma,0.03473860463245358
40,train,high,T8,low_gamma,0.04170654660353902
40,train,high,FC6,low_gamma,0.025981758502216717
40,train,high,F4,low_gamma,0.027730985621832283
40,train,high,F8,low_gamma,0.023882477699668836
40,train,high,AF4,low_gamma,0.032509733046681054
40,train,low,AF3,delta,0.45982398361318283
40,train,low,F7,delta,0.5597016186109576
40,train,low,F3,delta,0.5016737090058331
40,train,low,FC5,delta,0.5182811299073503
40,train,low,T7,delta,0.4303562059658836
40,train,low,P7,delta,0.479780563661446
40,train,low,O1,delta,0.4975114827030788
40,train,low,O2,delta,0.4394782780822321
40,train,low,P8,delta,0.4839454962296475
40,train,low,T8,delta,0.4003762429574937
40,train,low,FC6,delta,0.4941133227985302
40,train,low,F4,delta,0.5254595175005944
40,train,low,F8,delta,0.521000377245433
40,train,low,AF4,delta,0.5230204139831588
40,train,low,AF3,theta,0.2195141481337393
40,train,low,F7,theta,0.12142347191120728
40,train,low,F3,theta,0.16385490140452108
40,train,low,FC5,theta,0.15405241654833346
40,train,low,T7,theta,0.1447734286400595
40,train,low,P7,theta,0.1378467928598642
40,train,low,O1,theta,0.11666180123164364
40,train,low,O2,theta,0.13171425969585912
40,train,low,P8,theta,0.12632868204970332
40,train,low,T8,theta,0.13656375972889398
40,train,low,FC6,theta,0.15531654889445648
40,train,low,F4,theta,0.16722534542279277
40,train,low,F8,theta,0.14642112591016643
40,train,low,AF4,theta,0.16702164271368192
40,train,low,AF3,alpha,0.13363693266915033
40,train,low,F7,alpha,0.07718062514603623
40,train,low,F3,alpha,0.09518243564188826
40,train,low,FC5,alpha,0.09194270541960155
40,train,low,T7,alpha,0.10879876159475654
40,train,low,P7,alpha,0.10391792106119532
40,train,low,O1,alpha,0.09948616960182126
40,train,low,O2,alpha,0.11624436065986518
40,train,low,P8,alpha,0.1115002901249639
40,train,low,T8,alpha,0.12016413355969094
40,train,low,FC6,alpha,0.10354355662377901
40,train,low,F4,alpha,0.09480400416439472
40,train,low,F8,alpha,0.08926291050737575
40,train,low,AF4,alpha,0.09214791767470079
40,train,low,AF3,beta,0.15338687094028092
40,train,low,F7,beta,0.18077357990756243
40,train,low,F3,beta,0.18360178408755373
40,train,low,FC5,beta,0.17863941104205494
40,train,low,T7,beta,0.2290343486099806
40,train,low,P7,beta,0.20547689557264937
40,train,low,O1,beta,0.2130193663712742
40,train,low,O2,beta,0.2409361148380395
40,train,low,P8,beta,0.2128330212907728
40,train,low,T8,beta,0.2648525198871814
40,train,low,FC6,beta,0.1907253634154716
40,train,low,F4,beta,0.1653098766304415
40,train,low,F8,beta,0.19025719880329453
40,train,low,AF4,beta,0.16993498833185183
40,train,low,AF3,low_gamma,0.03363806464364655
40,train,low,F7,low_gamma,0.06092070442423644
40,train,low,F3,low_gamma,0.055687169860203944
40,train,low,FC5,low_gamma,0.05708433708265971
40,train,low,T7,low_gamma,0.08703725518931979
40,train,low,P7,low_gamma,0.0729778268448451
40,train,low,O1,low_gamma,0.07332118009218203
40,train,low,O2,low_gamma,0.07162698672400415
40,train,low,P8,low_gamma,0.06539251030491236
40,train,low,T8,low_gamma,0.07804334386674001
40,train,low,FC6,low_gamma,0.05630120826776274
40,train,low,F4,low_gamma,0.047201256281776655
40,train,low,F8,low_gamma,0.05305838753373026
40,train,low,AF4,low_gamma,0.0478750372966066
41,test,high,AF3,delta,0.5936549339882498
41,test,high,F7,delta,0.6783314833718163
41,test,high,F3,delta,0.4182530452676144
41,test,high,FC5,delta,0.5062479651295806
41,test,high,T7,delta,0.20682038481898932
41,test,high,P7,delta,0.36360715764027446
41,test,high,O1,delta,0.36270890292891006
41,test,high,O2,delta,0.5314853876790291
41,test,high,P8,delta,0.47984395732772833
41,test,high,T8,delta,0.5119450095533058
41,test,high,FC6,delta,0.5939540528055139
41,test,high,F4,delta,0.6047257019325483
41,test,high,F8,delta,0.6800160079808877
41,test,high,AF4,delta,0.600201931319582
41,test,high,AF3,theta,0.19620003188285848
41,test,high,F7,theta,0.17387870094630792
41,test,high,F3,theta,0.20749140007829858
41,test,high,FC5,theta,0.1723288187557695
41,test,high,T7,theta,0.09332943805562026
41,test,high,P7,theta,0.14578699333207856
41,test,high,O1,theta,0.23044412629894417
41,test,high,O2,theta,0.21533820176761886
41,test,high,P8,theta,0.19329172256617494
41,test,high,T8,theta,0.16545287955926727
41,test,high,FC6,theta,0.18046751136977066
41,test,high,F4,theta,0.17054703768841636
41,test,high,F8,theta,0.1905670851647119
41,test,high,AF4,theta,0.1832038331658043
41,test,high,AF3,alpha,0.07847592436378806
41,test,high,F7,alpha,0.05686284271609601
41,test,high,F3,alpha,0.11450618554268707
41,test,high,FC5,alpha,0.08265022227764567
41,test,high,T7,alpha,0.07306804909935685
41,test,high,P7,alpha,0.1193922551682082
41,test,high,O1,alpha,0.13821720806926016
41,test,high,O2,alpha,0.10107804235532995
41,test,high,P8,alpha,0.10816049211984542
41,test,high,T8,alpha,0.08724736425093658
41,test,high,FC6,alpha,0.07446449613470522
41,test,high,F4,alpha,0.07749311281746418
41,test,high,F8,alpha,0.061315790425588844
41,test,high,AF4,alpha,0.06834182630615898
41,test,high,AF3,beta,0.10375747299077913
41,test,high,F7,beta,0.06879878279579023
41,test,high,F3,beta,0.20169627570066576
41,test,high,FC5,beta,0.17693082325368212
41,test,high,T7,beta,0.4203051072050859
41,test,high,P7,beta,0.2658302283035584
41,test,high,O1,beta,0.20355975408585952
41,test,high,O2,beta,0.12273512770073225
41,test,high,P8,beta,0.16918272774422238
41,test,high,T8,beta,0.17920984149485
41,test,high,FC6,beta,0.1131896859561346
41,test,high,F4,beta,0.1162093198212323
41,test,high,F8,beta,0.053854237236371116
41,test,high,AF4,beta,0.11260434473414101
41,test,high,AF3,low_gamma,0.02791163677432477
41,test,high,F7,low_gamma,0.02212819016998946
41,test,high,F3,low_gamma,0.05805309341073408
41,test,high,FC5,low_gamma,0.061842170583322205
41,test,high,T7,low_gamma,0.2064770208209477
41,test,high,P7,low_gamma,0.10538336555588038
41,test,high,O1,low_gamma,0.06507000861702605
41,test,high,O2,low_gamma,0.029363240497289854
41,test,high,P8,low_gamma,0.04952110024202894
41,test,high,T8,low_gamma,0.05614490514164043
41,test,high,FC6,low_gamma,0.03792425373387543
41,test,high,F4,low_gamma,0.031024827740338747
41,test,high,F8,low_gamma,0.014246879192440436
41,test,high,AF4,low_gamma,0.0356480644743137
41,test,low,AF3,delta,0.4580234906434002
41,test,low,F7,delta,0.6689572451429618
41,test,low,F3,delta,0.6108694060708652
41,test,low,FC5,delta,0.5833549999064768
41,test,low,T7,delta,0.4503257009905338
41,test,low,P7,delta,0.33454651396165164
41,test,low,O1,delta,0.3499065686879719
41,test,low,O2,delta,0.39229910081302594
41,test,low,P8,delta,0.3035834392901692
41,test,low,T8,delta,0.2215033868123183
41,test,low,FC6,delta,0.42359281781260777
41,test,low,F4,delta,0.33418782950651965
41,test,low,F8,delta,0.5587917683920703
41,test,low,AF4,delta,0.42884890902574985
41,test,low,AF3,theta,0.1568671781567093
41,test,low,F7,theta,0.14255989335052463
41,test,low,F3,theta,0.1982265555679336
41,test,low,FC5,theta,0.16844243202169187
41,test,low,T7,theta,0.13368612159066343
41,test,low,P7,theta,0.14005664681078403
41,test,low,O1,theta,0.11246733137339573
41,test,low,O2,theta,0.12648897377373203
41,test,low,P8,theta,0.1386182301188979
41,test,low,T8,theta,0.094616740467946
41,test,low,FC6,theta,0.1329749320556551
41,test,low,F4,theta,0.16088406833203203
41,test,low,F8,theta,0.13057051237856626
41,test,low,AF4,theta,0.15574196648182925
41,test,low,AF3,alpha,0.08929408340226311
41,test,low,F7,alpha,0.04574819933532582
41,test,low,F3,alpha,0.09412352372482886
41,test,low,FC5,alpha,0.06911975661886194
41,test,low,T7,alpha,0.08605058738922389
41,test,low,P7,alpha,0.11875340504770253
41,test,low,O1,alpha,0.10051945472107245
41,test,low,O2,alpha,0.15032327391032954
41,test,low,P8,alpha,0.1441890226747596
41,test,low,T8,alpha,0.09590655413468363
41,test,low,FC6,alpha,0.10761304750909739
41,test,low,F4,alpha,0.13876517296197638
41,test,low,F8,alpha,0.07994736578769715
41,test,low,AF4,alpha,0.09380880391256363
41,test,low,AF3,beta,0.20439193912679832
41,test,low,F7,beta,0.0957963280850365
41,test,low,F3,beta,0.08477560874142005
41,test,low,FC5,beta,0.12938175331896956
41,test,low,T7,beta,0.21893526584489537
41,test,low,P7,beta,0.27385352583451555
41,test,low,O1,beta,0.28498955258027636
41,test,low,O2,beta,0.24244292496146436
41,test,low,P8,beta,0.3005435547257841
41,test,low,T8,beta,0.42590191275731365
41,test,low,FC6,beta,0.24074284122554643
41,test,low,F4,beta,0.2612758882023578
41,test,low,F8,beta,0.16630268383966773
41,test,low,AF4,beta,0.23180663363541104
41,test,low,AF3,low_gamma,0.09142330867082898
41,test,low,F7,low_gamma,0.04693833408615105
41,test,low,F3,low_gamma,0.01200490589495254
41,test,low,FC5,low_gamma,0.04970105813399985
41,test,low,T7,low_gamma,0.11100232418468345
41,test,low,P7,low_gamma,0.13278990834534618
41,test,low,O1,low_gamma,0.1521170926372836
41,test,low,O2,low_gamma,0.08844572654144812
41,test,low,P8,low_gamma,0.11306575319038925
41,test,low,T8,low_gamma,0.16207140582773844
41,test,low,FC6,low_gamma,0.09507636139709327
41,test,low,F4,low_gamma,0.10488704099711423
41,test,low,F8,low_gamma,0.06438766960199845
41,test,low,AF4,low_gamma,0.08979368694444619
42,train,high,AF3,delta,0.6360116663971394
42,train,high,F7,delta,0.5620313072428447
42,train,high,F3,delta,0.4589723395581293
42,train,high,FC5,delta,0.35340895808559064
42,train,high,T7,delta,0.45607807395896605
42,train,high,P7,delta,0.4671496303195734
42,train,high,O1,delta,0.42320999065279613
42,train,high,O2,delta,0.26674271172699554
42,train,high,P8,delta,0.40228486838667404
42,train,high,T8,delta,0.45419835530322367
42,train,high,FC6,delta,0.5527321053488423
42,train,high,F4,delta,0.5573024837727564
42,train,high,F8,delta,0.5961309288595468
42,train,high,AF4,delta,0.5677974825682424
42,train,high,AF3,theta,0.19307626384340704
42,train,high,F7,theta,0.19524527334120015
42,train,high,F3,theta,0.16435788966021989
42,train,high,FC5,theta,0.12537207065492742
42,train,high,T7,theta,0.13819233062272343
42,train,high,P7,theta,0.1395057510582234
42,train,high,O1,theta,0.16242516729263895
42,train,high,O2,theta,0.12992570986946442
42,train,high,P8,theta,0.14366813247828353
42,train,high,T8,theta,0.15823432923926334
42,train,high,FC6,theta,0.17211143800224946
42,train,high,F4,theta,0.1696048958511393
42,train,high,F8,theta,0.1717612682240073
42,train,high,AF4,theta,0.17984458452782648
42,train,high,AF3,alpha,0.07105886373018652
42,train,high,F7,alpha,0.0784863245912485
42,train,high,F3,alpha,0.11942292875940536
42,train,high,FC5,alpha,0.10558857804159417
42,train,high,T7,alpha,0.10000815448333193
42,train,high,P7,alpha,0.12158212828624512
42,train,high,O1,alpha,0.1232567727736552
42,train,high,O2,alpha,0.15843515899944188
42,train,high,P8,alpha,0.13345968449574405
42,train,high,T8,alpha,0.11755460623457516
42,train,high,FC6,alpha,0.09707091579788862
42,train,high,F4,alpha,0.09777851611253169
42,train,high,F8,alpha,0.08343309908491964
42,train,high,AF4,alpha,0.09360588925526234
42,train,high,AF3,beta,0.07941985534204826
42,train,high,F7,beta,0.12430618447289461
42,train,high,F3,beta,0.19557167171766512
42,train,high,FC5,beta,0.30222055911629164
42,train,high,T7,beta,0.23153047826783257
42,train,high,P7,beta,0.20319432740893803
42,train,high,O1,beta,0.21929345652650445
42,train,high,O2,beta,0.3121540594811158
42,train,high,P8,beta,0.2305517940851904
42,train,high,T8,beta,0.2018156910979445
42,train,high,FC6,beta,0.13672608926802016
42,train,high,F4,beta,0.13622515841746624
42,train,high,F8,beta,0.11327548947639869
42,train,high,AF4,beta,0.12441510432359806
42,train,high,AF3,low_gamma,0.020433350687218903
42,train,high,F7,low_gamma,0.039930910351812066
42,train,high,F3,low_gamma,0.06167517030458038
42,train,high,FC5,low_gamma,0.11340983410159616
42,train,high,T7,low_gamma,0.07419096266714606
42,train,high,P7,low_gamma,0.0685681629270201
42,train,high,O1,low_gamma,0.07181461275440525
42,train,high,O2,low_gamma,0.13274235992298236
42,train,high,P8,low_gamma,0.09003552055410796
42,train,high,T8,low_gamma,0.06819701812499343
42,train,high,FC6,low_gamma,0.04135945158299943
42,train,high,F4,low_gamma,0.03908894584610637
42,train,high,F8,low_gamma,0.035399214355127585
42,train,high,AF4,low_gamma,0.0343369393250707
42,train,low,AF3,delta,0.5138882690394774
42,train,low,F7,delta,0.7436459869062869
42,train,low,F3,delta,0.4804261397540412
42,train,low,FC5,delta,0.4628382597404824
42,train,low,T7,delta,0.6055933969219012
42,train,low,P7,delta,0.5014601379898973
42,train,low,O1,delta,0.4213295945735892
42,train,low,O2,delta,0.39895626302116455
42,train,low,P8,delta,0.4090226486541992
42,train,low,T8,delta,0.3138353465373927
42,train,low,FC6,delta,0.45486745850324745
42,train,low,F4,delta,0.43656780798969613
42,train,low,F8,delta,0.5800376847345381
42,train,low,AF4,delta,0.5053109472135098
42,train,low,AF3,theta,0.15687638469211804
42,train,low,F7,theta,0.18656137908183912
42,train,low,F3,theta,0.17246021579195978
42,train,low,FC5,theta,0.13519128202037328
42,train,low,T7,theta,0.13342485176060362
42,train,low,P7,theta,0.15114183407304146
42,train,low,O1,theta,0.15866420853773366
42,train,low,O2,theta,0.16419541017420383
42,train,low,P8,theta,0.1722575021312555
42,train,low,T8,theta,0.14779762981325834
42,train,low,FC6,theta,0.17216738569000706
42,train,low,F4,theta,0.1891868376544452
42,train,low,F8,theta,0.1616227438676171
42,train,low,AF4,theta,0.16844586036265588
42,train,low,AF3,alpha,0.12293914083257383
42,train,low,F7,alpha,0.028821095914825123
42,train,low,F3,alpha,0.12838345972376783
42,train,low,FC5,alpha,0.10528434662873924
42,train,low,T7,alpha,0.06429328244164542
42,train,low,P7,alpha,0.1140868306755575
42,train,low,O1,alpha,0.1490184570011377
42,train,low,O2,alpha,0.1734141300075971
42,train,low,P8,alpha,0.1750367102593517
42,train,low,T8,alpha,0.16469085736355238
42,train,low,FC6,alpha,0.15008204427703892
42,train,low,F4,alpha,0.14606454246749676
42,train,low,F8,alpha,0.1043340044020952
42,train,low,AF4,alpha,0.12608212327498983
42,train,low,AF3,beta,0.16290466972488013
42,train,low,F7,beta,0.030585025064344372
42,train,low,F3,beta,0.16640621075094061
42,train,low,FC5,beta,0.2152488151687938
42,train,low,T7,beta,0.1468454384680789
42,train,low,P7,beta,0.17672843229157784
42,train,low,O1,beta,0.20553924485220076
42,train,low,O2,beta,0.20319791780470078
42,train,low,P8,beta,0.18859784380556827
42,train,low,T8,beta,0.28549677666298096
42,train,low,FC6,beta,0.1765248432060558
42,train,low,F4,beta,0.1786432916065528
42,train,low,F8,beta,0.12120941569210936
42,train,low,AF4,beta,0.15687553671382967
42,train,low,AF3,low_gamma,0.043391535710950585
42,train,low,F7,low_gamma,0.010386513032704558
42,train,low,F3,low_gamma,0.05232397397929072
42,train,low,FC5,low_gamma,0.08143729644161142
42,train,low,T7,low_gamma,0.049843030407770814
42,train,low,P7,low_gamma,0.056582764969925745
42,train,low,O1,low_gamma,0.06544849503533873
42,train,low,O2,low_gamma,0.060236278992333796
42,train,low,P8,low_gamma,0.05508529514962539
42,train,low,T8,low_gamma,0.08817938962281574
42,train,low,FC6,low_gamma,0.046358268323650774
42,train,low,F4,low_gamma,0.049537520281809154
42,train,low,F8,low_gamma,0.03279615130364022
42,train,low,AF4,low_gamma,0.04328553243501474
43,validation,high,AF3,delta,0.6804308408218188
43,validation,high,F7,delta,0.6431918943076104
43,validation,high,F3,delta,0.4885123779048411
43,validation,high,FC5,delta,0.4005192376513863
43,validation,high,T7,delta,0.41977221219742106
43,validation,high,P7,delta,0.5949796419606209
43,validation,high,O1,delta,0.582707918036594
43,validation,high,O2,delta,0.47266553325402355
43,validation,high,P8,delta,0.5000235770789918
43,validation,high,T8,delta,0.537232872058022
43,validation,high,FC6,delta,0.5324611441307792
43,validation,high,F4,delta,0.5369488518606332
43,validation,high,F8,delta,0.6013238951663707
43,validation,high,AF4,delta,0.5119784951911999
43,validation,high,AF3,theta,0.20318506527225902
43,validation,high,F7,theta,0.1641883921676251
43,validation,high,F3,theta,0.17561290437870736
43,validation,high,FC5,theta,0.11984961887953446
43,validation,high,T7,theta,0.13017072148852962
43,validation,high,P7,theta,0.15018095911071055
43,validation,high,O1,theta,0.1787462830843271
43,validation,high,O2,theta,0.1956097830006345
43,validation,high,P8,theta,0.18207775750055316
43,validation,high,T8,theta,0.15617773036391028
43,validation,high,FC6,theta,0.17089916008356218
43,validation,high,F4,theta,0.18803226790028058
43,validation,high,F8,theta,0.15291896748040434
43,validation,high,AF4,theta,0.20155071520914136
43,validation,high,AF3,alpha,0.06810065996687235
43,validation,high,F7,alpha,0.06443535421951778
43,validation,high,F3,alpha,0.1432216498658244
43,validation,high,FC5,alpha,0.0866679061251229
43,validation,high,T7,alpha,0.09542862591771081
43,validation,high,P7,alpha,0.08757852366496138
43,validation,high,O1,alpha,0.10835144178326905
43,validation,high,O2,alpha,0.15907808734925022
43,validation,high,P8,alpha,0.1407009096154083
43,validation,high,T8,alpha,0.10329903958995229
43,validation,high,FC6,alpha,0.12473426547712634
43,validation,high,F4,alpha,0.13069031863011618
43,validation,high,F8,alpha,0.09602562779109404
43,validation,high,AF4,alpha,0.13551343517625644
43,validation,high,AF3,beta,0.04139644429260389
43,validation,high,F7,beta,0.09560127085951187
43,validation,high,F3,beta,0.16035999247198962
43,validation,high,FC5,beta,0.2839318285822758
43,validation,high,T7,beta,0.24328064075995845
43,validation,high,P7,beta,0.1272833876764463
43,validation,high,O1,beta,0.10478949754149841
43,validation,high,O2,beta,0.14321540412316824
43,validation,high,P8,beta,0.1482339978536348
43,validation,high,T8,beta,0.16175831829525109
43,validation,high,FC6,beta,0.1393458638377972
43,validation,high,F4,beta,0.12325335259139804
43,validation,high,F8,beta,0.11794201118922142
43,validation,high,AF4,beta,0.1295699338458004
43,validation,high,AF3,low_gamma,0.0068869896464458695
43,validation,high,F7,low_gamma,0.032583088445734626
43,validation,high,F3,low_gamma,0.03229307537863763
43,validation,high,FC5,low_gamma,0.10903140876168048
43,validation,high,T7,low_gamma,0.11134779963638
43,validation,high,P7,low_gamma,0.039977487587260926
43,validation,high,O1,low_gamma,0.02540485955431132
43,validation,high,O2,low_gamma,0.02943119227292349
43,validation,high,P8,low_gamma,0.02896375795141182
43,validation,high,T8,low_gamma,0.04153203969286447
43,validation,high,FC6,low_gamma,0.032559566470735
43,validation,high,F4,low_gamma,0.021075209017572042
43,validation,high,F8,low_gamma,0.03178949837290943
43,validation,high,AF4,low_gamma,0.02138742057760181
43,validation,low,AF3,delta,0.5257004894274975
43,validation,low,F7,delta,0.6768572516605156
43,validation,low,F3,delta,0.43006543492150473
43,validation,low,FC5,delta,0.3541916953569166
43,validation,low,T7,delta,0.4572029742146602
43,validation,low,P7,delta,0.4933470694586813
43,validation,low,O1,delta,0.4735169758958506
43,validation,low,O2,delta,0.3359154416805744
43,validation,low,P8,delta,0.3850643998227045
43,validation,low,T8,delta,0.3363935006292628
43,validation,low,FC6,delta,0.3175307061273189
43,validation,low,F4,delta,0.4175152786662848
43,validation,low,F8,delta,0.3911782307481175
43,validation,low,AF4,delta,0.42568996849134755
43,validation,low,AF3,theta,0.15368008595046964
43,validation,low,F7,theta,0.11367555141917443
43,validation,low,F3,theta,0.15659900425550552
43,validation,low,FC5,theta,0.09486580485794331
43,validation,low,T7,theta,0.11457793996106076
43,validation,low,P7,theta,0.15860887452102437
43,validation,low,O1,theta,0.18514893862935183
43,validation,low,O2,theta,0.15393724116962035
43,validation,low,P8,theta,0.15698592909971518
43,validation,low,T8,theta,0.11570041951538187
43,validation,low,FC6,theta,0.14948667702351232
43,validation,low,F4,theta,0.1742941254331173
43,validation,low,F8,theta,0.13736604860839186
43,validation,low,AF4,theta,0.18296587933850506
43,validation,low,AF3,alpha,0.16136361574598795
43,validation,low,F7,alpha,0.0663258018955273
43,validation,low,F3,alpha,0.19896337467111733
43,validation,low,FC5,alpha,0.10718799913371639
43,validation,low,T7,alpha,0.08343959088896506
43,validation,low,P7,alpha,0.11864657875298462
43,validation,low,O1,alpha,0.17233895438621571
43,validation,low,O2,alpha,0.29096660177480815
43,validation,low,P8,alpha,0.22279325951376833
43,validation,low,T8,alpha,0.15806049778594433
43,validation,low,FC6,alpha,0.20791135088722823
43,validation,low,F4,alpha,0.2189169760164705
43,validation,low,F8,alpha,0.1581799908720805
43,validation,low,AF4,alpha,0.20097272204805047
43,validation,low,AF3,beta,0.13338912860662216
43,validation,low,F7,beta,0.10505842300288527
43,validation,low,F3,beta,0.1765684221036367
43,validation,low,FC5,beta,0.32764428481874264
43,validation,low,T7,beta,0.246309737181086
43,validation,low,P7,beta,0.1760741862541682
43,validation,low,O1,beta,0.13931790451086132
43,validation,low,O2,beta,0.1873735702830877
43,validation,low,P8,beta,0.20078348818948963
43,validation,low,T8,beta,0.2831238661492512
43,validation,low,FC6,beta,0.25878024965452767
43,validation,low,F4,beta,0.16309966286220404
43,validation,low,F8,beta,0.24612663592486506
43,validation,low,AF4,beta,0.1620138608617081
43,validation,low,AF3,low_gamma,0.02586668026942273
43,validation,low,F7,low_gamma,0.038082972021897525
43,validation,low,F3,low_gamma,0.037803764048235725
43,validation,low,FC5,low_gamma,0.11611021583268111
43,validation,low,T7,low_gamma,0.0984697577542281
43,validation,low,P7,low_gamma,0.05332329101314145
43,validation,low,O1,low_gamma,0.029677226577720532
43,validation,low,O2,low_gamma,0.031807145091909295
43,validation,low,P8,low_gamma,0.03437292337432226
43,validation,low,T8,low_gamma,0.10672171592015978
43,validation,low,FC6,low_gamma,0.06629101630741299
43,validation,low,F4,low_gamma,0.02617395702192339
43,validation,low,F8,low_gamma,0.06714909384654508
43,validation,low,AF4,low_gamma,0.028357569260388803
44,test,high,AF3,delta,0.6106862167811488
44,test,high,F7,delta,0.6142294776328733
44,test,high,F3,delta,0.6121714575776241
44,test,high,FC5,delta,0.6357432942852188
44,test,high,T7,delta,0.6467830183519065
44,test,high,P7,delta,0.5845047380381929
44,test,high,O1,delta,0.5967405669057718
44,test,high,O2,delta,0.5728257637340453
44,test,high,P8,delta,0.6805246307924453
44,test,high,T8,delta,0.6589440513535996
44,test,high,FC6,delta,0.6950043089355606
44,test,high,F4,delta,0.651493521203389
44,test,high,F8,delta,0.7196387357692874
44,test,high,AF4,delta,0.6456952330735828
44,test,high,AF3,theta,0.15587421035227483
44,test,high,F7,theta,0.15386609991699024
44,test,high,F3,theta,0.1540342296409343
44,test,high,FC5,theta,0.136350961783713
44,test,high,T7,theta,0.1345076198819558
44,test,high,P7,theta,0.12805238012319153
44,test,high,O1,theta,0.14601999708962027
44,test,high,O2,theta,0.1496714413591282
44,test,high,P8,theta,0.13058015258866335
44,test,high,T8,theta,0.14303340608366594
44,test,high,FC6,theta,0.12806196352663873
44,test,high,F4,theta,0.14801814228339744
44,test,high,F8,theta,0.13010428422260956
44,test,high,AF4,theta,0.15316749405953653
44,test,high,AF3,alpha,0.10505041137448355
44,test,high,F7,alpha,0.08316849003861125
44,test,high,F3,alpha,0.10428841936288775
44,test,high,FC5,alpha,0.08060617837106503
44,test,high,T7,alpha,0.0826152296171687
44,test,high,P7,alpha,0.09197676375422019
44,test,high,O1,alpha,0.11291053012594948
44,test,high,O2,alpha,0.12273193820662551
44,test,high,P8,alpha,0.08376480656760102
44,test,high,T8,alpha,0.0860026505693218
44,test,high,FC6,alpha,0.08751833857599095
44,test,high,F4,alpha,0.09965777894350787
44,test,high,F8,alpha,0.0757773109300694
44,test,high,AF4,alpha,0.09645579111195306
44,test,high,AF3,beta,0.1125761107622111
44,test,high,F7,beta,0.12104969882641112
44,test,high,F3,beta,0.11193201571699851
44,test,high,FC5,beta,0.11968982932209744
44,test,high,T7,beta,0.10852823200913467
44,test,high,P7,beta,0.15499112578208707
44,test,high,O1,beta,0.12734920540058253
44,test,high,O2,beta,0.14038207659244129
44,test,high,P8,beta,0.09146884316255224
44,test,high,T8,beta,0.1002741736355531
44,test,high,FC6,beta,0.07903072974537827
44,test,high,F4,beta,0.08987048948877205
44,test,high,F8,beta,0.06490052957755361
44,test,high,AF4,beta,0.09316430642747159
44,test,high,AF3,low_gamma,0.015813050729881754
44,test,high,F7,low_gamma,0.027686233585114125
44,test,high,F3,low_gamma,0.01757387770155528
44,test,high,FC5,low_gamma,0.027609736237905663
44,test,high,T7,low_gamma,0.027565900139834246
44,test,high,P7,low_gamma,0.040474992302308346
44,test,high,O1,low_gamma,0.016979700478075854
44,test,high,O2,low_gamma,0.014388780107759623
44,test,high,P8,low_gamma,0.013661566888738113
44,test,high,T8,low_gamma,0.011745718357859466
44,test,high,FC6,low_gamma,0.01038465921643143
44,test,high,F4,low_gamma,0.010960068080933734
44,test,high,F8,low_gamma,0.009579139500480048
44,test,high,AF4,low_gamma,0.011517175327456006
44,test,low,AF3,delta,0.5100578371510786
44,test,low,F7,delta,0.6079838407599923
44,test,low,F3,delta,0.5703025032695916
44,test,low,FC5,delta,0.617669722512911
44,test,low,T7,delta,0.5659383925549557
44,test,low,P7,delta,0.6192877393007852
44,test,low,O1,delta,0.5156302734428575
44,test,low,O2,delta,0.4032161260929494
44,test,low,P8,delta,0.4557608161394383
44,test,low,T8,delta,0.5852690846171459
44,test,low,FC6,delta,0.5449140610250464
44,test,low,F4,delta,0.5756052607246408
44,test,low,F8,delta,0.6241749865549546
44,test,low,AF4,delta,0.5617995993689132
44,test,low,AF3,theta,0.14487134666250123
44,test,low,F7,theta,0.11223438764168304
44,test,low,F3,theta,0.14575966836611656
44,test,low,FC5,theta,0.09287422297946982
44,test,low,T7,theta,0.10832845123464874
44,test,low,P7,theta,0.1121026750324283
44,test,low,O1,theta,0.09783529845202889
44,test,low,O2,theta,0.08323884851551182
44,test,low,P8,theta,0.10339970285739958
44,test,low,T8,theta,0.1224376424207013
44,test,low,FC6,theta,0.1330393363443526
44,test,low,F4,theta,0.14800728326618853
44,test,low,F8,theta,0.1270358219221549
44,test,low,AF4,theta,0.1489620102354082
44,test,low,AF3,alpha,0.14706364793010068
44,test,low,F7,alpha,0.10444732414071065
44,test,low,F3,alpha,0.12666599925138441
44,test,low,FC5,alpha,0.09251901124240924
44,test,low,T7,alpha,0.09086177007642098
44,test,low,P7,alpha,0.0885391481538721
44,test,low,O1,alpha,0.1796119383649832
44,test,low,O2,alpha,0.2833154444633217
44,test,low,P8,alpha,0.19903616598033533
44,test,low,T8,alpha,0.11939795472537944
44,test,low,FC6,alpha,0.12530977955642075
44,test,low,F4,alpha,0.118068916486246
44,test,low,F8,alpha,0.09709924573384181
44,test,low,AF4,alpha,0.122212558357182
44,test,low,AF3,beta,0.16609856574425833
44,test,low,F7,beta,0.1349772694844044
44,test,low,F3,beta,0.1312134571634412
44,test,low,FC5,beta,0.1470803950588035
44,test,low,T7,beta,0.17133377332184846
44,test,low,P7,beta,0.13630711862886952
44,test,low,O1,beta,0.1788323432202012
44,test,low,O2,beta,0.20865118889496093
44,test,low,P8,beta,0.21010425468160626
44,test,low,T8,beta,0.1492835237538563
44,test,low,FC6,beta,0.16895924222029732
44,test,low,F4,beta,0.13819606981445462
44,test,low,F8,beta,0.12883019574426738
44,test,low,AF4,beta,0.14478227175176708
44,test,low,AF3,low_gamma,0.03190860251206127
44,test,low,F7,low_gamma,0.04035717797320964
44,test,low,F3,low_gamma,0.0260583719494662
44,test,low,FC5,low_gamma,0.04985664820640657
44,test,low,T7,low_gamma,0.06353761281212619
44,test,low,P7,low_gamma,0.04376331888404494
44,test,low,O1,low_gamma,0.028090146519928968
44,test,low,O2,low_gamma,0.021578392033256143
44,test,low,P8,low_gamma,0.03169906034122068
44,test,low,T8,low_gamma,0.023611794482916983
44,test,low,FC6,low_gamma,0.027777580853883
44,test,low,F4,low_gamma,0.020122469708470057
44,test,low,F8,low_gamma,0.022859750044781222
44,test,low,AF4,low_gamma,0.022243560286729483
45,train,high,AF3,delta,0.7473090142707348
45,train,high,F7,delta,0.7394059936424444
45,train,high,F3,delta,0.6368356107197188
45,train,high,FC5,delta,0.8380808415925796
45,train,high,T7,delta,0.6087124648017207
45,train,high,P7,delta,0.5781232736043179
45,train,high,O1,delta,0.6106408221757054
45,train,high,O2,delta,0.586632079218911
45,train,high,P8,delta,0.597418099458839
45,train,high,T8,delta,0.6343020206600396
45,train,high,FC6,delta,0.7570303935471333
45,train,high,F4,delta,0.5759965925151551
45,train,high,F8,delta,0.737793400920307
45,train,high,AF4,delta,0.6671533206934378
45,train,high,AF3,theta,0.08219160858993883
45,train,high,F7,theta,0.16925727001330204
45,train,high,F3,theta,0.12851052379337777
45,train,high,FC5,theta,0.10473193328172192
45,train,high,T7,theta,0.09241692413977078
45,train,high,P7,theta,0.11999326913504126
45,train,high,O1,theta,0.1416992091101549
45,train,high,O2,theta,0.15531683117107037
45,train,high,P8,theta,0.12354919474981675
45,train,high,T8,theta,0.16659728479405603
45,train,high,FC6,theta,0.13403534645379384
45,train,high,F4,theta,0.14703401991253395
45,train,high,F8,theta,0.17570538016866724
45,train,high,AF4,theta,0.1325414969958687
45,train,high,AF3,alpha,0.031953031853676754
45,train,high,F7,alpha,0.041970768488647954
45,train,high,F3,alpha,0.08053693589335274
45,train,high,FC5,alpha,0.02446301068188751
45,train,high,T7,alpha,0.07173673899327085
45,train,high,P7,alpha,0.07975795565658172
45,train,high,O1,alpha,0.09551236168037329
45,train,high,O2,alpha,0.12299049706578047
45,train,high,P8,alpha,0.08522385215289914
45,train,high,T8,alpha,0.09651752973553707
45,train,high,FC6,alpha,0.050992153771601455
45,train,high,F4,alpha,0.07385026483171128
45,train,high,F8,alpha,0.052993265656143144
45,train,high,AF4,alpha,0.05196972004054294
45,train,high,AF3,beta,0.0956078768441763
45,train,high,F7,beta,0.03703768690668685
45,train,high,F3,beta,0.11685413969034779
45,train,high,FC5,beta,0.02498767838629232
45,train,high,T7,beta,0.15929432935968652
45,train,high,P7,beta,0.15707201609202412
45,train,high,O1,beta,0.11344880857251827
45,train,high,O2,beta,0.10561734814894481
45,train,high,P8,beta,0.1327755810244409
45,train,high,T8,beta,0.08138916233833211
45,train,high,FC6,beta,0.04384934533248643
45,train,high,F4,beta,0.1488238004814072
45,train,high,F8,beta,0.027176265537483833
45,train,high,AF4,beta,0.11134071604957732
45,train,high,AF3,low_gamma,0.04293846844147339
45,train,high,F7,low_gamma,0.01232828094891893
45,train,high,F3,low_gamma,0.037262789903202816
45,train,high,FC5,low_gamma,0.0077365360575188105
45,train,high,T7,low_gamma,0.06783954270555106
45,train,high,P7,low_gamma,0.06505348551203505
45,train,high,O1,low_gamma,0.03869879846124806
45,train,high,O2,low_gamma,0.029443244395293434
45,train,high,P8,low_gamma,0.06103327261400436
45,train,high,T8,low_gamma,0.02119400247203511
45,train,high,FC6,low_gamma,0.014092760894984964
45,train,high,F4,low_gamma,0.05429532225919231
45,train,high,F8,low_gamma,0.006331687717398843
45,train,high,AF4,low_gamma,0.03699474622057318
45,train,low,AF3,delta,0.6832064861315619
45,train,low,F7,delta,0.8876491207907589
45,train,low,F3,delta,0.4345428255452618
45,train,low,FC5,delta,0.6897721056750116
45,train,low,T7,delta,0.5416340355806226
45,train,low,P7,delta,0.3997186595645026
45,train,low,O1,delta,0.34330218123417044
45,train,low,O2,delta,0.20922153876336358
45,train,low,P8,delta,0.777079630706326
45,train,low,T8,delta,0.3566190383043743
45,train,low,FC6,delta,0.5384614431898037
45,train,low,F4,delta,0.49967487810025685
45,train,low,F8,delta,0.5205837007534567
45,train,low,AF4,delta,0.6064861820671021
45,train,low,AF3,theta,0.09238942494203255
45,train,low,F7,theta,0.06260688057297381
45,train,low,F3,theta,0.15676515064349195
45,train,low,FC5,theta,0.10742846898825922
45,train,low,T7,theta,0.15267259717894383
45,train,low,P7,theta,0.14582808704995112
45,train,low,O1,theta,0.11306735449233478
45,train,low,O2,theta,0.08698211852920186
45,train,low,P8,theta,0.07554085590527874
45,train,low,T8,theta,0.16976319290283634
45,train,low,FC6,theta,0.14810936270162872
45,train,low,F4,theta,0.15623842037028587
45,train,low,F8,theta,0.16505634741599912
45,train,low,AF4,theta,0.12098044194708493
45,train,low,AF3,alpha,0.07171275519258791
45,train,low,F7,alpha,0.026299864681200075
45,train,low,F3,alpha,0.24716613494091533
45,train,low,FC5,alpha,0.08571549573674074
45,train,low,T7,alpha,0.0926417735970885
45,train,low,P7,alpha,0.2707422537505083
45,train,low,O1,alpha,0.3980549805877272
45,train,low,O2,alpha,0.6080083259597169
45,train,low,P8,alpha,0.10232691176404034
45,train,low,T8,alpha,0.3174508480263958
45,train,low,FC6,alpha,0.181700417883174
45,train,low,F4,alpha,0.21369985246914902
45,train,low,F8,alpha,0.19629180969992666
45,train,low,AF4,alpha,0.14639700545565773
45,train,low,AF3,beta,0.07320313812261353
45,train,low,F7,beta,0.018372284880898947
45,train,low,F3,beta,0.1273775895722377
45,train,low,FC5,beta,0.08590116983466001
45,train,low,T7,beta,0.15247279644504622
45,train,low,P7,beta,0.14052331640588928
45,train,low,O1,beta,0.11602019033856961
45,train,low,O2,beta,0.08138433364806226
45,train,low,P8,beta,0.03659001399700639
45,train,low,T8,beta,0.13255134997814938
45,train,low,FC6,beta,0.10499995934574757
45,train,low,F4,beta,0.10745929064790494
45,train,low,F8,beta,0.0993086775936346
45,train,low,AF4,beta,0.09870309908955348
45,train,low,AF3,low_gamma,0.0794881956112042
45,train,low,F7,low_gamma,0.005071849074168407
45,train,low,F3,low_gamma,0.034148299298093224
45,train,low,FC5,low_gamma,0.03118275976532847
45,train,low,T7,low_gamma,0.060578797198298756
45,train,low,P7,low_gamma,0.0431876832291487
45,train,low,O1,low_gamma,0.029555293347197985
45,train,low,O2,low_gamma,0.014403683099655456
45,train,low,P8,low_gamma,0.008462587627348462
45,train,low,T8,low_gamma,0.023615570788244295
45,train,low,FC6,low_gamma,0.026728816879646046
45,train,low,F4,low_gamma,0.022927558412403255
45,train,low,F8,low_gamma,0.018759464536982885
45,train,low,AF4,low_gamma,0.027433271440601516
46,train,high,AF3,delta,0.5765337041973237
46,train,high,F7,delta,0.5922451686812004
46,train,high,F3,delta,0.5432214259202883
46,train,high,FC5,delta,0.44532213475360755
46,train,high,T7,delta,0.28281068463899106
46,train,high,P7,delta,0.4337052250645824
46,train,high,O1,delta,0.39450658263374616
46,train,high,O2,delta,0.4873444422387804
46,train,high,P8,delta,0.4186719528587416
46,train,high,T8,delta,0.6704292364882471
46,train,high,FC6,delta,0.595988181495835
46,train,high,F4,delta,0.5066126094119333
46,train,high,F8,delta,0.6626011591080089
46,train,high,AF4,delta,0.8260215564386517
46,train,high,AF3,theta,0.20101897165625573
46,train,high,F7,theta,0.17624601739195112
46,train,high,F3,theta,0.2008365309708627
46,train,high,FC5,theta,0.15981625665752763
46,train,high,T7,theta,0.08126304756228492
46,train,high,P7,theta,0.18744553434192376
46,train,high,O1,theta,0.2543808562436472
46,train,high,O2,theta,0.19084913942524154
46,train,high,P8,theta,0.15133265254650244
46,train,high,T8,theta,0.10288999486055662
46,train,high,FC6,theta,0.19821767393512338
46,train,high,F4,theta,0.22844147356652314
46,train,high,F8,theta,0.1872667324462186
46,train,high,AF4,theta,0.09876938082261329
46,train,high,AF3,alpha,0.07733087641214316
46,train,high,F7,alpha,0.08360558080965341
46,train,high,F3,alpha,0.09893115280372444
46,train,high,FC5,alpha,0.10044727508058482
46,train,high,T7,alpha,0.08346055997567964
46,train,high,P7,alpha,0.12922714856875828
46,train,high,O1,alpha,0.1662644591951419
46,train,high,O2,alpha,0.14052471541182268
46,train,high,P8,alpha,0.1218237314153106
46,train,high,T8,alpha,0.06338008317688033
46,train,high,FC6,alpha,0.09219631004748126
46,train,high,F4,alpha,0.10939371540478991
46,train,high,F8,alpha,0.07052717446919161
46,train,high,AF4,alpha,0.03193780570111404
46,train,high,AF3,beta,0.11058260810636153
46,train,high,F7,beta,0.11159767079424063
46,train,high,F3,beta,0.12208452744648066
46,train,high,FC5,beta,0.22394360335007432
46,train,high,T7,beta,0.3712069952619104
46,train,high,P7,beta,0.17894734543663882
46,train,high,O1,beta,0.1432207330255954
46,train,high,O2,beta,0.14171092279655204
46,train,high,P8,beta,0.22777964475462048
46,train,high,T8,beta,0.12213060193142122
46,train,high,FC6,beta,0.08953375586129599
46,train,high,F4,beta,0.12349204444127433
46,train,high,F8,beta,0.06074325850088301
46,train,high,AF4,beta,0.03340663679248869
46,train,high,AF3,low_gamma,0.03453383962791578
46,train,high,F7,low_gamma,0.03630556232295435
46,train,high,F3,low_gamma,0.03492636285864388
46,train,high,FC5,low_gamma,0.07047073015820567
46,train,high,T7,low_gamma,0.1812587125611341
46,train,high,P7,low_gamma,0.07067474658809664
46,train,high,O1,low_gamma,0.041627368901869244
46,train,high,O2,low_gamma,0.03957078012760325
46,train,high,P8,low_gamma,0.08039201842482488
46,train,high,T8,low_gamma,0.04117008354289472
46,train,high,FC6,low_gamma,0.02406407866026431
46,train,high,F4,low_gamma,0.032060157175479255
46,train,high,F8,low_gamma,0.018861675475697927
46,train,high,AF4,low_gamma,0.009864620245132065
46,train,low,AF3,delta,0.5257325524846784
46,train,low,F7,delta,0.6559473121895568
46,train,low,F3,delta,0.5275108847391848
46,train,low,FC5,delta,0.5255121987977386
46,train,low,T7,delta,0.2688829604193147
46,train,low,P7,delta,0.424671621757945
46,train,low,O1,delta,0.5074718798438871
46,train,low,O2,delta,0.49440508364756164
46,train,low,P8,delta,0.6278856691981272
46,train,low,T8,delta,0.8257824269174948
46,train,low,FC6,delta,0.6398492347034492
46,train,low,F4,delta,0.6393935838709406
46,train,low,F8,delta,0.7093208861302991
46,train,low,AF4,delta,0.7686119237493445
46,train,low,AF3,theta,0.1633964989507466
46,train,low,F7,theta,0.1388141300854719
46,train,low,F3,theta,0.16513840411288594
46,train,low,FC5,theta,0.14851370154596358
46,train,low,T7,theta,0.07848137071548018
46,train,low,P7,theta,0.15264753921921256
46,train,low,O1,theta,0.14289512166208895
46,train,low,O2,theta,0.1286319753749193
46,train,low,P8,theta,0.1081647906804907
46,train,low,T8,theta,0.07086181097757756
46,train,low,FC6,theta,0.11761599307409738
46,train,low,F4,theta,0.13234601728674322
46,train,low,F8,theta,0.10361681287159509
46,train,low,AF4,theta,0.08739272266478292
46,train,low,AF3,alpha,0.18272365650760042
46,train,low,F7,alpha,0.10507858042649004
46,train,low,F3,alpha,0.1732819621396712
46,train,low,FC5,alpha,0.18131130139723656
46,train,low,T7,alpha,0.09659760746524773
46,train,low,P7,alpha,0.19429164161943585
46,train,low,O1,alpha,0.22723138919519448
46,train,low,O2,alpha,0.23938761403062642
46,train,low,P8,alpha,0.11776004193422472
46,train,low,T8,alpha,0.04202047921971615
46,train,low,FC6,alpha,0.1328046573942537
46,train,low,F4,alpha,0.12828705755268563
46,train,low,F8,alpha,0.11400257559477887
46,train,low,AF4,alpha,0.08378009568897989
46,train,low,AF3,beta,0.10146964992361467
46,train,low,F7,beta,0.08242902675820973
46,train,low,F3,beta,0.10803765100762325
46,train,low,FC5,beta,0.11254336058435083
46,train,low,T7,beta,0.3649602136119281
46,train,low,P7,beta,0.1725360294065106
46,train,low,O1,beta,0.0975540357486126
46,train,low,O2,beta,0.11243480338036017
46,train,low,P8,beta,0.11613088372615832
46,train,low,T8,beta,0.04875034336471484
46,train,low,FC6,beta,0.08888259399269485
46,train,low,F4,beta,0.08300756275970125
46,train,low,F8,beta,0.059210346718497654
46,train,low,AF4,beta,0.04778120225542083
46,train,low,AF3,low_gamma,0.026677642133359707
46,train,low,F7,low_gamma,0.017730950540271323
46,train,low,F3,low_gamma,0.026031098000634894
46,train,low,FC5,low_gamma,0.0321194376747105
46,train,low,T7,low_gamma,0.19107784778802914
46,train,low,P7,low_gamma,0.055853167996896026
46,train,low,O1,low_gamma,0.024847573550216884
46,train,low,O2,low_gamma,0.02514052356653245
46,train,low,P8,low_gamma,0.03005861446099892
46,train,low,T8,low_gamma,0.01258493952049675
46,train,low,FC6,low_gamma,0.02084752083550484
46,train,low,F4,low_gamma,0.016965778529929313
46,train,low,F8,low_gamma,0.013849378684829248
46,train,low,AF4,low_gamma,0.01243405564147181
47,validation,high,AF3,delta,0.5823339862847888
47,validation,high,F7,delta,0.6516318498736822
47,validation,high,F3,delta,0.5462796230188467
47,validation,high,FC5,delta,0.4808014638028058
47,validation,high,T7,delta,0.6918660798493421
47,validation,high,P7,delta,0.4583733489989446
47,validation,high,O1,delta,0.7387434781834208
47,validation,high,O2,delta,0.39003265352758665
47,validation,high,P8,delta,0.4054011546021468
47,validation,high,T8,delta,0.7083095994562458
47,validation,high,FC6,delta,0.5119970699774175
47,validation,high,F4,delta,0.49878165679314335
47,validation,high,F8,delta,0.535954682289894
47,validation,high,AF4,delta,0.5363004675918195
47,validation,high,AF3,theta,0.2087962180392487
47,validation,high,F7,theta,0.1619337874271605
47,validation,high,F3,theta,0.18151885262367284
47,validation,high,FC5,theta,0.16818152730007171
47,validation,high,T7,theta,0.09872138985331945
47,validation,high,P7,theta,0.17783996296454171
47,validation,high,O1,theta,0.0731035722063189
47,validation,high,O2,theta,0.15199774458060916
47,validation,high,P8,theta,0.166353800927699
47,validation,high,T8,theta,0.11119293915709295
47,validation,high,FC6,theta,0.15049112955586688
47,validation,high,F4,theta,0.19533153328885075
47,validation,high,F8,theta,0.15814150985354927
47,validation,high,AF4,theta,0.19330967429995682
47,validation,high,AF3,alpha,0.0729453713910749
47,validation,high,F7,alpha,0.04866510324430399
47,validation,high,F3,alpha,0.09180352301605997
47,validation,high,FC5,alpha,0.08149376373960995
47,validation,high,T7,alpha,0.04790261313765326
47,validation,high,P7,alpha,0.11383735044376539
47,validation,high,O1,alpha,0.050960763809048425
47,validation,high,O2,alpha,0.131340560313503
47,validation,high,P8,alpha,0.12421549310146045
47,validation,high,T8,alpha,0.057937832092852366
47,validation,high,FC6,alpha,0.0784276047591602
47,validation,high,F4,alpha,0.10161967519042883
47,validation,high,F8,alpha,0.061818189288619
47,validation,high,AF4,alpha,0.09362574837834514
47,validation,high,AF3,beta,0.10508250113439548
47,validation,high,F7,beta,0.09839599686398907
47,validation,high,F3,beta,0.13727353255627836
47,validation,high,FC5,beta,0.19254661202105341
47,validation,high,T7,beta,0.11811893541045246
47,validation,high,P7,beta,0.18770860204648646
47,validation,high,O1,beta,0.09685485830022432
47,validation,high,O2,beta,0.23670957000121223
47,validation,high,P8,beta,0.22158019964044182
47,validation,high,T8,beta,0.0910474839450927
47,validation,high,FC6,beta,0.17967712137768552
47,validation,high,F4,beta,0.15250971186698378
47,validation,high,F8,beta,0.16232567186536653
47,validation,high,AF4,beta,0.13151229285118224
47,validation,high,AF3,low_gamma,0.030841923150492126
47,validation,high,F7,low_gamma,0.03937326259086419
47,validation,high,F3,low_gamma,0.04312446878514212
47,validation,high,FC5,low_gamma,0.07697663313645908
47,validation,high,T7,low_gamma,0.0433909817492327
47,validation,high,P7,low_gamma,0.062240735546261784
47,validation,high,O1,low_gamma,0.04033732750098755
47,validation,high,O2,low_gamma,0.08991947157708897
47,validation,high,P8,low_gamma,0.08244935172825191
47,validation,high,T8,low_gamma,0.03151214534871604
47,validation,high,FC6,low_gamma,0.07940707432986999
47,validation,high,F4,low_gamma,0.051757422860593344
47,validation,high,F8,low_gamma,0.08175994670257114
47,validation,high,AF4,low_gamma,0.04525181687869639
47,validation,low,AF3,delta,0.603221900562518
47,validation,low,F7,delta,0.6861249529751117
47,validation,low,F3,delta,0.5070694536575109
47,validation,low,FC5,delta,0.5339559963172013
47,validation,low,T7,delta,0.5275857393523169
47,validation,low,P7,delta,0.5414645256453562
47,validation,low,O1,delta,0.5078345584712737
47,validation,low,O2,delta,0.44960780298422504
47,validation,low,P8,delta,0.47523812120119835
47,validation,low,T8,delta,0.4892636560155263
47,validation,low,FC6,delta,0.5627276538567688
47,validation,low,F4,delta,0.5305247062047169
47,validation,low,F8,delta,0.6897009319958528
47,validation,low,AF4,delta,0.5363644493468193
47,validation,low,AF3,theta,0.15059064519952448
47,validation,low,F7,theta,0.12112189189434967
47,validation,low,F3,theta,0.1702164470827618
47,validation,low,FC5,theta,0.1532754281672531
47,validation,low,T7,theta,0.12952536764225578
47,validation,low,P7,theta,0.16683317959062796
47,validation,low,O1,theta,0.16290690619429996
47,validation,low,O2,theta,0.16019818879187375
47,validation,low,P8,theta,0.17273789955704347
47,validation,low,T8,theta,0.15990761671498874
47,validation,low,FC6,theta,0.1427649603259346
47,validation,low,F4,theta,0.16414126602925302
47,validation,low,F8,theta,0.1350653962442271
47,validation,low,AF4,theta,0.1637514818187662
47,validation,low,AF3,alpha,0.0733080270650412
47,validation,low,F7,alpha,0.05021699490297503
47,validation,low,F3,alpha,0.10118201018619698
47,validation,low,FC5,alpha,0.08391384976927153
47,validation,low,T7,alpha,0.07668407124813124
47,validation,low,P7,alpha,0.1000230834662684
47,validation,low,O1,alpha,0.10068013826642029
47,validation,low,O2,alpha,0.11824289154652079
47,validation,low,P8,alpha,0.11182641010346751
47,validation,low,T8,alpha,0.10747842400514493
47,validation,low,FC6,alpha,0.08663445168703177
47,validation,low,F4,alpha,0.09481626356462
47,validation,low,F8,alpha,0.05544130537056912
47,validation,low,AF4,alpha,0.09273164253785764
47,validation,low,AF3,beta,0.13949316413369373
47,validation,low,F7,beta,0.1079735053048209
47,validation,low,F3,beta,0.1752126612657604
47,validation,low,FC5,beta,0.17407406397624162
47,validation,low,T7,beta,0.19245051629518767
47,validation,low,P7,beta,0.14576082581105695
47,validation,low,O1,beta,0.1775195871582738
47,validation,low,O2,beta,0.21146951719572044
47,validation,low,P8,beta,0.19327914951021197
47,validation,low,T8,beta,0.19838479644235152
47,validation,low,FC6,beta,0.16869764522605032
47,validation,low,F4,beta,0.16904052672630676
47,validation,low,F8,beta,0.09887579147532748
47,validation,low,AF4,beta,0.166042613152879
47,validation,low,AF3,low_gamma,0.03338626303922239
47,validation,low,F7,low_gamma,0.03456265492274281
47,validation,low,F3,low_gamma,0.04631942780776999
47,validation,low,FC5,low_gamma,0.05478066177003242
47,validation,low,T7,low_gamma,0.07375430546210837
47,validation,low,P7,low_gamma,0.04591838548669046
47,validation,low,O1,low_gamma,0.051058809909732376
47,validation,low,O2,low_gamma,0.06048159948166005
47,validation,low,P8,low_gamma,0.04691841962807866
47,validation,low,T8,low_gamma,0.04496550682198838
47,validation,low,FC6,low_gamma,0.03917528890421451
47,validation,low,F4,low_gamma,0.04147723747510337
47,validation,low,F8,low_gamma,0.02091657491402369
47,validation,low,AF4,low_gamma,0.04110981314367785
48,train,high,AF3,delta,0.6252691479142237
48,train,high,F7,delta,0.7625351753247203
48,train,high,F3,delta,0.450955529594587
48,train,high,FC5,delta,0.5663447221764593
48,train,high,T7,delta,0.5975979926973007
48,train,high,P7,delta,0.4288872702058217
48,train,high,O1,delta,0.3872871223304885
48,train,high,O2,delta,0.44419563202689955
48,train,high,P8,delta,0.5170891842671516
48,train,high,T8,delta,0.6052772922263463
48,train,high,FC6,delta,0.6427580872059112
48,train,high,F4,delta,0.7442924327779696
48,train,high,F8,delta,0.7074901963956284
48,train,high,AF4,delta,0.662693500096007
48,train,high,AF3,theta,0.1494485345420716
48,train,high,F7,theta,0.1471614919680587
48,train,high,F3,theta,0.18507237425722642
48,train,high,FC5,theta,0.17076162795372873
48,train,high,T7,theta,0.15246826876521025
48,train,high,P7,theta,0.17763455572105538
48,train,high,O1,theta,0.18535086098525128
48,train,high,O2,theta,0.16698744566401566
48,train,high,P8,theta,0.16986003626794635
48,train,high,T8,theta,0.17459427395654314
48,train,high,FC6,theta,0.17781788807511442
48,train,high,F4,theta,0.12906192710521672
48,train,high,F8,theta,0.17203093448908596
48,train,high,AF4,theta,0.16815064062702917
48,train,high,AF3,alpha,0.10397194678892559
48,train,high,F7,alpha,0.0516031425181093
48,train,high,F3,alpha,0.17000606305748664
48,train,high,FC5,alpha,0.10531542527708078
48,train,high,T7,alpha,0.08511808011276518
48,train,high,P7,alpha,0.19338731244220797
48,train,high,O1,alpha,0.21628620113586108
48,train,high,O2,alpha,0.20335592444010986
48,train,high,P8,alpha,0.15776131933274373
48,train,high,T8,alpha,0.10874201948892498
48,train,high,FC6,alpha,0.1001348327010664
48,train,high,F4,alpha,0.07307810070287456
48,train,high,F8,alpha,0.07417633980915003
48,train,high,AF4,alpha,0.09269108033903153
48,train,high,AF3,beta,0.09004938816146324
48,train,high,F7,beta,0.03068328270070704
48,train,high,F3,beta,0.14422651231160513
48,train,high,FC5,beta,0.11187330020906786
48,train,high,T7,beta,0.12075053677917834
48,train,high,P7,beta,0.15544239148473343
48,train,high,O1,beta,0.16135175272855906
48,train,high,O2,beta,0.1474805294735388
48,train,high,P8,beta,0.12385307176962485
48,train,high,T8,beta,0.08801224334792379
48,train,high,FC6,beta,0.06201192903694274
48,train,high,F4,beta,0.04284580259780846
48,train,high,F8,beta,0.03759196911379903
48,train,high,AF4,beta,0.059721025068984634
48,train,high,AF3,low_gamma,0.03126098259331579
48,train,high,F7,low_gamma,0.008016907488404636
48,train,high,F3,low_gamma,0.04973952077909473
48,train,high,FC5,low_gamma,0.04570492438366341
48,train,high,T7,low_gamma,0.044065121645545456
48,train,high,P7,low_gamma,0.04464847014618158
48,train,high,O1,low_gamma,0.0497240628198401
48,train,high,O2,low_gamma,0.0379804683954361
48,train,high,P8,low_gamma,0.0314363883625336
48,train,high,T8,low_gamma,0.0233741709802617
48,train,high,FC6,low_gamma,0.017277262980965227
48,train,high,F4,low_gamma,0.010721736816130603
48,train,high,F8,low_gamma,0.008710560192336406
48,train,high,AF4,low_gamma,0.016743753868947765
48,train,low,AF3,delta,0.5648429413997352
48,train,low,F7,delta,0.7135939671879238
48,train,low,F3,delta,0.44931200230287266
48,train,low,FC5,delta,0.6055166218627445
48,train,low,T7,delta,0.5872586428828445
48,train,low,P7,delta,0.48560492220382523
48,train,low,O1,delta,0.5405614204096607
48,train,low,O2,delta,0.29462049686733616
48,train,low,P8,delta,0.3053546704169761
48,train,low,T8,delta,0.439586317334112
48,train,low,FC6,delta,0.4443537865461651
48,train,low,F4,delta,0.49419207977952995
48,train,low,F8,delta,0.7227513337108066
48,train,low,AF4,delta,0.5217311210671589
48,train,low,AF3,theta,0.1300109099758937
48,train,low,F7,theta,0.1354527187398199
48,train,low,F3,theta,0.14218479848497143
48,train,low,FC5,theta,0.146124322919107
48,train,low,T7,theta,0.15574891112453598
48,train,low,P7,theta,0.1389482036874617
48,train,low,O1,theta,0.09931464208466317
48,train,low,O2,theta,0.11795211289916517
48,train,low,P8,theta,0.1335486973286563
48,train,low,T8,theta,0.14311249134366885
48,train,low,FC6,theta,0.14814550392125173
48,train,low,F4,theta,0.1452159838003257
48,train,low,F8,theta,0.1292904969248215
48,train,low,AF4,theta,0.13494603582569314
48,train,low,AF3,alpha,0.16549270191645096
48,train,low,F7,alpha,0.09564505378324231
48,train,low,F3,alpha,0.22757394060215566
48,train,low,FC5,alpha,0.12620622896538947
48,train,low,T7,alpha,0.1191908645776859
48,train,low,P7,alpha,0.19197645272272537
48,train,low,O1,alpha,0.2430351689315591
48,train,low,O2,alpha,0.4034782146305837
48,train,low,P8,alpha,0.35140489626404897
48,train,low,T8,alpha,0.2634750888043319
48,train,low,FC6,alpha,0.24893884694715612
48,train,low,F4,alpha,0.22416854281409446
48,train,low,F8,alpha,0.09869685108057269
48,train,low,AF4,alpha,0.19528419961922547
48,train,low,AF3,beta,0.11204972525120534
48,train,low,F7,beta,0.04394645114940112
48,train,low,F3,beta,0.14035168037911266
48,train,low,FC5,beta,0.09315944963907669
48,train,low,T7,beta,0.102406766404187
48,train,low,P7,beta,0.14218199914500515
48,train,low,O1,beta,0.09269994420155134
48,train,low,O2,beta,0.1568232258832206
48,train,low,P8,beta,0.1765969546571074
48,train,low,T8,beta,0.12941007695645187
48,train,low,FC6,beta,0.12852746601927825
48,train,low,F4,beta,0.11185566789159958
48,train,low,F8,beta,0.04099050584566372
48,train,low,AF4,beta,0.11542864444179472
48,train,low,AF3,low_gamma,0.02760372145671462
48,train,low,F7,low_gamma,0.011361809139612879
48,train,low,F3,low_gamma,0.04057757823088767
48,train,low,FC5,low_gamma,0.028993376613682245
48,train,low,T7,low_gamma,0.035394815010746705
48,train,low,P7,low_gamma,0.04128842224098268
48,train,low,O1,low_gamma,0.024388824372565794
48,train,low,O2,low_gamma,0.027125949719694484
48,train,low,P8,low_gamma,0.03309478133321122
48,train,low,T8,low_gamma,0.024416025561435344
48,train,low,FC6,low_gamma,0.030034396566148758
48,train,low,F4,low_gamma,0.024567725714450307
48,train,low,F8,low_gamma,0.008270812438135591
48,train,low,AF4,low_gamma,0.03260999904612772
