subject,condition,label,window,recording
1,high,1,0,sub01_hi.txt
1,high,1,1,sub01_hi.txt
1,high,1,2,sub01_hi.txt
1,high,1,3,sub01_hi.txt
1,high,1,4,sub01_hi.txt
1,high,1,5,sub01_hi.txt
1,high,1,6,sub01_hi.txt
1,high,1,7,sub01_hi.txt
1,high,1,8,sub01_hi.txt
1,high,1,9,sub01_hi.txt
1,high,1,10,sub01_hi.txt
1,high,1,11,sub01_hi.txt
1,high,1,12,sub01_hi.txt
1,high,1,13,sub01_hi.txt
1,high,1,14,sub01_hi.txt
1,high,1,15,sub01_hi.txt
1,high,1,16,sub01_hi.txt
1,high,1,17,sub01_hi.txt
1,high,1,18,sub01_hi.txt
1,high,1,19,sub01_hi.txt
1,high,1,20,sub01_hi.txt
1,high,1,21,sub01_hi.txt
1,high,1,22,sub01_hi.txt
1,high,1,23,sub01_hi.txt
1,high,1,24,sub01_hi.txt
1,high,1,25,sub01_hi.txt
1,high,1,26,sub01_hi.txt
1,high,1,27,sub01_hi.txt
1,high,1,28,sub01_hi.txt
1,high,1,29,sub01_hi.txt
1,high,1,30,sub01_hi.txt
1,high,1,31,sub01_hi.txt
1,high,1,32,sub01_hi.txt
1,high,1,33,sub01_hi.txt
1,high,1,34,sub01_hi.txt
1,high,1,35,sub01_hi.txt
1,high,1,36,sub01_hi.txt
1,high,1,37,sub01_hi.txt
1,high,1,38,sub01_hi.txt
1,high,1,39,sub01_hi.txt
1,high,1,40,sub01_hi.txt
1,high,1,41,sub01_hi.txt
1,high,1,42,sub01_hi.txt
1,high,1,43,sub01_hi.txt
1,high,1,44,sub01_hi.txt
1,high,1,45,sub01_hi.txt
1,high,1,46,sub01_hi.txt
1,high,1,47,sub01_hi.txt
1,high,1,48,sub01_hi.txt
1,high,1,49,sub01_hi.txt
1,high,1,50,sub01_hi.txt
1,high,1,51,sub01_hi.txt
1,high,1,52,sub01_hi.txt
1,high,1,53,sub01_hi.txt
1,high,1,54,sub01_hi.txt
1,high,1,55,sub01_hi.txt
1,high,1,56,sub01_hi.txt
1,high,1,57,sub01_hi.txt
1,high,1,58,sub01_hi.txt
1,high,1,59,sub01_hi.txt
1,high,1,60,sub01_hi.txt
1,high,1,61,sub01_hi.txt
1,high,1,62,sub01_hi.txt
1,high,1,63,sub01_hi.txt
1,high,1,64,sub01_hi.txt
1,high,1,65,sub01_hi.txt
1,high,1,66,sub01_hi.txt
1,high,1,67,sub01_hi.txt
1,high,1,68,sub01_hi.txt
1,high,1,69,sub01_hi.txt
1,high,1,70,sub01_hi.txt
1,high,1,71,sub01_hi.txt
1,high,1,72,sub01_hi.txt
1,high,1,73,sub01_hi.txt
1,low,0,0,sub01_lo.txt
1,low,0,1,sub01_lo.txt
1,low,0,2,sub01_lo.txt
1,low,0,3,sub01_lo.txt
1,low,0,4,sub01_lo.txt
1,low,0,5,sub01_lo.txt
1,low,0,6,sub01_lo.txt
1,low,0,7,sub01_lo.txt
1,low,0,8,sub01_lo.txt
1,low,0,9,sub01_lo.txt
1,low,0,10,sub01_lo.txt
1,low,0,11,sub01_lo.txt
1,low,0,12,sub01_lo.txt
1,low,0,13,sub01_lo.txt
1,low,0,14,sub01_lo.txt
1,low,0,15,sub01_lo.txt
1,low,0,16,sub01_lo.txt
1,low,0,17,sub01_lo.txt
1,low,0,18,sub01_lo.txt
1,low,0,19,sub01_lo.txt
1,low,0,20,sub01_lo.txt
1,low,0,21,sub01_lo.txt
1,low,0,22,sub01_lo.txt
1,low,0,23,sub01_lo.txt
1,low,0,24,sub01_lo.txt
1,low,0,25,sub01_lo.txt
1,low,0,26,sub01_lo.txt
1,low,0,27,sub01_lo.txt
1,low,0,28,sub01_lo.txt
1,low,0,29,sub01_lo.txt
1,low,0,30,sub01_lo.txt
1,low,0,31,sub01_lo.txt
1,low,0,32,sub01_lo.txt
1,low,0,33,sub01_lo.txt
1,low,0,34,sub01_lo.txt
1,low,0,35,sub01_lo.txt
1,low,0,36,sub01_lo.txt
1,low,0,37,sub01_lo.txt
1,low,0,38,sub01_lo.txt
1,low,0,39,sub01_lo.txt
1,low,0,40,sub01_lo.txt
1,low,0,41,sub01_lo.txt
1,low,0,42,sub01_lo.txt
1,low,0,43,sub01_lo.txt
1,low,0,44,sub01_lo.txt
1,low,0,45,sub01_lo.txt
1,low,0,46,sub01_lo.txt
1,low,0,47,sub01_lo.txt
1,low,0,48,sub01_lo.txt
1,low,0,49,sub01_lo.txt
1,low,0,50,sub01_lo.txt
1,low,0,51,sub01_lo.txt
1,low,0,52,sub01_lo.txt
1,low,0,53,sub01_lo.txt
1,low,0,54,sub01_lo.txt
1,low,0,55,sub01_lo.txt
1,low,0,56,sub01_lo.txt
1,low,0,57,sub01_lo.txt
1,low,0,58,sub01_lo.txt
1,low,0,59,sub01_lo.txt
1,low,0,60,sub01_lo.txt
1,low,0,61,sub01_lo.txt
1,low,0,62,sub01_lo.txt
1,low,0,63,sub01_lo.txt
1,low,0,64,sub01_lo.txt
1,low,0,65,sub01_lo.txt
1,low,0,66,sub01_lo.txt
1,low,0,67,sub01_lo.txt
1,low,0,68,sub01_lo.txt
1,low,0,69,sub01_lo.txt
1,low,0,70,sub01_lo.txt
1,low,0,71,sub01_lo.txt
1,low,0,72,sub01_lo.txt
1,low,0,73,sub01_lo.txt
2,high,1,0,sub02_hi.txt
2,high,1,1,sub02_hi.txt
2,high,1,2,sub02_hi.txt
2,high,1,3,sub02_hi.txt
2,high,1,4,sub02_hi.txt
2,high,1,5,sub02_hi.txt
2,high,1,6,sub02_hi.txt
2,high,1,7,sub02_hi.txt
2,high,1,8,sub02_hi.txt
2,high,1,9,sub02_hi.txt
2,high,1,10,sub02_hi.txt
2,high,1,11,sub02_hi.txt
2,high,1,12,sub02_hi.txt
2,high,1,13,sub02_hi.txt
2,high,1,14,sub02_hi.txt
2,high,1,15,sub02_hi.txt
2,high,1,16,sub02_hi.txt
2,high,1,17,sub02_hi.txt
2,high,1,18,sub02_hi.txt
2,high,1,19,sub02_hi.txt
2,high,1,20,sub02_hi.txt
2,high,1,21,sub02_hi.txt
2,high,1,22,sub02_hi.txt
2,high,1,23,sub02_hi.txt
2,high,1,24,sub02_hi.txt
2,high,1,25,sub02_hi.txt
2,high,1,26,sub02_hi.txt
2,high,1,27,sub02_hi.txt
2,high,1,28,sub02_hi.txt
2,high,1,29,sub02_hi.txt
2,high,1,30,sub02_hi.txt
2,high,1,31,sub02_hi.txt
2,high,1,32,sub02_hi.txt
2,high,1,33,sub02_hi.txt
2,high,1,34,sub02_hi.txt
2,high,1,35,sub02_hi.txt
2,high,1,36,sub02_hi.txt
2,high,1,37,sub02_hi.txt
2,high,1,38,sub02_hi.txt
2,high,1,39,sub02_hi.txt
2,high,1,40,sub02_hi.txt
2,high,1,41,sub02_hi.txt
2,high,1,42,sub02_hi.txt
2,high,1,43,sub02_hi.txt
2,high,1,44,sub02_hi.txt
2,high,1,45,sub02_hi.txt
2,high,1,46,sub02_hi.txt
2,high,1,47,sub02_hi.txt
2,high,1,48,sub02_hi.txt
2,high,1,49,sub02_hi.txt
2,high,1,50,sub02_hi.txt
2,high,1,51,sub02_hi.txt
2,high,1,52,sub02_hi.txt
2,high,1,53,sub02_hi.txt
2,high,1,54,sub02_hi.txt
2,high,1,55,sub02_hi.txt
2,high,1,56,sub02_hi.txt
2,high,1,57,sub02_hi.txt
2,high,1,58,sub02_hi.txt
2,high,1,59,sub02_hi.txt
2,high,1,60,sub02_hi.txt
2,high,1,61,sub02_hi.txt
2,high,1,62,sub02_hi.txt
2,high,1,63,sub02_hi.txt
2,high,1,64,sub02_hi.txt
2,high,1,65,sub02_hi.txt
2,high,1,66,sub02_hi.txt
2,high,1,67,sub02_hi.txt
2,high,1,68,sub02_hi.txt
2,high,1,69,sub02_hi.txt
2,high,1,70,sub02_hi.txt
2,high,1,71,sub02_hi.txt
2,high,1,72,sub02_hi.txt
2,high,1,73,sub02_hi.txt
2,low,0,0,sub02_lo.txt
2,low,0,1,sub02_lo.txt
2,low,0,2,sub02_lo.txt
2,low,0,3,sub02_lo.txt
2,low,0,4,sub02_lo.txt
2,low,0,5,sub02_lo.txt
2,low,0,6,sub02_lo.txt
2,low,0,7,sub02_lo.txt
2,low,0,8,sub02_lo.txt
2,low,0,9,sub02_lo.txt
2,low,0,10,sub02_lo.txt
2,low,0,11,sub02_lo.txt
2,low,0,12,sub02_lo.txt
2,low,0,13,sub02_lo.txt
2,low,0,14,sub02_lo.txt
2,low,0,15,sub02_lo.txt
2,low,0,16,sub02_lo.txt
2,low,0,17,sub02_lo.txt
2,low,0,18,sub02_lo.txt
2,low,0,19,sub02_lo.txt
2,low,0,20,sub02_lo.txt
2,low,0,21,sub02_lo.txt
2,low,0,22,sub02_lo.txt
2,low,0,23,sub02_lo.txt
2,low,0,24,sub02_lo.txt
2,low,0,25,sub02_lo.txt
2,low,0,26,sub02_lo.txt
2,low,0,27,sub02_lo.txt
2,low,0,28,sub02_lo.txt
2,low,0,29,sub02_lo.txt
2,low,0,30,sub02_lo.txt
2,low,0,31,sub02_lo.txt
2,low,0,32,sub02_lo.txt
2,low,0,33,sub02_lo.txt
2,low,0,34,sub02_lo.txt
2,low,0,35,sub02_lo.txt
2,low,0,36,sub02_lo.txt
2,low,0,37,sub02_lo.txt
2,low,0,38,sub02_lo.txt
2,low,0,39,sub02_lo.txt
2,low,0,40,sub02_lo.txt
2,low,0,41,sub02_lo.txt
2,low,0,42,sub02_lo.txt
2,low,0,43,sub02_lo.txt
2,low,0,44,sub02_lo.txt
2,low,0,45,sub02_lo.txt
2,low,0,46,sub02_lo.txt
2,low,0,47,sub02_lo.txt
2,low,0,48,sub02_lo.txt
2,low,0,49,sub02_lo.txt
2,low,0,50,sub02_lo.txt
2,low,0,51,sub02_lo.txt
2,low,0,52,sub02_lo.txt
2,low,0,53,sub02_lo.txt
2,low,0,54,sub02_lo.txt
2,low,0,55,sub02_lo.txt
2,low,0,56,sub02_lo.txt
2,low,0,57,sub02_lo.txt
2,low,0,58,sub02_lo.txt
2,low,0,59,sub02_lo.txt
2,low,0,60,sub02_lo.txt
2,low,0,61,sub02_lo.txt
2,low,0,62,sub02_lo.txt
2,low,0,63,sub02_lo.txt
2,low,0,64,sub02_lo.txt
2,low,0,65,sub02_lo.txt
2,low,0,66,sub02_lo.txt
2,low,0,67,sub02_lo.txt
2,low,0,68,sub02_lo.txt
2,low,0,69,sub02_lo.txt
2,low,0,70,sub02_lo.txt
2,low,0,71,sub02_lo.txt
2,low,0,72,sub02_lo.txt
2,low,0,73,sub02_lo.txt
3,high,1,0,sub03_hi.txt
3,high,1,1,sub03_hi.txt
3,high,1,2,sub03_hi.txt
3,high,1,3,sub03_hi.txt
3,high,1,4,sub03_hi.txt
3,high,1,5,sub03_hi.txt
3,high,1,6,sub03_hi.txt
3,high,1,7,sub03_hi.txt
3,high,1,8,sub03_hi.txt
3,high,1,9,sub03_hi.txt
3,high,1,10,sub03_hi.txt
3,high,1,11,sub03_hi.txt
3,high,1,12,sub03_hi.txt
3,high,1,13,sub03_hi.txt
3,high,1,14,sub03_hi.txt
3,high,1,15,sub03_hi.txt
3,high,1,16,sub03_hi.txt
3,high,1,17,sub03_hi.txt
3,high,1,18,sub03_hi.txt
3,high,1,19,sub03_hi.txt
3,high,1,20,sub03_hi.txt
3,high,1,21,sub03_hi.txt
3,high,1,22,sub03_hi.txt
3,high,1,23,sub03_hi.txt
3,high,1,24,sub03_hi.txt
3,high,1,25,sub03_hi.txt
3,high,1,26,sub03_hi.txt
3,high,1,27,sub03_hi.txt
3,high,1,28,sub03_hi.txt
3,high,1,29,sub03_hi.txt
3,high,1,30,sub03_hi.txt
3,high,1,31,sub03_hi.txt
3,high,1,32,sub03_hi.txt
3,high,1,33,sub03_hi.txt
3,high,1,34,sub03_hi.txt
3,high,1,35,sub03_hi.txt
3,high,1,36,sub03_hi.txt
3,high,1,37,sub03_hi.txt
3,high,1,38,sub03_hi.txt
3,high,1,39,sub03_hi.txt
3,high,1,40,sub03_hi.txt
3,high,1,41,sub03_hi.txt
3,high,1,42,sub03_hi.txt
3,high,1,43,sub03_hi.txt
3,high,1,44,sub03_hi.txt
3,high,1,45,sub03_hi.txt
3,high,1,46,sub03_hi.txt
3,high,1,47,sub03_hi.txt
3,high,1,48,sub03_hi.txt
3,high,1,49,sub03_hi.txt
3,high,1,50,sub03_hi.txt
3,high,1,51,sub03_hi.txt
3,high,1,52,sub03_hi.txt
3,high,1,53,sub03_hi.txt
3,high,1,54,sub03_hi.txt
3,high,1,55,sub03_hi.txt
3,high,1,56,sub03_hi.txt
3,high,1,57,sub03_hi.txt
3,high,1,58,sub03_hi.txt
3,high,1,59,sub03_hi.txt
3,high,1,60,sub03_hi.txt
3,high,1,61,sub03_hi.txt
3,high,1,62,sub03_hi.txt
3,high,1,63,sub03_hi.txt
3,high,1,64,sub03_hi.txt
3,high,1,65,sub03_hi.txt
3,high,1,66,sub03_hi.txt
3,high,1,67,sub03_hi.txt
3,high,1,68,sub03_hi.txt
3,high,1,69,sub03_hi.txt
3,high,1,70,sub03_hi.txt
3,high,1,71,sub03_hi.txt
3,high,1,72,sub03_hi.txt
3,high,1,73,sub03_hi.txt
3,low,0,0,sub03_lo.txt
3,low,0,1,sub03_lo.txt
3,low,0,2,sub03_lo.txt
3,low,0,3,sub03_lo.txt
3,low,0,4,sub03_lo.txt
3,low,0,5,sub03_lo.txt
3,low,0,6,sub03_lo.txt
3,low,0,7,sub03_lo.txt
3,low,0,8,sub03_lo.txt
3,low,0,9,sub03_lo.txt
3,low,0,10,sub03_lo.txt
3,low,0,11,sub03_lo.txt
3,low,0,12,sub03_lo.txt
3,low,0,13,sub03_lo.txt
3,low,0,14,sub03_lo.txt
3,low,0,15,sub03_lo.txt
3,low,0,16,sub03_lo.txt
3,low,0,17,sub03_lo.txt
3,low,0,18,sub03_lo.txt
3,low,0,19,sub03_lo.txt
3,low,0,20,sub03_lo.txt
3,low,0,21,sub03_lo.txt
3,low,0,22,sub03_lo.txt
3,low,0,23,sub03_lo.txt
3,low,0,24,sub03_lo.txt
3,low,0,25,sub03_lo.txt
3,low,0,26,sub03_lo.txt
3,low,0,27,sub03_lo.txt
3,low,0,28,sub03_lo.txt
3,low,0,29,sub03_lo.txt
3,low,0,30,sub03_lo.txt
3,low,0,31,sub03_lo.txt
3,low,0,32,sub03_lo.txt
3,low,0,33,sub03_lo.txt
3,low,0,34,sub03_lo.txt
3,low,0,35,sub03_lo.txt
3,low,0,36,sub03_lo.txt
3,low,0,37,sub03_lo.txt
3,low,0,38,sub03_lo.txt
3,low,0,39,sub03_lo.txt
3,low,0,40,sub03_lo.txt
3,low,0,41,sub03_lo.txt
3,low,0,42,sub03_lo.txt
3,low,0,43,sub03_lo.txt
3,low,0,44,sub03_lo.txt
3,low,0,45,sub03_lo.txt
3,low,0,46,sub03_lo.txt
3,low,0,47,sub03_lo.txt
3,low,0,48,sub03_lo.txt
3,low,0,49,sub03_lo.txt
3,low,0,50,sub03_lo.txt
3,low,0,51,sub03_lo.txt
3,low,0,52,sub03_lo.txt
3,low,0,53,sub03_lo.txt
3,low,0,54,sub03_lo.txt
3,low,0,55,sub03_lo.txt
3,low,0,56,sub03_lo.txt
3,low,0,57,sub03_lo.txt
3,low,0,58,sub03_lo.txt
3,low,0,59,sub03_lo.txt
3,low,0,60,sub03_lo.txt
3,low,0,61,sub03_lo.txt
3,low,0,62,sub03_lo.txt
3,low,0,63,sub03_lo.txt
3,low,0,64,sub03_lo.txt
3,low,0,65,sub03_lo.txt
3,low,0,66,sub03_lo.txt
3,low,0,67,sub03_lo.txt
3,low,0,68,sub03_lo.txt
3,low,0,69,sub03_lo.txt
3,low,0,70,sub03_lo.txt
3,low,0,71,sub03_lo.txt
3,low,0,72,sub03_lo.txt
3,low,0,73,sub03_lo.txt
4,high,1,0,sub04_hi.txt
4,high,1,1,sub04_hi.txt
4,high,1,2,sub04_hi.txt
4,high,1,3,sub04_hi.txt
4,high,1,4,sub04_hi.txt
4,high,1,5,sub04_hi.txt
4,high,1,6,sub04_hi.txt
4,high,1,7,sub04_hi.txt
4,high,1,8,sub04_hi.txt
4,high,1,9,sub04_hi.txt
4,high,1,10,sub04_hi.txt
4,high,1,11,sub04_hi.txt
4,high,1,12,sub04_hi.txt
4,high,1,13,sub04_hi.txt
4,high,1,14,sub04_hi.txt
4,high,1,15,sub04_hi.txt
4,high,1,16,sub04_hi.txt
4,high,1,17,sub04_hi.txt
4,high,1,18,sub04_hi.txt
4,high,1,19,sub04_hi.txt
4,high,1,20,sub04_hi.txt
4,high,1,21,sub04_hi.txt
4,high,1,22,sub04_hi.txt
4,high,1,23,sub04_hi.txt
4,high,1,24,sub04_hi.txt
4,high,1,25,sub04_hi.txt
4,high,1,26,sub04_hi.txt
4,high,1,27,sub04_hi.txt
4,high,1,28,sub04_hi.txt
4,high,1,29,sub04_hi.txt
4,high,1,30,sub04_hi.txt
4,high,1,31,sub04_hi.txt
4,high,1,32,sub04_hi.txt
4,high,1,33,sub04_hi.txt
4,high,1,34,sub04_hi.txt
4,high,1,35,sub04_hi.txt
4,high,1,36,sub04_hi.txt
4,high,1,37,sub04_hi.txt
4,high,1,38,sub04_hi.txt
4,high,1,39,sub04_hi.txt
4,high,1,40,sub04_hi.txt
4,high,1,41,sub04_hi.txt
4,high,1,42,sub04_hi.txt
4,high,1,43,sub04_hi.txt
4,high,1,44,sub04_hi.txt
4,high,1,45,sub04_hi.txt
4,high,1,46,sub04_hi.txt
4,high,1,47,sub04_hi.txt
4,high,1,48,sub04_hi.txt
4,high,1,49,sub04_hi.txt
4,high,1,50,sub04_hi.txt
4,high,1,51,sub04_hi.txt
4,high,1,52,sub04_hi.txt
4,high,1,53,sub04_hi.txt
4,high,1,54,sub04_hi.txt
4,high,1,55,sub04_hi.txt
4,high,1,56,sub04_hi.txt
4,high,1,57,sub04_hi.txt
4,high,1,58,sub04_hi.txt
4,high,1,59,sub04_hi.txt
4,high,1,60,sub04_hi.txt
4,high,1,61,sub04_hi.txt
4,high,1,62,sub04_hi.txt
4,high,1,63,sub04_hi.txt
4,high,1,64,sub04_hi.txt
4,high,1,65,sub04_hi.txt
4,high,1,66,sub04_hi.txt
4,high,1,67,sub04_hi.txt
4,high,1,68,sub04_hi.txt
4,high,1,69,sub04_hi.txt
4,high,1,70,sub04_hi.txt
4,high,1,71,sub04_hi.txt
4,high,1,72,sub04_hi.txt
4,high,1,73,sub04_hi.txt
4,low,0,0,sub04_lo.txt
4,low,0,1,sub04_lo.txt
4,low,0,2,sub04_lo.txt
4,low,0,3,sub04_lo.txt
4,low,0,4,sub04_lo.txt
4,low,0,5,sub04_lo.txt
4,low,0,6,sub04_lo.txt
4,low,0,7,sub04_lo.txt
4,low,0,8,sub04_lo.txt
4,low,0,9,sub04_lo.txt
4,low,0,10,sub04_lo.txt
4,low,0,11,sub04_lo.txt
4,low,0,12,sub04_lo.txt
4,low,0,13,sub04_lo.txt
4,low,0,14,sub04_lo.txt
4,low,0,15,sub04_lo.txt
4,low,0,16,sub04_lo.txt
4,low,0,17,sub04_lo.txt
4,low,0,18,sub04_lo.txt
4,low,0,19,sub04_lo.txt
4,low,0,20,sub04_lo.txt
4,low,0,21,sub04_lo.txt
4,low,0,22,sub04_lo.txt
4,low,0,23,sub04_lo.txt
4,low,0,24,sub04_lo.txt
4,low,0,25,sub04_lo.txt
4,low,0,26,sub04_lo.txt
4,low,0,27,sub04_lo.txt
4,low,0,28,sub04_lo.txt
4,low,0,29,sub04_lo.txt
4,low,0,30,sub04_lo.txt
4,low,0,31,sub04_lo.txt
4,low,0,32,sub04_lo.txt
4,low,0,33,sub04_lo.txt
4,low,0,34,sub04_lo.txt
4,low,0,35,sub04_lo.txt
4,low,0,36,sub04_lo.txt
4,low,0,37,sub04_lo.txt
4,low,0,38,sub04_lo.txt
4,low,0,39,sub04_lo.txt
4,low,0,40,sub04_lo.txt
4,low,0,41,sub04_lo.txt
4,low,0,42,sub04_lo.txt
4,low,0,43,sub04_lo.txt
4,low,0,44,sub04_lo.txt
4,low,0,45,sub04_lo.txt
4,low,0,46,sub04_lo.txt
4,low,0,47,sub04_lo.txt
4,low,0,48,sub04_lo.txt
4,low,0,49,sub04_lo.txt
4,low,0,50,sub04_lo.txt
4,low,0,51,sub04_lo.txt
4,low,0,52,sub04_lo.txt
4,low,0,53,sub04_lo.txt
4,low,0,54,sub04_lo.txt
4,low,0,55,sub04_lo.txt
4,low,0,56,sub04_lo.txt
4,low,0,57,sub04_lo.txt
4,low,0,58,sub04_lo.txt
4,low,0,59,sub04_lo.txt
4,low,0,60,sub04_lo.txt
4,low,0,61,sub04_lo.txt
4,low,0,62,sub04_lo.txt
4,low,0,63,sub04_lo.txt
4,low,0,64,sub04_lo.txt
4,low,0,65,sub04_lo.txt
4,low,0,66,sub04_lo.txt
4,low,0,67,sub04_lo.txt
4,low,0,68,sub04_lo.txt
4,low,0,69,sub04_lo.txt
4,low,0,70,sub04_lo.txt
4,low,0,71,sub04_lo.txt
4,low,0,72,sub04_lo.txt
4,low,0,73,sub04_lo.txt
5,high,1,0,sub05_hi.txt
5,high,1,1,sub05_hi.txt
5,high,1,2,sub05_hi.txt
5,high,1,3,sub05_hi.txt
5,high,1,4,sub05_hi.txt
5,high,1,5,sub05_hi.txt
5,high,1,6,sub05_hi.txt
5,high,1,7,sub05_hi.txt
5,high,1,8,sub05_hi.txt
5,high,1,9,sub05_hi.txt
5,high,1,10,sub05_hi.txt
5,high,1,11,sub05_hi.txt
5,high,1,12,sub05_hi.txt
5,high,1,13,sub05_hi.txt
5,high,1,14,sub05_hi.txt
5,high,1,15,sub05_hi.txt
5,high,1,16,sub05_hi.txt
5,high,1,17,sub05_hi.txt
5,high,1,18,sub05_hi.txt
5,high,1,19,sub05_hi.txt
5,high,1,20,sub05_hi.txt
5,high,1,21,sub05_hi.txt
5,high,1,22,sub05_hi.txt
5,high,1,23,sub05_hi.txt
5,high,1,24,sub05_hi.txt
5,high,1,25,sub05_hi.txt
5,high,1,26,sub05_hi.txt
5,high,1,27,sub05_hi.txt
5,high,1,28,sub05_hi.txt
5,high,1,29,sub05_hi.txt
5,high,1,30,sub05_hi.txt
5,high,1,31,sub05_hi.txt
5,high,1,32,sub05_hi.txt
5,high,1,33,sub05_hi.txt
5,high,1,34,sub05_hi.txt
5,high,1,35,sub05_hi.txt
5,high,1,36,sub05_hi.txt
5,high,1,37,sub05_hi.txt
5,high,1,38,sub05_hi.txt
5,high,1,39,sub05_hi.txt
5,high,1,40,sub05_hi.txt
5,high,1,41,sub05_hi.txt
5,high,1,42,sub05_hi.txt
5,high,1,43,sub05_hi.txt
5,high,1,44,sub05_hi.txt
5,high,1,45,sub05_hi.txt
5,high,1,46,sub05_hi.txt
5,high,1,47,sub05_hi.txt
5,high,1,48,sub05_hi.txt
5,high,1,49,sub05_hi.txt
5,high,1,50,sub05_hi.txt
5,high,1,51,sub05_hi.txt
5,high,1,52,sub05_hi.txt
5,high,1,53,sub05_hi.txt
5,high,1,54,sub05_hi.txt
5,high,1,55,sub05_hi.txt
5,high,1,56,sub05_hi.txt
5,high,1,57,sub05_hi.txt
5,high,1,58,sub05_hi.txt
5,high,1,59,sub05_hi.txt
5,high,1,60,sub05_hi.txt
5,high,1,61,sub05_hi.txt
5,high,1,62,sub05_hi.txt
5,high,1,63,sub05_hi.txt
5,high,1,64,sub05_hi.txt
5,high,1,65,sub05_hi.txt
5,high,1,66,sub05_hi.txt
5,high,1,67,sub05_hi.txt
5,high,1,68,sub05_hi.txt
5,high,1,69,sub05_hi.txt
5,high,1,70,sub05_hi.txt
5,high,1,71,sub05_hi.txt
5,high,1,72,sub05_hi.txt
5,high,1,73,sub05_hi.txt
5,low,0,0,sub05_lo.txt
5,low,0,1,sub05_lo.txt
5,low,0,2,sub05_lo.txt
5,low,0,3,sub05_lo.txt
5,low,0,4,sub05_lo.txt
5,low,0,5,sub05_lo.txt
5,low,0,6,sub05_lo.txt
5,low,0,7,sub05_lo.txt
5,low,0,8,sub05_lo.txt
5,low,0,9,sub05_lo.txt
5,low,0,10,sub05_lo.txt
5,low,0,11,sub05_lo.txt
5,low,0,12,sub05_lo.txt
5,low,0,13,sub05_lo.txt
5,low,0,14,sub05_lo.txt
5,low,0,15,sub05_lo.txt
5,low,0,16,sub05_lo.txt
5,low,0,17,sub05_lo.txt
5,low,0,18,sub05_lo.txt
5,low,0,19,sub05_lo.txt
5,low,0,20,sub05_lo.txt
5,low,0,21,sub05_lo.txt
5,low,0,22,sub05_lo.txt
5,low,0,23,sub05_lo.txt
5,low,0,24,sub05_lo.txt
5,low,0,25,sub05_lo.txt
5,low,0,26,sub05_lo.txt
5,low,0,27,sub05_lo.txt
5,low,0,28,sub05_lo.txt
5,low,0,29,sub05_lo.txt
5,low,0,30,sub05_lo.txt
5,low,0,31,sub05_lo.txt
5,low,0,32,sub05_lo.txt
5,low,0,33,sub05_lo.txt
5,low,0,34,sub05_lo.txt
5,low,0,35,sub05_lo.txt
5,low,0,36,sub05_lo.txt
5,low,0,37,sub05_lo.txt
5,low,0,38,sub05_lo.txt
5,low,0,39,sub05_lo.txt
5,low,0,40,sub05_lo.txt
5,low,0,41,sub05_lo.txt
5,low,0,42,sub05_lo.txt
5,low,0,43,sub05_lo.txt
5,low,0,44,sub05_lo.txt
5,low,0,45,sub05_lo.txt
5,low,0,46,sub05_lo.txt
5,low,0,47,sub05_lo.txt
5,low,0,48,sub05_lo.txt
5,low,0,49,sub05_lo.txt
5,low,0,50,sub05_lo.txt
5,low,0,51,sub05_lo.txt
5,low,0,52,sub05_lo.txt
5,low,0,53,sub05_lo.txt
5,low,0,54,sub05_lo.txt
5,low,0,55,sub05_lo.txt
5,low,0,56,sub05_lo.txt
5,low,0,57,sub05_lo.txt
5,low,0,58,sub05_lo.txt
5,low,0,59,sub05_lo.txt
5,low,0,60,sub05_lo.txt
5,low,0,61,sub05_lo.txt
5,low,0,62,sub05_lo.txt
5,low,0,63,sub05_lo.txt
5,low,0,64,sub05_lo.txt
5,low,0,65,sub05_lo.txt
5,low,0,66,sub05_lo.txt
5,low,0,67,sub05_lo.txt
5,low,0,68,sub05_lo.txt
5,low,0,69,sub05_lo.txt
5,low,0,70,sub05_lo.txt
5,low,0,71,sub05_lo.txt
5,low,0,72,sub05_lo.txt
5,low,0,73,sub05_lo.txt
6,high,1,0,sub06_hi.txt
6,high,1,1,sub06_hi.txt
6,high,1,2,sub06_hi.txt
6,high,1,3,sub06_hi.txt
6,high,1,4,sub06_hi.txt
6,high,1,5,sub06_hi.txt
6,high,1,6,sub06_hi.txt
6,high,1,7,sub06_hi.txt
6,high,1,8,sub06_hi.txt
6,high,1,9,sub06_hi.txt
6,high,1,10,sub06_hi.txt
6,high,1,11,sub06_hi.txt
6,high,1,12,sub06_hi.txt
6,high,1,13,sub06_hi.txt
6,high,1,14,sub06_hi.txt
6,high,1,15,sub06_hi.txt
6,high,1,16,sub06_hi.txt
6,high,1,17,sub06_hi.txt
6,high,1,18,sub06_hi.txt
6,high,1,19,sub06_hi.txt
6,high,1,20,sub06_hi.txt
6,high,1,21,sub06_hi.txt
6,high,1,22,sub06_hi.txt
6,high,1,23,sub06_hi.txt
6,high,1,24,sub06_hi.txt
6,high,1,25,sub06_hi.txt
6,high,1,26,sub06_hi.txt
6,high,1,27,sub06_hi.txt
6,high,1,28,sub06_hi.txt
6,high,1,29,sub06_hi.txt
6,high,1,30,sub06_hi.txt
6,high,1,31,sub06_hi.txt
6,high,1,32,sub06_hi.txt
6,high,1,33,sub06_hi.txt
6,high,1,34,sub06_hi.txt
6,high,1,35,sub06_hi.txt
6,high,1,36,sub06_hi.txt
6,high,1,37,sub06_hi.txt
6,high,1,38,sub06_hi.txt
6,high,1,39,sub06_hi.txt
6,high,1,40,sub06_hi.txt
6,high,1,41,sub06_hi.txt
6,high,1,42,sub06_hi.txt
6,high,1,43,sub06_hi.txt
6,high,1,44,sub06_hi.txt
6,high,1,45,sub06_hi.txt
6,high,1,46,sub06_hi.txt
6,high,1,47,sub06_hi.txt
6,high,1,48,sub06_hi.txt
6,high,1,49,sub06_hi.txt
6,high,1,50,sub06_hi.txt
6,high,1,51,sub06_hi.txt
6,high,1,52,sub06_hi.txt
6,high,1,53,sub06_hi.txt
6,high,1,54,sub06_hi.txt
6,high,1,55,sub06_hi.txt
6,high,1,56,sub06_hi.txt
6,high,1,57,sub06_hi.txt
6,high,1,58,sub06_hi.txt
6,high,1,59,sub06_hi.txt
6,high,1,60,sub06_hi.txt
6,high,1,61,sub06_hi.txt
6,high,1,62,sub06_hi.txt
6,high,1,63,sub06_hi.txt
6,high,1,64,sub06_hi.txt
6,high,1,65,sub06_hi.txt
6,high,1,66,sub06_hi.txt
6,high,1,67,sub06_hi.txt
6,high,1,68,sub06_hi.txt
6,high,1,69,sub06_hi.txt
6,high,1,70,sub06_hi.txt
6,high,1,71,sub06_hi.txt
6,high,1,72,sub06_hi.txt
6,high,1,73,sub06_hi.txt
6,low,0,0,sub06_lo.txt
6,low,0,1,sub06_lo.txt
6,low,0,2,sub06_lo.txt
6,low,0,3,sub06_lo.txt
6,low,0,4,sub06_lo.txt
6,low,0,5,sub06_lo.txt
6,low,0,6,sub06_lo.txt
6,low,0,7,sub06_lo.txt
6,low,0,8,sub06_lo.txt
6,low,0,9,sub06_lo.txt
6,low,0,10,sub06_lo.txt
6,low,0,11,sub06_lo.txt
6,low,0,12,sub06_lo.txt
6,low,0,13,sub06_lo.txt
6,low,0,14,sub06_lo.txt
6,low,0,15,sub06_lo.txt
6,low,0,16,sub06_lo.txt
6,low,0,17,sub06_lo.txt
6,low,0,18,sub06_lo.txt
6,low,0,19,sub06_lo.txt
6,low,0,20,sub06_lo.txt
6,low,0,21,sub06_lo.txt
6,low,0,22,sub06_lo.txt
6,low,0,23,sub06_lo.txt
6,low,0,24,sub06_lo.txt
6,low,0,25,sub06_lo.txt
6,low,0,26,sub06_lo.txt
6,low,0,27,sub06_lo.txt
6,low,0,28,sub06_lo.txt
6,low,0,29,sub06_lo.txt
6,low,0,30,sub06_lo.txt
6,low,0,31,sub06_lo.txt
6,low,0,32,sub06_lo.txt
6,low,0,33,sub06_lo.txt
6,low,0,34,sub06_lo.txt
6,low,0,35,sub06_lo.txt
6,low,0,36,sub06_lo.txt
6,low,0,37,sub06_lo.txt
6,low,0,38,sub06_lo.txt
6,low,0,39,sub06_lo.txt
6,low,0,40,sub06_lo.txt
6,low,0,41,sub06_lo.txt
6,low,0,42,sub06_lo.txt
6,low,0,43,sub06_lo.txt
6,low,0,44,sub06_lo.txt
6,low,0,45,sub06_lo.txt
6,low,0,46,sub06_lo.txt
6,low,0,47,sub06_lo.txt
6,low,0,48,sub06_lo.txt
6,low,0,49,sub06_lo.txt
6,low,0,50,sub06_lo.txt
6,low,0,51,sub06_lo.txt
6,low,0,52,sub06_lo.txt
6,low,0,53,sub06_lo.txt
6,low,0,54,sub06_lo.txt
6,low,0,55,sub06_lo.txt
6,low,0,56,sub06_lo.txt
6,low,0,57,sub06_lo.txt
6,low,0,58,sub06_lo.txt
6,low,0,59,sub06_lo.txt
6,low,0,60,sub06_lo.txt
6,low,0,61,sub06_lo.txt
6,low,0,62,sub06_lo.txt
6,low,0,63,sub06_lo.txt
6,low,0,64,sub06_lo.txt
6,low,0,65,sub06_lo.txt
6,low,0,66,sub06_lo.txt
6,low,0,67,sub06_lo.txt
6,low,0,68,sub06_lo.txt
6,low,0,69,sub06_lo.txt
6,low,0,70,sub06_lo.txt
6,low,0,71,sub06_lo.txt
6,low,0,72,sub06_lo.txt
6,low,0,73,sub06_lo.txt
7,high,1,0,sub07_hi.txt
7,high,1,1,sub07_hi.txt
7,high,1,2,sub07_hi.txt
7,high,1,3,sub07_hi.txt
7,high,1,4,sub07_hi.txt
7,high,1,5,sub07_hi.txt
7,high,1,6,sub07_hi.txt
7,high,1,7,sub07_hi.txt
7,high,1,8,sub07_hi.txt
7,high,1,9,sub07_hi.txt
7,high,1,10,sub07_hi.txt
7,high,1,11,sub07_hi.txt
7,high,1,12,sub07_hi.txt
7,high,1,13,sub07_hi.txt
7,high,1,14,sub07_hi.txt
7,high,1,15,sub07_hi.txt
7,high,1,16,sub07_hi.txt
7,high,1,17,sub07_hi.txt
7,high,1,18,sub07_hi.txt
7,high,1,19,sub07_hi.txt
7,high,1,20,sub07_hi.txt
7,high,1,21,sub07_hi.txt
7,high,1,22,sub07_hi.txt
7,high,1,23,sub07_hi.txt
7,high,1,24,sub07_hi.txt
7,high,1,25,sub07_hi.txt
7,high,1,26,sub07_hi.txt
7,high,1,27,sub07_hi.txt
7,high,1,28,sub07_hi.txt
7,high,1,29,sub07_hi.txt
7,high,1,30,sub07_hi.txt
7,high,1,31,sub07_hi.txt
7,high,1,32,sub07_hi.txt
7,high,1,33,sub07_hi.txt
7,high,1,34,sub07_hi.txt
7,high,1,35,sub07_hi.txt
7,high,1,36,sub07_hi.txt
7,high,1,37,sub07_hi.txt
7,high,1,38,sub07_hi.txt
7,high,1,39,sub07_hi.txt
7,high,1,40,sub07_hi.txt
7,high,1,41,sub07_hi.txt
7,high,1,42,sub07_hi.txt
7,high,1,43,sub07_hi.txt
7,high,1,44,sub07_hi.txt
7,high,1,45,sub07_hi.txt
7,high,1,46,sub07_hi.txt
7,high,1,47,sub07_hi.txt
7,high,1,48,sub07_hi.txt
7,high,1,49,sub07_hi.txt
7,high,1,50,sub07_hi.txt
7,high,1,51,sub07_hi.txt
7,high,1,52,sub07_hi.txt
7,high,1,53,sub07_hi.txt
7,high,1,54,sub07_hi.txt
7,high,1,55,sub07_hi.txt
7,high,1,56,sub07_hi.txt
7,high,1,57,sub07_hi.txt
7,high,1,58,sub07_hi.txt
7,high,1,59,sub07_hi.txt
7,high,1,60,sub07_hi.txt
7,high,1,61,sub07_hi.txt
7,high,1,62,sub07_hi.txt
7,high,1,63,sub07_hi.txt
7,high,1,64,sub07_hi.txt
7,high,1,65,sub07_hi.txt
7,high,1,66,sub07_hi.txt
7,high,1,67,sub07_hi.txt
7,high,1,68,sub07_hi.txt
7,high,1,69,sub07_hi.txt
7,high,1,70,sub07_hi.txt
7,high,1,71,sub07_hi.txt
7,high,1,72,sub07_hi.txt
7,high,1,73,sub07_hi.txt
7,low,0,0,sub07_lo.txt
7,low,0,1,sub07_lo.txt
7,low,0,2,sub07_lo.txt
7,low,0,3,sub07_lo.txt
7,low,0,4,sub07_lo.txt
7,low,0,5,sub07_lo.txt
7,low,0,6,sub07_lo.txt
7,low,0,7,sub07_lo.txt
7,low,0,8,sub07_lo.txt
7,low,0,9,sub07_lo.txt
7,low,0,10,sub07_lo.txt
7,low,0,11,sub07_lo.txt
7,low,0,12,sub07_lo.txt
7,low,0,13,sub07_lo.txt
7,low,0,14,sub07_lo.txt
7,low,0,15,sub07_lo.txt
7,low,0,16,sub07_lo.txt
7,low,0,17,sub07_lo.txt
7,low,0,18,sub07_lo.txt
7,low,0,19,sub07_lo.txt
7,low,0,20,sub07_lo.txt
7,low,0,21,sub07_lo.txt
7,low,0,22,sub07_lo.txt
7,low,0,23,sub07_lo.txt
7,low,0,24,sub07_lo.txt
7,low,0,25,sub07_lo.txt
7,low,0,26,sub07_lo.txt
7,low,0,27,sub07_lo.txt
7,low,0,28,sub07_lo.txt
7,low,0,29,sub07_lo.txt
7,low,0,30,sub07_lo.txt
7,low,0,31,sub07_lo.txt
7,low,0,32,sub07_lo.txt
7,low,0,33,sub07_lo.txt
7,low,0,34,sub07_lo.txt
7,low,0,35,sub07_lo.txt
7,low,0,36,sub07_lo.txt
7,low,0,37,sub07_lo.txt
7,low,0,38,sub07_lo.txt
7,low,0,39,sub07_lo.txt
7,low,0,40,sub07_lo.txt
7,low,0,41,sub07_lo.txt
7,low,0,42,sub07_lo.txt
7,low,0,43,sub07_lo.txt
7,low,0,44,sub07_lo.txt
7,low,0,45,sub07_lo.txt
7,low,0,46,sub07_lo.txt
7,low,0,47,sub07_lo.txt
7,low,0,48,sub07_lo.txt
7,low,0,49,sub07_lo.txt
7,low,0,50,sub07_lo.txt
7,low,0,51,sub07_lo.txt
7,low,0,52,sub07_lo.txt
7,low,0,53,sub07_lo.txt
7,low,0,54,sub07_lo.txt
7,low,0,55,sub07_lo.txt
7,low,0,56,sub07_lo.txt
7,low,0,57,sub07_lo.txt
7,low,0,58,sub07_lo.txt
7,low,0,59,sub07_lo.txt
7,low,0,60,sub07_lo.txt
7,low,0,61,sub07_lo.txt
7,low,0,62,sub07_lo.txt
7,low,0,63,sub07_lo.txt
7,low,0,64,sub07_lo.txt
7,low,0,65,sub07_lo.txt
7,low,0,66,sub07_lo.txt
7,low,0,67,sub07_lo.txt
7,low,0,68,sub07_lo.txt
7,low,0,69,sub07_lo.txt
7,low,0,70,sub07_lo.txt
7,low,0,71,sub07_lo.txt
7,low,0,72,sub07_lo.txt
7,low,0,73,sub07_lo.txt
8,high,1,0,sub08_hi.txt
8,high,1,1,sub08_hi.txt
8,high,1,2,sub08_hi.txt
8,high,1,3,sub08_hi.txt
8,high,1,4,sub08_hi.txt
8,high,1,5,sub08_hi.txt
8,high,1,6,sub08_hi.txt
8,high,1,7,sub08_hi.txt
8,high,1,8,sub08_hi.txt
8,high,1,9,sub08_hi.txt
8,high,1,10,sub08_hi.txt
8,high,1,11,sub08_hi.txt
8,high,1,12,sub08_hi.txt
8,high,1,13,sub08_hi.txt
8,high,1,14,sub08_hi.txt
8,high,1,15,sub08_hi.txt
8,high,1,16,sub08_hi.txt
8,high,1,17,sub08_hi.txt
8,high,1,18,sub08_hi.txt
8,high,1,19,sub08_hi.txt
8,high,1,20,sub08_hi.txt
8,high,1,21,sub08_hi.txt
8,high,1,22,sub08_hi.txt
8,high,1,23,sub08_hi.txt
8,high,1,24,sub08_hi.txt
8,high,1,25,sub08_hi.txt
8,high,1,26,sub08_hi.txt
8,high,1,27,sub08_hi.txt
8,high,1,28,sub08_hi.txt
8,high,1,29,sub08_hi.txt
8,high,1,30,sub08_hi.txt
8,high,1,31,sub08_hi.txt
8,high,1,32,sub08_hi.txt
8,high,1,33,sub08_hi.txt
8,high,1,34,sub08_hi.txt
8,high,1,35,sub08_hi.txt
8,high,1,36,sub08_hi.txt
8,high,1,37,sub08_hi.txt
8,high,1,38,sub08_hi.txt
8,high,1,39,sub08_hi.txt
8,high,1,40,sub08_hi.txt
8,high,1,41,sub08_hi.txt
8,high,1,42,sub08_hi.txt
8,high,1,43,sub08_hi.txt
8,high,1,44,sub08_hi.txt
8,high,1,45,sub08_hi.txt
8,high,1,46,sub08_hi.txt
8,high,1,47,sub08_hi.txt
8,high,1,48,sub08_hi.txt
8,high,1,49,sub08_hi.txt
8,high,1,50,sub08_hi.txt
8,high,1,51,sub08_hi.txt
8,high,1,52,sub08_hi.txt
8,high,1,53,sub08_hi.txt
8,high,1,54,sub08_hi.txt
8,high,1,55,sub08_hi.txt
8,high,1,56,sub08_hi.txt
8,high,1,57,sub08_hi.txt
8,high,1,58,sub08_hi.txt
8,high,1,59,sub08_hi.txt
8,high,1,60,sub08_hi.txt
8,high,1,61,sub08_hi.txt
8,high,1,62,sub08_hi.txt
8,high,1,63,sub08_hi.txt
8,high,1,64,sub08_hi.txt
8,high,1,65,sub08_hi.txt
8,high,1,66,sub08_hi.txt
8,high,1,67,sub08_hi.txt
8,high,1,68,sub08_hi.txt
8,high,1,69,sub08_hi.txt
8,high,1,70,sub08_hi.txt
8,high,1,71,sub08_hi.txt
8,high,1,72,sub08_hi.txt
8,high,1,73,sub08_hi.txt
8,low,0,0,sub08_lo.txt
8,low,0,1,sub08_lo.txt
8,low,0,2,sub08_lo.txt
8,low,0,3,sub08_lo.txt
8,low,0,4,sub08_lo.txt
8,low,0,5,sub08_lo.txt
8,low,0,6,sub08_lo.txt
8,low,0,7,sub08_lo.txt
8,low,0,8,sub08_lo.txt
8,low,0,9,sub08_lo.txt
8,low,0,10,sub08_lo.txt
8,low,0,11,sub08_lo.txt
8,low,0,12,sub08_lo.txt
8,low,0,13,sub08_lo.txt
8,low,0,14,sub08_lo.txt
8,low,0,15,sub08_lo.txt
8,low,0,16,sub08_lo.txt
8,low,0,17,sub08_lo.txt
8,low,0,18,sub08_lo.txt
8,low,0,19,sub08_lo.txt
8,low,0,20,sub08_lo.txt
8,low,0,21,sub08_lo.txt
8,low,0,22,sub08_lo.txt
8,low,0,23,sub08_lo.txt
8,low,0,24,sub08_lo.txt
8,low,0,25,sub08_lo.txt
8,low,0,26,sub08_lo.txt
8,low,0,27,sub08_lo.txt
8,low,0,28,sub08_lo.txt
8,low,0,29,sub08_lo.txt
8,low,0,30,sub08_lo.txt
8,low,0,31,sub08_lo.txt
8,low,0,32,sub08_lo.txt
8,low,0,33,sub08_lo.txt
8,low,0,34,sub08_lo.txt
8,low,0,35,sub08_lo.txt
8,low,0,36,sub08_lo.txt
8,low,0,37,sub08_lo.txt
8,low,0,38,sub08_lo.txt
8,low,0,39,sub08_lo.txt
8,low,0,40,sub08_lo.txt
8,low,0,41,sub08_lo.txt
8,low,0,42,sub08_lo.txt
8,low,0,43,sub08_lo.txt
8,low,0,44,sub08_lo.txt
8,low,0,45,sub08_lo.txt
8,low,0,46,sub08_lo.txt
8,low,0,47,sub08_lo.txt
8,low,0,48,sub08_lo.txt
8,low,0,49,sub08_lo.txt
8,low,0,50,sub08_lo.txt
8,low,0,51,sub08_lo.txt
8,low,0,52,sub08_lo.txt
8,low,0,53,sub08_lo.txt
8,low,0,54,sub08_lo.txt
8,low,0,55,sub08_lo.txt
8,low,0,56,sub08_lo.txt
8,low,0,57,sub08_lo.txt
8,low,0,58,sub08_lo.txt
8,low,0,59,sub08_lo.txt
8,low,0,60,sub08_lo.txt
8,low,0,61,sub08_lo.txt
8,low,0,62,sub08_lo.txt
8,low,0,63,sub08_lo.txt
8,low,0,64,sub08_lo.txt
8,low,0,65,sub08_lo.txt
8,low,0,66,sub08_lo.txt
8,low,0,67,sub08_lo.txt
8,low,0,68,sub08_lo.txt
8,low,0,69,sub08_lo.txt
8,low,0,70,sub08_lo.txt
8,low,0,71,sub08_lo.txt
8,low,0,72,sub08_lo.txt
8,low,0,73,sub08_lo.txt
9,high,1,0,sub09_hi.txt
9,high,1,1,sub09_hi.txt
9,high,1,2,sub09_hi.txt
9,high,1,3,sub09_hi.txt
9,high,1,4,sub09_hi.txt
9,high,1,5,sub09_hi.txt
9,high,1,6,sub09_hi.txt
9,high,1,7,sub09_hi.txt
9,high,1,8,sub09_hi.txt
9,high,1,9,sub09_hi.txt
9,high,1,10,sub09_hi.txt
9,high,1,11,sub09_hi.txt
9,high,1,12,sub09_hi.txt
9,high,1,13,sub09_hi.txt
9,high,1,14,sub09_hi.txt
9,high,1,15,sub09_hi.txt
9,high,1,16,sub09_hi.txt
9,high,1,17,sub09_hi.txt
9,high,1,18,sub09_hi.txt
9,high,1,19,sub09_hi.txt
9,high,1,20,sub09_hi.txt
9,high,1,21,sub09_hi.txt
9,high,1,22,sub09_hi.txt
9,high,1,23,sub09_hi.txt
9,high,1,24,sub09_hi.txt
9,high,1,25,sub09_hi.txt
9,high,1,26,sub09_hi.txt
9,high,1,27,sub09_hi.txt
9,high,1,28,sub09_hi.txt
9,high,1,29,sub09_hi.txt
9,high,1,30,sub09_hi.txt
9,high,1,31,sub09_hi.txt
9,high,1,32,sub09_hi.txt
9,high,1,33,sub09_hi.txt
9,high,1,34,sub09_hi.txt
9,high,1,35,sub09_hi.txt
9,high,1,36,sub09_hi.txt
9,high,1,37,sub09_hi.txt
9,high,1,38,sub09_hi.txt
9,high,1,39,sub09_hi.txt
9,high,1,40,sub09_hi.txt
9,high,1,41,sub09_hi.txt
9,high,1,42,sub09_hi.txt
9,high,1,43,sub09_hi.txt
9,high,1,44,sub09_hi.txt
9,high,1,45,sub09_hi.txt
9,high,1,46,sub09_hi.txt
9,high,1,47,sub09_hi.txt
9,high,1,48,sub09_hi.txt
9,high,1,49,sub09_hi.txt
9,high,1,50,sub09_hi.txt
9,high,1,51,sub09_hi.txt
9,high,1,52,sub09_hi.txt
9,high,1,53,sub09_hi.txt
9,high,1,54,sub09_hi.txt
9,high,1,55,sub09_hi.txt
9,high,1,56,sub09_hi.txt
9,high,1,57,sub09_hi.txt
9,high,1,58,sub09_hi.txt
9,high,1,59,sub09_hi.txt
9,high,1,60,sub09_hi.txt
9,high,1,61,sub09_hi.txt
9,high,1,62,sub09_hi.txt
9,high,1,63,sub09_hi.txt
9,high,1,64,sub09_hi.txt
9,high,1,65,sub09_hi.txt
9,high,1,66,sub09_hi.txt
9,high,1,67,sub09_hi.txt
9,high,1,68,sub09_hi.txt
9,high,1,69,sub09_hi.txt
9,high,1,70,sub09_hi.txt
9,high,1,71,sub09_hi.txt
9,high,1,72,sub09_hi.txt
9,high,1,73,sub09_hi.txt
9,low,0,0,sub09_lo.txt
9,low,0,1,sub09_lo.txt
9,low,0,2,sub09_lo.txt
9,low,0,3,sub09_lo.txt
9,low,0,4,sub09_lo.txt
9,low,0,5,sub09_lo.txt
9,low,0,6,sub09_lo.txt
9,low,0,7,sub09_lo.txt
9,low,0,8,sub09_lo.txt
9,low,0,9,sub09_lo.txt
9,low,0,10,sub09_lo.txt
9,low,0,11,sub09_lo.txt
9,low,0,12,sub09_lo.txt
9,low,0,13,sub09_lo.txt
9,low,0,14,sub09_lo.txt
9,low,0,15,sub09_lo.txt
9,low,0,16,sub09_lo.txt
9,low,0,17,sub09_lo.txt
9,low,0,18,sub09_lo.txt
9,low,0,19,sub09_lo.txt
9,low,0,20,sub09_lo.txt
9,low,0,21,sub09_lo.txt
9,low,0,22,sub09_lo.txt
9,low,0,23,sub09_lo.txt
9,low,0,24,sub09_lo.txt
9,low,0,25,sub09_lo.txt
9,low,0,26,sub09_lo.txt
9,low,0,27,sub09_lo.txt
9,low,0,28,sub09_lo.txt
9,low,0,29,sub09_lo.txt
9,low,0,30,sub09_lo.txt
9,low,0,31,sub09_lo.txt
9,low,0,32,sub09_lo.txt
9,low,0,33,sub09_lo.txt
9,low,0,34,sub09_lo.txt
9,low,0,35,sub09_lo.txt
9,low,0,36,sub09_lo.txt
9,low,0,37,sub09_lo.txt
9,low,0,38,sub09_lo.txt
9,low,0,39,sub09_lo.txt
9,low,0,40,sub09_lo.txt
9,low,0,41,sub09_lo.txt
9,low,0,42,sub09_lo.txt
9,low,0,43,sub09_lo.txt
9,low,0,44,sub09_lo.txt
9,low,0,45,sub09_lo.txt
9,low,0,46,sub09_lo.txt
9,low,0,47,sub09_lo.txt
9,low,0,48,sub09_lo.txt
9,low,0,49,sub09_lo.txt
9,low,0,50,sub09_lo.txt
9,low,0,51,sub09_lo.txt
9,low,0,52,sub09_lo.txt
9,low,0,53,sub09_lo.txt
9,low,0,54,sub09_lo.txt
9,low,0,55,sub09_lo.txt
9,low,0,56,sub09_lo.txt
9,low,0,57,sub09_lo.txt
9,low,0,58,sub09_lo.txt
9,low,0,59,sub09_lo.txt
9,low,0,60,sub09_lo.txt
9,low,0,61,sub09_lo.txt
9,low,0,62,sub09_lo.txt
9,low,0,63,sub09_lo.txt
9,low,0,64,sub09_lo.txt
9,low,0,65,sub09_lo.txt
9,low,0,66,sub09_lo.txt
9,low,0,67,sub09_lo.txt
9,low,0,68,sub09_lo.txt
9,low,0,69,sub09_lo.txt
9,low,0,70,sub09_lo.txt
9,low,0,71,sub09_lo.txt
9,low,0,72,sub09_lo.txt
9,low,0,73,sub09_lo.txt
10,high,1,0,sub10_hi.txt
10,high,1,1,sub10_hi.txt
10,high,1,2,sub10_hi.txt
10,high,1,3,sub10_hi.txt
10,high,1,4,sub10_hi.txt
10,high,1,5,sub10_hi.txt
10,high,1,6,sub10_hi.txt
10,high,1,7,sub10_hi.txt
10,high,1,8,sub10_hi.txt
10,high,1,9,sub10_hi.txt
10,high,1,10,sub10_hi.txt
10,high,1,11,sub10_hi.txt
10,high,1,12,sub10_hi.txt
10,high,1,13,sub10_hi.txt
10,high,1,14,sub10_hi.txt
10,high,1,15,sub10_hi.txt
10,high,1,16,sub10_hi.txt
10,high,1,17,sub10_hi.txt
10,high,1,18,sub10_hi.txt
10,high,1,19,sub10_hi.txt
10,high,1,20,sub10_hi.txt
10,high,1,21,sub10_hi.txt
10,high,1,22,sub10_hi.txt
10,high,1,23,sub10_hi.txt
10,high,1,24,sub10_hi.txt
10,high,1,25,sub10_hi.txt
10,high,1,26,sub10_hi.txt
10,high,1,27,sub10_hi.txt
10,high,1,28,sub10_hi.txt
10,high,1,29,sub10_hi.txt
10,high,1,30,sub10_hi.txt
10,high,1,31,sub10_hi.txt
10,high,1,32,sub10_hi.txt
10,high,1,33,sub10_hi.txt
10,high,1,34,sub10_hi.txt
10,high,1,35,sub10_hi.txt
10,high,1,36,sub10_hi.txt
10,high,1,37,sub10_hi.txt
10,high,1,38,sub10_hi.txt
10,high,1,39,sub10_hi.txt
10,high,1,40,sub10_hi.txt
10,high,1,41,sub10_hi.txt
10,high,1,42,sub10_hi.txt
10,high,1,43,sub10_hi.txt
10,high,1,44,sub10_hi.txt
10,high,1,45,sub10_hi.txt
10,high,1,46,sub10_hi.txt
10,high,1,47,sub10_hi.txt
10,high,1,48,sub10_hi.txt
10,high,1,49,sub10_hi.txt
10,high,1,50,sub10_hi.txt
10,high,1,51,sub10_hi.txt
10,high,1,52,sub10_hi.txt
10,high,1,53,sub10_hi.txt
10,high,1,54,sub10_hi.txt
10,high,1,55,sub10_hi.txt
10,high,1,56,sub10_hi.txt
10,high,1,57,sub10_hi.txt
10,high,1,58,sub10_hi.txt
10,high,1,59,sub10_hi.txt
10,high,1,60,sub10_hi.txt
10,high,1,61,sub10_hi.txt
10,high,1,62,sub10_hi.txt
10,high,1,63,sub10_hi.txt
10,high,1,64,sub10_hi.txt
10,high,1,65,sub10_hi.txt
10,high,1,66,sub10_hi.txt
10,high,1,67,sub10_hi.txt
10,high,1,68,sub10_hi.txt
10,high,1,69,sub10_hi.txt
10,high,1,70,sub10_hi.txt
10,high,1,71,sub10_hi.txt
10,high,1,72,sub10_hi.txt
10,high,1,73,sub10_hi.txt
10,low,0,0,sub10_lo.txt
10,low,0,1,sub10_lo.txt
10,low,0,2,sub10_lo.txt
10,low,0,3,sub10_lo.txt
10,low,0,4,sub10_lo.txt
10,low,0,5,sub10_lo.txt
10,low,0,6,sub10_lo.txt
10,low,0,7,sub10_lo.txt
10,low,0,8,sub10_lo.txt
10,low,0,9,sub10_lo.txt
10,low,0,10,sub10_lo.txt
10,low,0,11,sub10_lo.txt
10,low,0,12,sub10_lo.txt
10,low,0,13,sub10_lo.txt
10,low,0,14,sub10_lo.txt
10,low,0,15,sub10_lo.txt
10,low,0,16,sub10_lo.txt
10,low,0,17,sub10_lo.txt
10,low,0,18,sub10_lo.txt
10,low,0,19,sub10_lo.txt
10,low,0,20,sub10_lo.txt
10,low,0,21,sub10_lo.txt
10,low,0,22,sub10_lo.txt
10,low,0,23,sub10_lo.txt
10,low,0,24,sub10_lo.txt
10,low,0,25,sub10_lo.txt
10,low,0,26,sub10_lo.txt
10,low,0,27,sub10_lo.txt
10,low,0,28,sub10_lo.txt
10,low,0,29,sub10_lo.txt
10,low,0,30,sub10_lo.txt
10,low,0,31,sub10_lo.txt
10,low,0,32,sub10_lo.txt
10,low,0,33,sub10_lo.txt
10,low,0,34,sub10_lo.txt
10,low,0,35,sub10_lo.txt
10,low,0,36,sub10_lo.txt
10,low,0,37,sub10_lo.txt
10,low,0,38,sub10_lo.txt
10,low,0,39,sub10_lo.txt
10,low,0,40,sub10_lo.txt
10,low,0,41,sub10_lo.txt
10,low,0,42,sub10_lo.txt
10,low,0,43,sub10_lo.txt
10,low,0,44,sub10_lo.txt
10,low,0,45,sub10_lo.txt
10,low,0,46,sub10_lo.txt
10,low,0,47,sub10_lo.txt
10,low,0,48,sub10_lo.txt
10,low,0,49,sub10_lo.txt
10,low,0,50,sub10_lo.txt
10,low,0,51,sub10_lo.txt
10,low,0,52,sub10_lo.txt
10,low,0,53,sub10_lo.txt
10,low,0,54,sub10_lo.txt
10,low,0,55,sub10_lo.txt
10,low,0,56,sub10_lo.txt
10,low,0,57,sub10_lo.txt
10,low,0,58,sub10_lo.txt
10,low,0,59,sub10_lo.txt
10,low,0,60,sub10_lo.txt
10,low,0,61,sub10_lo.txt
10,low,0,62,sub10_lo.txt
10,low,0,63,sub10_lo.txt
10,low,0,64,sub10_lo.txt
10,low,0,65,sub10_lo.txt
10,low,0,66,sub10_lo.txt
10,low,0,67,sub10_lo.txt
10,low,0,68,sub10_lo.txt
10,low,0,69,sub10_lo.txt
10,low,0,70,sub10_lo.txt
10,low,0,71,sub10_lo.txt
10,low,0,72,sub10_lo.txt
10,low,0,73,sub10_lo.txt
11,high,1,0,sub11_hi.txt
11,high,1,1,sub11_hi.txt
11,high,1,2,sub11_hi.txt
11,high,1,3,sub11_hi.txt
11,high,1,4,sub11_hi.txt
11,high,1,5,sub11_hi.txt
11,high,1,6,sub11_hi.txt
11,high,1,7,sub11_hi.txt
11,high,1,8,sub11_hi.txt
11,high,1,9,sub11_hi.txt
11,high,1,10,sub11_hi.txt
11,high,1,11,sub11_hi.txt
11,high,1,12,sub11_hi.txt
11,high,1,13,sub11_hi.txt
11,high,1,14,sub11_hi.txt
11,high,1,15,sub11_hi.txt
11,high,1,16,sub11_hi.txt
11,high,1,17,sub11_hi.txt
11,high,1,18,sub11_hi.txt
11,high,1,19,sub11_hi.txt
11,high,1,20,sub11_hi.txt
11,high,1,21,sub11_hi.txt
11,high,1,22,sub11_hi.txt
11,high,1,23,sub11_hi.txt
11,high,1,24,sub11_hi.txt
11,high,1,25,sub11_hi.txt
11,high,1,26,sub11_hi.txt
11,high,1,27,sub11_hi.txt
11,high,1,28,sub11_hi.txt
11,high,1,29,sub11_hi.txt
11,high,1,30,sub11_hi.txt
11,high,1,31,sub11_hi.txt
11,high,1,32,sub11_hi.txt
11,high,1,33,sub11_hi.txt
11,high,1,34,sub11_hi.txt
11,high,1,35,sub11_hi.txt
11,high,1,36,sub11_hi.txt
11,high,1,37,sub11_hi.txt
11,high,1,38,sub11_hi.txt
11,high,1,39,sub11_hi.txt
11,high,1,40,sub11_hi.txt
11,high,1,41,sub11_hi.txt
11,high,1,42,sub11_hi.txt
11,high,1,43,sub11_hi.txt
11,high,1,44,sub11_hi.txt
11,high,1,45,sub11_hi.txt
11,high,1,46,sub11_hi.txt
11,high,1,47,sub11_hi.txt
11,high,1,48,sub11_hi.txt
11,high,1,49,sub11_hi.txt
11,high,1,50,sub11_hi.txt
11,high,1,51,sub11_hi.txt
11,high,1,52,sub11_hi.txt
11,high,1,53,sub11_hi.txt
11,high,1,54,sub11_hi.txt
11,high,1,55,sub11_hi.txt
11,high,1,56,sub11_hi.txt
11,high,1,57,sub11_hi.txt
11,high,1,58,sub11_hi.txt
11,high,1,59,sub11_hi.txt
11,high,1,60,sub11_hi.txt
11,high,1,61,sub11_hi.txt
11,high,1,62,sub11_hi.txt
11,high,1,63,sub11_hi.txt
11,high,1,64,sub11_hi.txt
11,high,1,65,sub11_hi.txt
11,high,1,66,sub11_hi.txt
11,high,1,67,sub11_hi.txt
11,high,1,68,sub11_hi.txt
11,high,1,69,sub11_hi.txt
11,high,1,70,sub11_hi.txt
11,high,1,71,sub11_hi.txt
11,high,1,72,sub11_hi.txt
11,high,1,73,sub11_hi.txt
11,low,0,0,sub11_lo.txt
11,low,0,1,sub11_lo.txt
11,low,0,2,sub11_lo.txt
11,low,0,3,sub11_lo.txt
11,low,0,4,sub11_lo.txt
11,low,0,5,sub11_lo.txt
11,low,0,6,sub11_lo.txt
11,low,0,7,sub11_lo.txt
11,low,0,8,sub11_lo.txt
11,low,0,9,sub11_lo.txt
11,low,0,10,sub11_lo.txt
11,low,0,11,sub11_lo.txt
11,low,0,12,sub11_lo.txt
11,low,0,13,sub11_lo.txt
11,low,0,14,sub11_lo.txt
11,low,0,15,sub11_lo.txt
11,low,0,16,sub11_lo.txt
11,low,0,17,sub11_lo.txt
11,low,0,18,sub11_lo.txt
11,low,0,19,sub11_lo.txt
11,low,0,20,sub11_lo.txt
11,low,0,21,sub11_lo.txt
11,low,0,22,sub11_lo.txt
11,low,0,23,sub11_lo.txt
11,low,0,24,sub11_lo.txt
11,low,0,25,sub11_lo.txt
11,low,0,26,sub11_lo.txt
11,low,0,27,sub11_lo.txt
11,low,0,28,sub11_lo.txt
11,low,0,29,sub11_lo.txt
11,low,0,30,sub11_lo.txt
11,low,0,31,sub11_lo.txt
11,low,0,32,sub11_lo.txt
11,low,0,33,sub11_lo.txt
11,low,0,34,sub11_lo.txt
11,low,0,35,sub11_lo.txt
11,low,0,36,sub11_lo.txt
11,low,0,37,sub11_lo.txt
11,low,0,38,sub11_lo.txt
11,low,0,39,sub11_lo.txt
11,low,0,40,sub11_lo.txt
11,low,0,41,sub11_lo.txt
11,low,0,42,sub11_lo.txt
11,low,0,43,sub11_lo.txt
11,low,0,44,sub11_lo.txt
11,low,0,45,sub11_lo.txt
11,low,0,46,sub11_lo.txt
11,low,0,47,sub11_lo.txt
11,low,0,48,sub11_lo.txt
11,low,0,49,sub11_lo.txt
11,low,0,50,sub11_lo.txt
11,low,0,51,sub11_lo.txt
11,low,0,52,sub11_lo.txt
11,low,0,53,sub11_lo.txt
11,low,0,54,sub11_lo.txt
11,low,0,55,sub11_lo.txt
11,low,0,56,sub11_lo.txt
11,low,0,57,sub11_lo.txt
11,low,0,58,sub11_lo.txt
11,low,0,59,sub11_lo.txt
11,low,0,60,sub11_lo.txt
11,low,0,61,sub11_lo.txt
11,low,0,62,sub11_lo.txt
11,low,0,63,sub11_lo.txt
11,low,0,64,sub11_lo.txt
11,low,0,65,sub11_lo.txt
11,low,0,66,sub11_lo.txt
11,low,0,67,sub11_lo.txt
11,low,0,68,sub11_lo.txt
11,low,0,69,sub11_lo.txt
11,low,0,70,sub11_lo.txt
11,low,0,71,sub11_lo.txt
11,low,0,72,sub11_lo.txt
11,low,0,73,sub11_lo.txt
12,high,1,0,sub12_hi.txt
12,high,1,1,sub12_hi.txt
12,high,1,2,sub12_hi.txt
12,high,1,3,sub12_hi.txt
12,high,1,4,sub12_hi.txt
12,high,1,5,sub12_hi.txt
12,high,1,6,sub12_hi.txt
12,high,1,7,sub12_hi.txt
12,high,1,8,sub12_hi.txt
12,high,1,9,sub12_hi.txt
12,high,1,10,sub12_hi.txt
12,high,1,11,sub12_hi.txt
12,high,1,12,sub12_hi.txt
12,high,1,13,sub12_hi.txt
12,high,1,14,sub12_hi.txt
12,high,1,15,sub12_hi.txt
12,high,1,16,sub12_hi.txt
12,high,1,17,sub12_hi.txt
12,high,1,18,sub12_hi.txt
12,high,1,19,sub12_hi.txt
12,high,1,20,sub12_hi.txt
12,high,1,21,sub12_hi.txt
12,high,1,22,sub12_hi.txt
12,high,1,23,sub12_hi.txt
12,high,1,24,sub12_hi.txt
12,high,1,25,sub12_hi.txt
12,high,1,26,sub12_hi.txt
12,high,1,27,sub12_hi.txt
12,high,1,28,sub12_hi.txt
12,high,1,29,sub12_hi.txt
12,high,1,30,sub12_hi.txt
12,high,1,31,sub12_hi.txt
12,high,1,32,sub12_hi.txt
12,high,1,33,sub12_hi.txt
12,high,1,34,sub12_hi.txt
12,high,1,35,sub12_hi.txt
12,high,1,36,sub12_hi.txt
12,high,1,37,sub12_hi.txt
12,high,1,38,sub12_hi.txt
12,high,1,39,sub12_hi.txt
12,high,1,40,sub12_hi.txt
12,high,1,41,sub12_hi.txt
12,high,1,42,sub12_hi.txt
12,high,1,43,sub12_hi.txt
12,high,1,44,sub12_hi.txt
12,high,1,45,sub12_hi.txt
12,high,1,46,sub12_hi.txt
12,high,1,47,sub12_hi.txt
12,high,1,48,sub12_hi.txt
12,high,1,49,sub12_hi.txt
12,high,1,50,sub12_hi.txt
12,high,1,51,sub12_hi.txt
12,high,1,52,sub12_hi.txt
12,high,1,53,sub12_hi.txt
12,high,1,54,sub12_hi.txt
12,high,1,55,sub12_hi.txt
12,high,1,56,sub12_hi.txt
12,high,1,57,sub12_hi.txt
12,high,1,58,sub12_hi.txt
12,high,1,59,sub12_hi.txt
12,high,1,60,sub12_hi.txt
12,high,1,61,sub12_hi.txt
12,high,1,62,sub12_hi.txt
12,high,1,63,sub12_hi.txt
12,high,1,64,sub12_hi.txt
12,high,1,65,sub12_hi.txt
12,high,1,66,sub12_hi.txt
12,high,1,67,sub12_hi.txt
12,high,1,68,sub12_hi.txt
12,high,1,69,sub12_hi.txt
12,high,1,70,sub12_hi.txt
12,high,1,71,sub12_hi.txt
12,high,1,72,sub12_hi.txt
12,high,1,73,sub12_hi.txt
12,low,0,0,sub12_lo.txt
12,low,0,1,sub12_lo.txt
12,low,0,2,sub12_lo.txt
12,low,0,3,sub12_lo.txt
12,low,0,4,sub12_lo.txt
12,low,0,5,sub12_lo.txt
12,low,0,6,sub12_lo.txt
12,low,0,7,sub12_lo.txt
12,low,0,8,sub12_lo.txt
12,low,0,9,sub12_lo.txt
12,low,0,10,sub12_lo.txt
12,low,0,11,sub12_lo.txt
12,low,0,12,sub12_lo.txt
12,low,0,13,sub12_lo.txt
12,low,0,14,sub12_lo.txt
12,low,0,15,sub12_lo.txt
12,low,0,16,sub12_lo.txt
12,low,0,17,sub12_lo.txt
12,low,0,18,sub12_lo.txt
12,low,0,19,sub12_lo.txt
12,low,0,20,sub12_lo.txt
12,low,0,21,sub12_lo.txt
12,low,0,22,sub12_lo.txt
12,low,0,23,sub12_lo.txt
12,low,0,24,sub12_lo.txt
12,low,0,25,sub12_lo.txt
12,low,0,26,sub12_lo.txt
12,low,0,27,sub12_lo.txt
12,low,0,28,sub12_lo.txt
12,low,0,29,sub12_lo.txt
12,low,0,30,sub12_lo.txt
12,low,0,31,sub12_lo.txt
12,low,0,32,sub12_lo.txt
12,low,0,33,sub12_lo.txt
12,low,0,34,sub12_lo.txt
12,low,0,35,sub12_lo.txt
12,low,0,36,sub12_lo.txt
12,low,0,37,sub12_lo.txt
12,low,0,38,sub12_lo.txt
12,low,0,39,sub12_lo.txt
12,low,0,40,sub12_lo.txt
12,low,0,41,sub12_lo.txt
12,low,0,42,sub12_lo.txt
12,low,0,43,sub12_lo.txt
12,low,0,44,sub12_lo.txt
12,low,0,45,sub12_lo.txt
12,low,0,46,sub12_lo.txt
12,low,0,47,sub12_lo.txt
12,low,0,48,sub12_lo.txt
12,low,0,49,sub12_lo.txt
12,low,0,50,sub12_lo.txt
12,low,0,51,sub12_lo.txt
12,low,0,52,sub12_lo.txt
12,low,0,53,sub12_lo.txt
12,low,0,54,sub12_lo.txt
12,low,0,55,sub12_lo.txt
12,low,0,56,sub12_lo.txt
12,low,0,57,sub12_lo.txt
12,low,0,58,sub12_lo.txt
12,low,0,59,sub12_lo.txt
12,low,0,60,sub12_lo.txt
12,low,0,61,sub12_lo.txt
12,low,0,62,sub12_lo.txt
12,low,0,63,sub12_lo.txt
12,low,0,64,sub12_lo.txt
12,low,0,65,sub12_lo.txt
12,low,0,66,sub12_lo.txt
12,low,0,67,sub12_lo.txt
12,low,0,68,sub12_lo.txt
12,low,0,69,sub12_lo.txt
12,low,0,70,sub12_lo.txt
12,low,0,71,sub12_lo.txt
12,low,0,72,sub12_lo.txt
12,low,0,73,sub12_lo.txt
13,high,1,0,sub13_hi.txt
13,high,1,1,sub13_hi.txt
13,high,1,2,sub13_hi.txt
13,high,1,3,sub13_hi.txt
13,high,1,4,sub13_hi.txt
13,high,1,5,sub13_hi.txt
13,high,1,6,sub13_hi.txt
13,high,1,7,sub13_hi.txt
13,high,1,8,sub13_hi.txt
13,high,1,9,sub13_hi.txt
13,high,1,10,sub13_hi.txt
13,high,1,11,sub13_hi.txt
13,high,1,12,sub13_hi.txt
13,high,1,13,sub13_hi.txt
13,high,1,14,sub13_hi.txt
13,high,1,15,sub13_hi.txt
13,high,1,16,sub13_hi.txt
13,high,1,17,sub13_hi.txt
13,high,1,18,sub13_hi.txt
13,high,1,19,sub13_hi.txt
13,high,1,20,sub13_hi.txt
13,high,1,21,sub13_hi.txt
13,high,1,22,sub13_hi.txt
13,high,1,23,sub13_hi.txt
13,high,1,24,sub13_hi.txt
13,high,1,25,sub13_hi.txt
13,high,1,26,sub13_hi.txt
13,high,1,27,sub13_hi.txt
13,high,1,28,sub13_hi.txt
13,high,1,29,sub13_hi.txt
13,high,1,30,sub13_hi.txt
13,high,1,31,sub13_hi.txt
13,high,1,32,sub13_hi.txt
13,high,1,33,sub13_hi.txt
13,high,1,34,sub13_hi.txt
13,high,1,35,sub13_hi.txt
13,high,1,36,sub13_hi.txt
13,high,1,37,sub13_hi.txt
13,high,1,38,sub13_hi.txt
13,high,1,39,sub13_hi.txt
13,high,1,40,sub13_hi.txt
13,high,1,41,sub13_hi.txt
13,high,1,42,sub13_hi.txt
13,high,1,43,sub13_hi.txt
13,high,1,44,sub13_hi.txt
13,high,1,45,sub13_hi.txt
13,high,1,46,sub13_hi.txt
13,high,1,47,sub13_hi.txt
13,high,1,48,sub13_hi.txt
13,high,1,49,sub13_hi.txt
13,high,1,50,sub13_hi.txt
13,high,1,51,sub13_hi.txt
13,high,1,52,sub13_hi.txt
13,high,1,53,sub13_hi.txt
13,high,1,54,sub13_hi.txt
13,high,1,55,sub13_hi.txt
13,high,1,56,sub13_hi.txt
13,high,1,57,sub13_hi.txt
13,high,1,58,sub13_hi.txt
13,high,1,59,sub13_hi.txt
13,high,1,60,sub13_hi.txt
13,high,1,61,sub13_hi.txt
13,high,1,62,sub13_hi.txt
13,high,1,63,sub13_hi.txt
13,high,1,64,sub13_hi.txt
13,high,1,65,sub13_hi.txt
13,high,1,66,sub13_hi.txt
13,high,1,67,sub13_hi.txt
13,high,1,68,sub13_hi.txt
13,high,1,69,sub13_hi.txt
13,high,1,70,sub13_hi.txt
13,high,1,71,sub13_hi.txt
13,high,1,72,sub13_hi.txt
13,high,1,73,sub13_hi.txt
13,low,0,0,sub13_lo.txt
13,low,0,1,sub13_lo.txt
13,low,0,2,sub13_lo.txt
13,low,0,3,sub13_lo.txt
13,low,0,4,sub13_lo.txt
13,low,0,5,sub13_lo.txt
13,low,0,6,sub13_lo.txt
13,low,0,7,sub13_lo.txt
13,low,0,8,sub13_lo.txt
13,low,0,9,sub13_lo.txt
13,low,0,10,sub13_lo.txt
13,low,0,11,sub13_lo.txt
13,low,0,12,sub13_lo.txt
13,low,0,13,sub13_lo.txt
13,low,0,14,sub13_lo.txt
13,low,0,15,sub13_lo.txt
13,low,0,16,sub13_lo.txt
13,low,0,17,sub13_lo.txt
13,low,0,18,sub13_lo.txt
13,low,0,19,sub13_lo.txt
13,low,0,20,sub13_lo.txt
13,low,0,21,sub13_lo.txt
13,low,0,22,sub13_lo.txt
13,low,0,23,sub13_lo.txt
13,low,0,24,sub13_lo.txt
13,low,0,25,sub13_lo.txt
13,low,0,26,sub13_lo.txt
13,low,0,27,sub13_lo.txt
13,low,0,28,sub13_lo.txt
13,low,0,29,sub13_lo.txt
13,low,0,30,sub13_lo.txt
13,low,0,31,sub13_lo.txt
13,low,0,32,sub13_lo.txt
13,low,0,33,sub13_lo.txt
13,low,0,34,sub13_lo.txt
13,low,0,35,sub13_lo.txt
13,low,0,36,sub13_lo.txt
13,low,0,37,sub13_lo.txt
13,low,0,38,sub13_lo.txt
13,low,0,39,sub13_lo.txt
13,low,0,40,sub13_lo.txt
13,low,0,41,sub13_lo.txt
13,low,0,42,sub13_lo.txt
13,low,0,43,sub13_lo.txt
13,low,0,44,sub13_lo.txt
13,low,0,45,sub13_lo.txt
13,low,0,46,sub13_lo.txt
13,low,0,47,sub13_lo.txt
13,low,0,48,sub13_lo.txt
13,low,0,49,sub13_lo.txt
13,low,0,50,sub13_lo.txt
13,low,0,51,sub13_lo.txt
13,low,0,52,sub13_lo.txt
13,low,0,53,sub13_lo.txt
13,low,0,54,sub13_lo.txt
13,low,0,55,sub13_lo.txt
13,low,0,56,sub13_lo.txt
13,low,0,57,sub13_lo.txt
13,low,0,58,sub13_lo.txt
13,low,0,59,sub13_lo.txt
13,low,0,60,sub13_lo.txt
13,low,0,61,sub13_lo.txt
13,low,0,62,sub13_lo.txt
13,low,0,63,sub13_lo.txt
13,low,0,64,sub13_lo.txt
13,low,0,65,sub13_lo.txt
13,low,0,66,sub13_lo.txt
13,low,0,67,sub13_lo.txt
13,low,0,68,sub13_lo.txt
13,low,0,69,sub13_lo.txt
13,low,0,70,sub13_lo.txt
13,low,0,71,sub13_lo.txt
13,low,0,72,sub13_lo.txt
13,low,0,73,sub13_lo.txt
14,high,1,0,sub14_hi.txt
14,high,1,1,sub14_hi.txt
14,high,1,2,sub14_hi.txt
14,high,1,3,sub14_hi.txt
14,high,1,4,sub14_hi.txt
14,high,1,5,sub14_hi.txt
14,high,1,6,sub14_hi.txt
14,high,1,7,sub14_hi.txt
14,high,1,8,sub14_hi.txt
14,high,1,9,sub14_hi.txt
14,high,1,10,sub14_hi.txt
14,high,1,11,sub14_hi.txt
14,high,1,12,sub14_hi.txt
14,high,1,13,sub14_hi.txt
14,high,1,14,sub14_hi.txt
14,high,1,15,sub14_hi.txt
14,high,1,16,sub14_hi.txt
14,high,1,17,sub14_hi.txt
14,high,1,18,sub14_hi.txt
14,high,1,19,sub14_hi.txt
14,high,1,20,sub14_hi.txt
14,high,1,21,sub14_hi.txt
14,high,1,22,sub14_hi.txt
14,high,1,23,sub14_hi.txt
14,high,1,24,sub14_hi.txt
14,high,1,25,sub14_hi.txt
14,high,1,26,sub14_hi.txt
14,high,1,27,sub14_hi.txt
14,high,1,28,sub14_hi.txt
14,high,1,29,sub14_hi.txt
14,high,1,30,sub14_hi.txt
14,high,1,31,sub14_hi.txt
14,high,1,32,sub14_hi.txt
14,high,1,33,sub14_hi.txt
14,high,1,34,sub14_hi.txt
14,high,1,35,sub14_hi.txt
14,high,1,36,sub14_hi.txt
14,high,1,37,sub14_hi.txt
14,high,1,38,sub14_hi.txt
14,high,1,39,sub14_hi.txt
14,high,1,40,sub14_hi.txt
14,high,1,41,sub14_hi.txt
14,high,1,42,sub14_hi.txt
14,high,1,43,sub14_hi.txt
14,high,1,44,sub14_hi.txt
14,high,1,45,sub14_hi.txt
14,high,1,46,sub14_hi.txt
14,high,1,47,sub14_hi.txt
14,high,1,48,sub14_hi.txt
14,high,1,49,sub14_hi.txt
14,high,1,50,sub14_hi.txt
14,high,1,51,sub14_hi.txt
14,high,1,52,sub14_hi.txt
14,high,1,53,sub14_hi.txt
14,high,1,54,sub14_hi.txt
14,high,1,55,sub14_hi.txt
14,high,1,56,sub14_hi.txt
14,high,1,57,sub14_hi.txt
14,high,1,58,sub14_hi.txt
14,high,1,59,sub14_hi.txt
14,high,1,60,sub14_hi.txt
14,high,1,61,sub14_hi.txt
14,high,1,62,sub14_hi.txt
14,high,1,63,sub14_hi.txt
14,high,1,64,sub14_hi.txt
14,high,1,65,sub14_hi.txt
14,high,1,66,sub14_hi.txt
14,high,1,67,sub14_hi.txt
14,high,1,68,sub14_hi.txt
14,high,1,69,sub14_hi.txt
14,high,1,70,sub14_hi.txt
14,high,1,71,sub14_hi.txt
14,high,1,72,sub14_hi.txt
14,high,1,73,sub14_hi.txt
14,low,0,0,sub14_lo.txt
14,low,0,1,sub14_lo.txt
14,low,0,2,sub14_lo.txt
14,low,0,3,sub14_lo.txt
14,low,0,4,sub14_lo.txt
14,low,0,5,sub14_lo.txt
14,low,0,6,sub14_lo.txt
14,low,0,7,sub14_lo.txt
14,low,0,8,sub14_lo.txt
14,low,0,9,sub14_lo.txt
14,low,0,10,sub14_lo.txt
14,low,0,11,sub14_lo.txt
14,low,0,12,sub14_lo.txt
14,low,0,13,sub14_lo.txt
14,low,0,14,sub14_lo.txt
14,low,0,15,sub14_lo.txt
14,low,0,16,sub14_lo.txt
14,low,0,17,sub14_lo.txt
14,low,0,18,sub14_lo.txt
14,low,0,19,sub14_lo.txt
14,low,0,20,sub14_lo.txt
14,low,0,21,sub14_lo.txt
14,low,0,22,sub14_lo.txt
14,low,0,23,sub14_lo.txt
14,low,0,24,sub14_lo.txt
14,low,0,25,sub14_lo.txt
14,low,0,26,sub14_lo.txt
14,low,0,27,sub14_lo.txt
14,low,0,28,sub14_lo.txt
14,low,0,29,sub14_lo.txt
14,low,0,30,sub14_lo.txt
14,low,0,31,sub14_lo.txt
14,low,0,32,sub14_lo.txt
14,low,0,33,sub14_lo.txt
14,low,0,34,sub14_lo.txt
14,low,0,35,sub14_lo.txt
14,low,0,36,sub14_lo.txt
14,low,0,37,sub14_lo.txt
14,low,0,38,sub14_lo.txt
14,low,0,39,sub14_lo.txt
14,low,0,40,sub14_lo.txt
14,low,0,41,sub14_lo.txt
14,low,0,42,sub14_lo.txt
14,low,0,43,sub14_lo.txt
14,low,0,44,sub14_lo.txt
14,low,0,45,sub14_lo.txt
14,low,0,46,sub14_lo.txt
14,low,0,47,sub14_lo.txt
14,low,0,48,sub14_lo.txt
14,low,0,49,sub14_lo.txt
14,low,0,50,sub14_lo.txt
14,low,0,51,sub14_lo.txt
14,low,0,52,sub14_lo.txt
14,low,0,53,sub14_lo.txt
14,low,0,54,sub14_lo.txt
14,low,0,55,sub14_lo.txt
14,low,0,56,sub14_lo.txt
14,low,0,57,sub14_lo.txt
14,low,0,58,sub14_lo.txt
14,low,0,59,sub14_lo.txt
14,low,0,60,sub14_lo.txt
14,low,0,61,sub14_lo.txt
14,low,0,62,sub14_lo.txt
14,low,0,63,sub14_lo.txt
14,low,0,64,sub14_lo.txt
14,low,0,65,sub14_lo.txt
14,low,0,66,sub14_lo.txt
14,low,0,67,sub14_lo.txt
14,low,0,68,sub14_lo.txt
14,low,0,69,sub14_lo.txt
14,low,0,70,sub14_lo.txt
14,low,0,71,sub14_lo.txt
14,low,0,72,sub14_lo.txt
14,low,0,73,sub14_lo.txt
15,high,1,0,sub15_hi.txt
15,high,1,1,sub15_hi.txt
15,high,1,2,sub15_hi.txt
15,high,1,3,sub15_hi.txt
15,high,1,4,sub15_hi.txt
15,high,1,5,sub15_hi.txt
15,high,1,6,sub15_hi.txt
15,high,1,7,sub15_hi.txt
15,high,1,8,sub15_hi.txt
15,high,1,9,sub15_hi.txt
15,high,1,10,sub15_hi.txt
15,high,1,11,sub15_hi.txt
15,high,1,12,sub15_hi.txt
15,high,1,13,sub15_hi.txt
15,high,1,14,sub15_hi.txt
15,high,1,15,sub15_hi.txt
15,high,1,16,sub15_hi.txt
15,high,1,17,sub15_hi.txt
15,high,1,18,sub15_hi.txt
15,high,1,19,sub15_hi.txt
15,high,1,20,sub15_hi.txt
15,high,1,21,sub15_hi.txt
15,high,1,22,sub15_hi.txt
15,high,1,23,sub15_hi.txt
15,high,1,24,sub15_hi.txt
15,high,1,25,sub15_hi.txt
15,high,1,26,sub15_hi.txt
15,high,1,27,sub15_hi.txt
15,high,1,28,sub15_hi.txt
15,high,1,29,sub15_hi.txt
15,high,1,30,sub15_hi.txt
15,high,1,31,sub15_hi.txt
15,high,1,32,sub15_hi.txt
15,high,1,33,sub15_hi.txt
15,high,1,34,sub15_hi.txt
15,high,1,35,sub15_hi.txt
15,high,1,36,sub15_hi.txt
15,high,1,37,sub15_hi.txt
15,high,1,38,sub15_hi.txt
15,high,1,39,sub15_hi.txt
15,high,1,40,sub15_hi.txt
15,high,1,41,sub15_hi.txt
15,high,1,42,sub15_hi.txt
15,high,1,43,sub15_hi.txt
15,high,1,44,sub15_hi.txt
15,high,1,45,sub15_hi.txt
15,high,1,46,sub15_hi.txt
15,high,1,47,sub15_hi.txt
15,high,1,48,sub15_hi.txt
15,high,1,49,sub15_hi.txt
15,high,1,50,sub15_hi.txt
15,high,1,51,sub15_hi.txt
15,high,1,52,sub15_hi.txt
15,high,1,53,sub15_hi.txt
15,high,1,54,sub15_hi.txt
15,high,1,55,sub15_hi.txt
15,high,1,56,sub15_hi.txt
15,high,1,57,sub15_hi.txt
15,high,1,58,sub15_hi.txt
15,high,1,59,sub15_hi.txt
15,high,1,60,sub15_hi.txt
15,high,1,61,sub15_hi.txt
15,high,1,62,sub15_hi.txt
15,high,1,63,sub15_hi.txt
15,high,1,64,sub15_hi.txt
15,high,1,65,sub15_hi.txt
15,high,1,66,sub15_hi.txt
15,high,1,67,sub15_hi.txt
15,high,1,68,sub15_hi.txt
15,high,1,69,sub15_hi.txt
15,high,1,70,sub15_hi.txt
15,high,1,71,sub15_hi.txt
15,high,1,72,sub15_hi.txt
15,high,1,73,sub15_hi.txt
15,low,0,0,sub15_lo.txt
15,low,0,1,sub15_lo.txt
15,low,0,2,sub15_lo.txt
15,low,0,3,sub15_lo.txt
15,low,0,4,sub15_lo.txt
15,low,0,5,sub15_lo.txt
15,low,0,6,sub15_lo.txt
15,low,0,7,sub15_lo.txt
15,low,0,8,sub15_lo.txt
15,low,0,9,sub15_lo.txt
15,low,0,10,sub15_lo.txt
15,low,0,11,sub15_lo.txt
15,low,0,12,sub15_lo.txt
15,low,0,13,sub15_lo.txt
15,low,0,14,sub15_lo.txt
15,low,0,15,sub15_lo.txt
15,low,0,16,sub15_lo.txt
15,low,0,17,sub15_lo.txt
15,low,0,18,sub15_lo.txt
15,low,0,19,sub15_lo.txt
15,low,0,20,sub15_lo.txt
15,low,0,21,sub15_lo.txt
15,low,0,22,sub15_lo.txt
15,low,0,23,sub15_lo.txt
15,low,0,24,sub15_lo.txt
15,low,0,25,sub15_lo.txt
15,low,0,26,sub15_lo.txt
15,low,0,27,sub15_lo.txt
15,low,0,28,sub15_lo.txt
15,low,0,29,sub15_lo.txt
15,low,0,30,sub15_lo.txt
15,low,0,31,sub15_lo.txt
15,low,0,32,sub15_lo.txt
15,low,0,33,sub15_lo.txt
15,low,0,34,sub15_lo.txt
15,low,0,35,sub15_lo.txt
15,low,0,36,sub15_lo.txt
15,low,0,37,sub15_lo.txt
15,low,0,38,sub15_lo.txt
15,low,0,39,sub15_lo.txt
15,low,0,40,sub15_lo.txt
15,low,0,41,sub15_lo.txt
15,low,0,42,sub15_lo.txt
15,low,0,43,sub15_lo.txt
15,low,0,44,sub15_lo.txt
15,low,0,45,sub15_lo.txt
15,low,0,46,sub15_lo.txt
15,low,0,47,sub15_lo.txt
15,low,0,48,sub15_lo.txt
15,low,0,49,sub15_lo.txt
15,low,0,50,sub15_lo.txt
15,low,0,51,sub15_lo.txt
15,low,0,52,sub15_lo.txt
15,low,0,53,sub15_lo.txt
15,low,0,54,sub15_lo.txt
15,low,0,55,sub15_lo.txt
15,low,0,56,sub15_lo.txt
15,low,0,57,sub15_lo.txt
15,low,0,58,sub15_lo.txt
15,low,0,59,sub15_lo.txt
15,low,0,60,sub15_lo.txt
15,low,0,61,sub15_lo.txt
15,low,0,62,sub15_lo.txt
15,low,0,63,sub15_lo.txt
15,low,0,64,sub15_lo.txt
15,low,0,65,sub15_lo.txt
15,low,0,66,sub15_lo.txt
15,low,0,67,sub15_lo.txt
15,low,0,68,sub15_lo.txt
15,low,0,69,sub15_lo.txt
15,low,0,70,sub15_lo.txt
15,low,0,71,sub15_lo.txt
15,low,0,72,sub15_lo.txt
15,low,0,73,sub15_lo.txt
16,high,1,0,sub16_hi.txt
16,high,1,1,sub16_hi.txt
16,high,1,2,sub16_hi.txt
16,high,1,3,sub16_hi.txt
16,high,1,4,sub16_hi.txt
16,high,1,5,sub16_hi.txt
16,high,1,6,sub16_hi.txt
16,high,1,7,sub16_hi.txt
16,high,1,8,sub16_hi.txt
16,high,1,9,sub16_hi.txt
16,high,1,10,sub16_hi.txt
16,high,1,11,sub16_hi.txt
16,high,1,12,sub16_hi.txt
16,high,1,13,sub16_hi.txt
16,high,1,14,sub16_hi.txt
16,high,1,15,sub16_hi.txt
16,high,1,16,sub16_hi.txt
16,high,1,17,sub16_hi.txt
16,high,1,18,sub16_hi.txt
16,high,1,19,sub16_hi.txt
16,high,1,20,sub16_hi.txt
16,high,1,21,sub16_hi.txt
16,high,1,22,sub16_hi.txt
16,high,1,23,sub16_hi.txt
16,high,1,24,sub16_hi.txt
16,high,1,25,sub16_hi.txt
16,high,1,26,sub16_hi.txt
16,high,1,27,sub16_hi.txt
16,high,1,28,sub16_hi.txt
16,high,1,29,sub16_hi.txt
16,high,1,30,sub16_hi.txt
16,high,1,31,sub16_hi.txt
16,high,1,32,sub16_hi.txt
16,high,1,33,sub16_hi.txt
16,high,1,34,sub16_hi.txt
16,high,1,35,sub16_hi.txt
16,high,1,36,sub16_hi.txt
16,high,1,37,sub16_hi.txt
16,high,1,38,sub16_hi.txt
16,high,1,39,sub16_hi.txt
16,high,1,40,sub16_hi.txt
16,high,1,41,sub16_hi.txt
16,high,1,42,sub16_hi.txt
16,high,1,43,sub16_hi.txt
16,high,1,44,sub16_hi.txt
16,high,1,45,sub16_hi.txt
16,high,1,46,sub16_hi.txt
16,high,1,47,sub16_hi.txt
16,high,1,48,sub16_hi.txt
16,high,1,49,sub16_hi.txt
16,high,1,50,sub16_hi.txt
16,high,1,51,sub16_hi.txt
16,high,1,52,sub16_hi.txt
16,high,1,53,sub16_hi.txt
16,high,1,54,sub16_hi.txt
16,high,1,55,sub16_hi.txt
16,high,1,56,sub16_hi.txt
16,high,1,57,sub16_hi.txt
16,high,1,58,sub16_hi.txt
16,high,1,59,sub16_hi.txt
16,high,1,60,sub16_hi.txt
16,high,1,61,sub16_hi.txt
16,high,1,62,sub16_hi.txt
16,high,1,63,sub16_hi.txt
16,high,1,64,sub16_hi.txt
16,high,1,65,sub16_hi.txt
16,high,1,66,sub16_hi.txt
16,high,1,67,sub16_hi.txt
16,high,1,68,sub16_hi.txt
16,high,1,69,sub16_hi.txt
16,high,1,70,sub16_hi.txt
16,high,1,71,sub16_hi.txt
16,high,1,72,sub16_hi.txt
16,high,1,73,sub16_hi.txt
16,low,0,0,sub16_lo.txt
16,low,0,1,sub16_lo.txt
16,low,0,2,sub16_lo.txt
16,low,0,3,sub16_lo.txt
16,low,0,4,sub16_lo.txt
16,low,0,5,sub16_lo.txt
16,low,0,6,sub16_lo.txt
16,low,0,7,sub16_lo.txt
16,low,0,8,sub16_lo.txt
16,low,0,9,sub16_lo.txt
16,low,0,10,sub16_lo.txt
16,low,0,11,sub16_lo.txt
16,low,0,12,sub16_lo.txt
16,low,0,13,sub16_lo.txt
16,low,0,14,sub16_lo.txt
16,low,0,15,sub16_lo.txt
16,low,0,16,sub16_lo.txt
16,low,0,17,sub16_lo.txt
16,low,0,18,sub16_lo.txt
16,low,0,19,sub16_lo.txt
16,low,0,20,sub16_lo.txt
16,low,0,21,sub16_lo.txt
16,low,0,22,sub16_lo.txt
16,low,0,23,sub16_lo.txt
16,low,0,24,sub16_lo.txt
16,low,0,25,sub16_lo.txt
16,low,0,26,sub16_lo.txt
16,low,0,27,sub16_lo.txt
16,low,0,28,sub16_lo.txt
16,low,0,29,sub16_lo.txt
16,low,0,30,sub16_lo.txt
16,low,0,31,sub16_lo.txt
16,low,0,32,sub16_lo.txt
16,low,0,33,sub16_lo.txt
16,low,0,34,sub16_lo.txt
16,low,0,35,sub16_lo.txt
16,low,0,36,sub16_lo.txt
16,low,0,37,sub16_lo.txt
16,low,0,38,sub16_lo.txt
16,low,0,39,sub16_lo.txt
16,low,0,40,sub16_lo.txt
16,low,0,41,sub16_lo.txt
16,low,0,42,sub16_lo.txt
16,low,0,43,sub16_lo.txt
16,low,0,44,sub16_lo.txt
16,low,0,45,sub16_lo.txt
16,low,0,46,sub16_lo.txt
16,low,0,47,sub16_lo.txt
16,low,0,48,sub16_lo.txt
16,low,0,49,sub16_lo.txt
16,low,0,50,sub16_lo.txt
16,low,0,51,sub16_lo.txt
16,low,0,52,sub16_lo.txt
16,low,0,53,sub16_lo.txt
16,low,0,54,sub16_lo.txt
16,low,0,55,sub16_lo.txt
16,low,0,56,sub16_lo.txt
16,low,0,57,sub16_lo.txt
16,low,0,58,sub16_lo.txt
16,low,0,59,sub16_lo.txt
16,low,0,60,sub16_lo.txt
16,low,0,61,sub16_lo.txt
16,low,0,62,sub16_lo.txt
16,low,0,63,sub16_lo.txt
16,low,0,64,sub16_lo.txt
16,low,0,65,sub16_lo.txt
16,low,0,66,sub16_lo.txt
16,low,0,67,sub16_lo.txt
16,low,0,68,sub16_lo.txt
16,low,0,69,sub16_lo.txt
16,low,0,70,sub16_lo.txt
16,low,0,71,sub16_lo.txt
16,low,0,72,sub16_lo.txt
16,low,0,73,sub16_lo.txt
17,high,1,0,sub17_hi.txt
17,high,1,1,sub17_hi.txt
17,high,1,2,sub17_hi.txt
17,high,1,3,sub17_hi.txt
17,high,1,4,sub17_hi.txt
17,high,1,5,sub17_hi.txt
17,high,1,6,sub17_hi.txt
17,high,1,7,sub17_hi.txt
17,high,1,8,sub17_hi.txt
17,high,1,9,sub17_hi.txt
17,high,1,10,sub17_hi.txt
17,high,1,11,sub17_hi.txt
17,high,1,12,sub17_hi.txt
17,high,1,13,sub17_hi.txt
17,high,1,14,sub17_hi.txt
17,high,1,15,sub17_hi.txt
17,high,1,16,sub17_hi.txt
17,high,1,17,sub17_hi.txt
17,high,1,18,sub17_hi.txt
17,high,1,19,sub17_hi.txt
17,high,1,20,sub17_hi.txt
17,high,1,21,sub17_hi.txt
17,high,1,22,sub17_hi.txt
17,high,1,23,sub17_hi.txt
17,high,1,24,sub17_hi.txt
17,high,1,25,sub17_hi.txt
17,high,1,26,sub17_hi.txt
17,high,1,27,sub17_hi.txt
17,high,1,28,sub17_hi.txt
17,high,1,29,sub17_hi.txt
17,high,1,30,sub17_hi.txt
17,high,1,31,sub17_hi.txt
17,high,1,32,sub17_hi.txt
17,high,1,33,sub17_hi.txt
17,high,1,34,sub17_hi.txt
17,high,1,35,sub17_hi.txt
17,high,1,36,sub17_hi.txt
17,high,1,37,sub17_hi.txt
17,high,1,38,sub17_hi.txt
17,high,1,39,sub17_hi.txt
17,high,1,40,sub17_hi.txt
17,high,1,41,sub17_hi.txt
17,high,1,42,sub17_hi.txt
17,high,1,43,sub17_hi.txt
17,high,1,44,sub17_hi.txt
17,high,1,45,sub17_hi.txt
17,high,1,46,sub17_hi.txt
17,high,1,47,sub17_hi.txt
17,high,1,48,sub17_hi.txt
17,high,1,49,sub17_hi.txt
17,high,1,50,sub17_hi.txt
17,high,1,51,sub17_hi.txt
17,high,1,52,sub17_hi.txt
17,high,1,53,sub17_hi.txt
17,high,1,54,sub17_hi.txt
17,high,1,55,sub17_hi.txt
17,high,1,56,sub17_hi.txt
17,high,1,57,sub17_hi.txt
17,high,1,58,sub17_hi.txt
17,high,1,59,sub17_hi.txt
17,high,1,60,sub17_hi.txt
17,high,1,61,sub17_hi.txt
17,high,1,62,sub17_hi.txt
17,high,1,63,sub17_hi.txt
17,high,1,64,sub17_hi.txt
17,high,1,65,sub17_hi.txt
17,high,1,66,sub17_hi.txt
17,high,1,67,sub17_hi.txt
17,high,1,68,sub17_hi.txt
17,high,1,69,sub17_hi.txt
17,high,1,70,sub17_hi.txt
17,high,1,71,sub17_hi.txt
17,high,1,72,sub17_hi.txt
17,high,1,73,sub17_hi.txt
17,low,0,0,sub17_lo.txt
17,low,0,1,sub17_lo.txt
17,low,0,2,sub17_lo.txt
17,low,0,3,sub17_lo.txt
17,low,0,4,sub17_lo.txt
17,low,0,5,sub17_lo.txt
17,low,0,6,sub17_lo.txt
17,low,0,7,sub17_lo.txt
17,low,0,8,sub17_lo.txt
17,low,0,9,sub17_lo.txt
17,low,0,10,sub17_lo.txt
17,low,0,11,sub17_lo.txt
17,low,0,12,sub17_lo.txt
17,low,0,13,sub17_lo.txt
17,low,0,14,sub17_lo.txt
17,low,0,15,sub17_lo.txt
17,low,0,16,sub17_lo.txt
17,low,0,17,sub17_lo.txt
17,low,0,18,sub17_lo.txt
17,low,0,19,sub17_lo.txt
17,low,0,20,sub17_lo.txt
17,low,0,21,sub17_lo.txt
17,low,0,22,sub17_lo.txt
17,low,0,23,sub17_lo.txt
17,low,0,24,sub17_lo.txt
17,low,0,25,sub17_lo.txt
17,low,0,26,sub17_lo.txt
17,low,0,27,sub17_lo.txt
17,low,0,28,sub17_lo.txt
17,low,0,29,sub17_lo.txt
17,low,0,30,sub17_lo.txt
17,low,0,31,sub17_lo.txt
17,low,0,32,sub17_lo.txt
17,low,0,33,sub17_lo.txt
17,low,0,34,sub17_lo.txt
17,low,0,35,sub17_lo.txt
17,low,0,36,sub17_lo.txt
17,low,0,37,sub17_lo.txt
17,low,0,38,sub17_lo.txt
17,low,0,39,sub17_lo.txt
17,low,0,40,sub17_lo.txt
17,low,0,41,sub17_lo.txt
17,low,0,42,sub17_lo.txt
17,low,0,43,sub17_lo.txt
17,low,0,44,sub17_lo.txt
17,low,0,45,sub17_lo.txt
17,low,0,46,sub17_lo.txt
17,low,0,47,sub17_lo.txt
17,low,0,48,sub17_lo.txt
17,low,0,49,sub17_lo.txt
17,low,0,50,sub17_lo.txt
17,low,0,51,sub17_lo.txt
17,low,0,52,sub17_lo.txt
17,low,0,53,sub17_lo.txt
17,low,0,54,sub17_lo.txt
17,low,0,55,sub17_lo.txt
17,low,0,56,sub17_lo.txt
17,low,0,57,sub17_lo.txt
17,low,0,58,sub17_lo.txt
17,low,0,59,sub17_lo.txt
17,low,0,60,sub17_lo.txt
17,low,0,61,sub17_lo.txt
17,low,0,62,sub17_lo.txt
17,low,0,63,sub17_lo.txt
17,low,0,64,sub17_lo.txt
17,low,0,65,sub17_lo.txt
17,low,0,66,sub17_lo.txt
17,low,0,67,sub17_lo.txt
17,low,0,68,sub17_lo.txt
17,low,0,69,sub17_lo.txt
17,low,0,70,sub17_lo.txt
17,low,0,71,sub17_lo.txt
17,low,0,72,sub17_lo.txt
17,low,0,73,sub17_lo.txt
18,high,1,0,sub18_hi.txt
18,high,1,1,sub18_hi.txt
18,high,1,2,sub18_hi.txt
18,high,1,3,sub18_hi.txt
18,high,1,4,sub18_hi.txt
18,high,1,5,sub18_hi.txt
18,high,1,6,sub18_hi.txt
18,high,1,7,sub18_hi.txt
18,high,1,8,sub18_hi.txt
18,high,1,9,sub18_hi.txt
18,high,1,10,sub18_hi.txt
18,high,1,11,sub18_hi.txt
18,high,1,12,sub18_hi.txt
18,high,1,13,sub18_hi.txt
18,high,1,14,sub18_hi.txt
18,high,1,15,sub18_hi.txt
18,high,1,16,sub18_hi.txt
18,high,1,17,sub18_hi.txt
18,high,1,18,sub18_hi.txt
18,high,1,19,sub18_hi.txt
18,high,1,20,sub18_hi.txt
18,high,1,21,sub18_hi.txt
18,high,1,22,sub18_hi.txt
18,high,1,23,sub18_hi.txt
18,high,1,24,sub18_hi.txt
18,high,1,25,sub18_hi.txt
18,high,1,26,sub18_hi.txt
18,high,1,27,sub18_hi.txt
18,high,1,28,sub18_hi.txt
18,high,1,29,sub18_hi.txt
18,high,1,30,sub18_hi.txt
18,high,1,31,sub18_hi.txt
18,high,1,32,sub18_hi.txt
18,high,1,33,sub18_hi.txt
18,high,1,34,sub18_hi.txt
18,high,1,35,sub18_hi.txt
18,high,1,36,sub18_hi.txt
18,high,1,37,sub18_hi.txt
18,high,1,38,sub18_hi.txt
18,high,1,39,sub18_hi.txt
18,high,1,40,sub18_hi.txt
18,high,1,41,sub18_hi.txt
18,high,1,42,sub18_hi.txt
18,high,1,43,sub18_hi.txt
18,high,1,44,sub18_hi.txt
18,high,1,45,sub18_hi.txt
18,high,1,46,sub18_hi.txt
18,high,1,47,sub18_hi.txt
18,high,1,48,sub18_hi.txt
18,high,1,49,sub18_hi.txt
18,high,1,50,sub18_hi.txt
18,high,1,51,sub18_hi.txt
18,high,1,52,sub18_hi.txt
18,high,1,53,sub18_hi.txt
18,high,1,54,sub18_hi.txt
18,high,1,55,sub18_hi.txt
18,high,1,56,sub18_hi.txt
18,high,1,57,sub18_hi.txt
18,high,1,58,sub18_hi.txt
18,high,1,59,sub18_hi.txt
18,high,1,60,sub18_hi.txt
18,high,1,61,sub18_hi.txt
18,high,1,62,sub18_hi.txt
18,high,1,63,sub18_hi.txt
18,high,1,64,sub18_hi.txt
18,high,1,65,sub18_hi.txt
18,high,1,66,sub18_hi.txt
18,high,1,67,sub18_hi.txt
18,high,1,68,sub18_hi.txt
18,high,1,69,sub18_hi.txt
18,high,1,70,sub18_hi.txt
18,high,1,71,sub18_hi.txt
18,high,1,72,sub18_hi.txt
18,high,1,73,sub18_hi.txt
18,low,0,0,sub18_lo.txt
18,low,0,1,sub18_lo.txt
18,low,0,2,sub18_lo.txt
18,low,0,3,sub18_lo.txt
18,low,0,4,sub18_lo.txt
18,low,0,5,sub18_lo.txt
18,low,0,6,sub18_lo.txt
18,low,0,7,sub18_lo.txt
18,low,0,8,sub18_lo.txt
18,low,0,9,sub18_lo.txt
18,low,0,10,sub18_lo.txt
18,low,0,11,sub18_lo.txt
18,low,0,12,sub18_lo.txt
18,low,0,13,sub18_lo.txt
18,low,0,14,sub18_lo.txt
18,low,0,15,sub18_lo.txt
18,low,0,16,sub18_lo.txt
18,low,0,17,sub18_lo.txt
18,low,0,18,sub18_lo.txt
18,low,0,19,sub18_lo.txt
18,low,0,20,sub18_lo.txt
18,low,0,21,sub18_lo.txt
18,low,0,22,sub18_lo.txt
18,low,0,23,sub18_lo.txt
18,low,0,24,sub18_lo.txt
18,low,0,25,sub18_lo.txt
18,low,0,26,sub18_lo.txt
18,low,0,27,sub18_lo.txt
18,low,0,28,sub18_lo.txt
18,low,0,29,sub18_lo.txt
18,low,0,30,sub18_lo.txt
18,low,0,31,sub18_lo.txt
18,low,0,32,sub18_lo.txt
18,low,0,33,sub18_lo.txt
18,low,0,34,sub18_lo.txt
18,low,0,35,sub18_lo.txt
18,low,0,36,sub18_lo.txt
18,low,0,37,sub18_lo.txt
18,low,0,38,sub18_lo.txt
18,low,0,39,sub18_lo.txt
18,low,0,40,sub18_lo.txt
18,low,0,41,sub18_lo.txt
18,low,0,42,sub18_lo.txt
18,low,0,43,sub18_lo.txt
18,low,0,44,sub18_lo.txt
18,low,0,45,sub18_lo.txt
18,low,0,46,sub18_lo.txt
18,low,0,47,sub18_lo.txt
18,low,0,48,sub18_lo.txt
18,low,0,49,sub18_lo.txt
18,low,0,50,sub18_lo.txt
18,low,0,51,sub18_lo.txt
18,low,0,52,sub18_lo.txt
18,low,0,53,sub18_lo.txt
18,low,0,54,sub18_lo.txt
18,low,0,55,sub18_lo.txt
18,low,0,56,sub18_lo.txt
18,low,0,57,sub18_lo.txt
18,low,0,58,sub18_lo.txt
18,low,0,59,sub18_lo.txt
18,low,0,60,sub18_lo.txt
18,low,0,61,sub18_lo.txt
18,low,0,62,sub18_lo.txt
18,low,0,63,sub18_lo.txt
18,low,0,64,sub18_lo.txt
18,low,0,65,sub18_lo.txt
18,low,0,66,sub18_lo.txt
18,low,0,67,sub18_lo.txt
18,low,0,68,sub18_lo.txt
18,low,0,69,sub18_lo.txt
18,low,0,70,sub18_lo.txt
18,low,0,71,sub18_lo.txt
18,low,0,72,sub18_lo.txt
18,low,0,73,sub18_lo.txt
19,high,1,0,sub19_hi.txt
19,high,1,1,sub19_hi.txt
19,high,1,2,sub19_hi.txt
19,high,1,3,sub19_hi.txt
19,high,1,4,sub19_hi.txt
19,high,1,5,sub19_hi.txt
19,high,1,6,sub19_hi.txt
19,high,1,7,sub19_hi.txt
19,high,1,8,sub19_hi.txt
19,high,1,9,sub19_hi.txt
19,high,1,10,sub19_hi.txt
19,high,1,11,sub19_hi.txt
19,high,1,12,sub19_hi.txt
19,high,1,13,sub19_hi.txt
19,high,1,14,sub19_hi.txt
19,high,1,15,sub19_hi.txt
19,high,1,16,sub19_hi.txt
19,high,1,17,sub19_hi.txt
19,high,1,18,sub19_hi.txt
19,high,1,19,sub19_hi.txt
19,high,1,20,sub19_hi.txt
19,high,1,21,sub19_hi.txt
19,high,1,22,sub19_hi.txt
19,high,1,23,sub19_hi.txt
19,high,1,24,sub19_hi.txt
19,high,1,25,sub19_hi.txt
19,high,1,26,sub19_hi.txt
19,high,1,27,sub19_hi.txt
19,high,1,28,sub19_hi.txt
19,high,1,29,sub19_hi.txt
19,high,1,30,sub19_hi.txt
19,high,1,31,sub19_hi.txt
19,high,1,32,sub19_hi.txt
19,high,1,33,sub19_hi.txt
19,high,1,34,sub19_hi.txt
19,high,1,35,sub19_hi.txt
19,high,1,36,sub19_hi.txt
19,high,1,37,sub19_hi.txt
19,high,1,38,sub19_hi.txt
19,high,1,39,sub19_hi.txt
19,high,1,40,sub19_hi.txt
19,high,1,41,sub19_hi.txt
19,high,1,42,sub19_hi.txt
19,high,1,43,sub19_hi.txt
19,high,1,44,sub19_hi.txt
19,high,1,45,sub19_hi.txt
19,high,1,46,sub19_hi.txt
19,high,1,47,sub19_hi.txt
19,high,1,48,sub19_hi.txt
19,high,1,49,sub19_hi.txt
19,high,1,50,sub19_hi.txt
19,high,1,51,sub19_hi.txt
19,high,1,52,sub19_hi.txt
19,high,1,53,sub19_hi.txt
19,high,1,54,sub19_hi.txt
19,high,1,55,sub19_hi.txt
19,high,1,56,sub19_hi.txt
19,high,1,57,sub19_hi.txt
19,high,1,58,sub19_hi.txt
19,high,1,59,sub19_hi.txt
19,high,1,60,sub19_hi.txt
19,high,1,61,sub19_hi.txt
19,high,1,62,sub19_hi.txt
19,high,1,63,sub19_hi.txt
19,high,1,64,sub19_hi.txt
19,high,1,65,sub19_hi.txt
19,high,1,66,sub19_hi.txt
19,high,1,67,sub19_hi.txt
19,high,1,68,sub19_hi.txt
19,high,1,69,sub19_hi.txt
19,high,1,70,sub19_hi.txt
19,high,1,71,sub19_hi.txt
19,high,1,72,sub19_hi.txt
19,high,1,73,sub19_hi.txt
19,low,0,0,sub19_lo.txt
19,low,0,1,sub19_lo.txt
19,low,0,2,sub19_lo.txt
19,low,0,3,sub19_lo.txt
19,low,0,4,sub19_lo.txt
19,low,0,5,sub19_lo.txt
19,low,0,6,sub19_lo.txt
19,low,0,7,sub19_lo.txt
19,low,0,8,sub19_lo.txt
19,low,0,9,sub19_lo.txt
19,low,0,10,sub19_lo.txt
19,low,0,11,sub19_lo.txt
19,low,0,12,sub19_lo.txt
19,low,0,13,sub19_lo.txt
19,low,0,14,sub19_lo.txt
19,low,0,15,sub19_lo.txt
19,low,0,16,sub19_lo.txt
19,low,0,17,sub19_lo.txt
19,low,0,18,sub19_lo.txt
19,low,0,19,sub19_lo.txt
19,low,0,20,sub19_lo.txt
19,low,0,21,sub19_lo.txt
19,low,0,22,sub19_lo.txt
19,low,0,23,sub19_lo.txt
19,low,0,24,sub19_lo.txt
19,low,0,25,sub19_lo.txt
19,low,0,26,sub19_lo.txt
19,low,0,27,sub19_lo.txt
19,low,0,28,sub19_lo.txt
19,low,0,29,sub19_lo.txt
19,low,0,30,sub19_lo.txt
19,low,0,31,sub19_lo.txt
19,low,0,32,sub19_lo.txt
19,low,0,33,sub19_lo.txt
19,low,0,34,sub19_lo.txt
19,low,0,35,sub19_lo.txt
19,low,0,36,sub19_lo.txt
19,low,0,37,sub19_lo.txt
19,low,0,38,sub19_lo.txt
19,low,0,39,sub19_lo.txt
19,low,0,40,sub19_lo.txt
19,low,0,41,sub19_lo.txt
19,low,0,42,sub19_lo.txt
19,low,0,43,sub19_lo.txt
19,low,0,44,sub19_lo.txt
19,low,0,45,sub19_lo.txt
19,low,0,46,sub19_lo.txt
19,low,0,47,sub19_lo.txt
19,low,0,48,sub19_lo.txt
19,low,0,49,sub19_lo.txt
19,low,0,50,sub19_lo.txt
19,low,0,51,sub19_lo.txt
19,low,0,52,sub19_lo.txt
19,low,0,53,sub19_lo.txt
19,low,0,54,sub19_lo.txt
19,low,0,55,sub19_lo.txt
19,low,0,56,sub19_lo.txt
19,low,0,57,sub19_lo.txt
19,low,0,58,sub19_lo.txt
19,low,0,59,sub19_lo.txt
19,low,0,60,sub19_lo.txt
19,low,0,61,sub19_lo.txt
19,low,0,62,sub19_lo.txt
19,low,0,63,sub19_lo.txt
19,low,0,64,sub19_lo.txt
19,low,0,65,sub19_lo.txt
19,low,0,66,sub19_lo.txt
19,low,0,67,sub19_lo.txt
19,low,0,68,sub19_lo.txt
19,low,0,69,sub19_lo.txt
19,low,0,70,sub19_lo.txt
19,low,0,71,sub19_lo.txt
19,low,0,72,sub19_lo.txt
19,low,0,73,sub19_lo.txt
20,high,1,0,sub20_hi.txt
20,high,1,1,sub20_hi.txt
20,high,1,2,sub20_hi.txt
20,high,1,3,sub20_hi.txt
20,high,1,4,sub20_hi.txt
20,high,1,5,sub20_hi.txt
20,high,1,6,sub20_hi.txt
20,high,1,7,sub20_hi.txt
20,high,1,8,sub20_hi.txt
20,high,1,9,sub20_hi.txt
20,high,1,10,sub20_hi.txt
20,high,1,11,sub20_hi.txt
20,high,1,12,sub20_hi.txt
20,high,1,13,sub20_hi.txt
20,high,1,14,sub20_hi.txt
20,high,1,15,sub20_hi.txt
20,high,1,16,sub20_hi.txt
20,high,1,17,sub20_hi.txt
20,high,1,18,sub20_hi.txt
20,high,1,19,sub20_hi.txt
20,high,1,20,sub20_hi.txt
20,high,1,21,sub20_hi.txt
20,high,1,22,sub20_hi.txt
20,high,1,23,sub20_hi.txt
20,high,1,24,sub20_hi.txt
20,high,1,25,sub20_hi.txt
20,high,1,26,sub20_hi.txt
20,high,1,27,sub20_hi.txt
20,high,1,28,sub20_hi.txt
20,high,1,29,sub20_hi.txt
20,high,1,30,sub20_hi.txt
20,high,1,31,sub20_hi.txt
20,high,1,32,sub20_hi.txt
20,high,1,33,sub20_hi.txt
20,high,1,34,sub20_hi.txt
20,high,1,35,sub20_hi.txt
20,high,1,36,sub20_hi.txt
20,high,1,37,sub20_hi.txt
20,high,1,38,sub20_hi.txt
20,high,1,39,sub20_hi.txt
20,high,1,40,sub20_hi.txt
20,high,1,41,sub20_hi.txt
20,high,1,42,sub20_hi.txt
20,high,1,43,sub20_hi.txt
20,high,1,44,sub20_hi.txt
20,high,1,45,sub20_hi.txt
20,high,1,46,sub20_hi.txt
20,high,1,47,sub20_hi.txt
20,high,1,48,sub20_hi.txt
20,high,1,49,sub20_hi.txt
20,high,1,50,sub20_hi.txt
20,high,1,51,sub20_hi.txt
20,high,1,52,sub20_hi.txt
20,high,1,53,sub20_hi.txt
20,high,1,54,sub20_hi.txt
20,high,1,55,sub20_hi.txt
20,high,1,56,sub20_hi.txt
20,high,1,57,sub20_hi.txt
20,high,1,58,sub20_hi.txt
20,high,1,59,sub20_hi.txt
20,high,1,60,sub20_hi.txt
20,high,1,61,sub20_hi.txt
20,high,1,62,sub20_hi.txt
20,high,1,63,sub20_hi.txt
20,high,1,64,sub20_hi.txt
20,high,1,65,sub20_hi.txt
20,high,1,66,sub20_hi.txt
20,high,1,67,sub20_hi.txt
20,high,1,68,sub20_hi.txt
20,high,1,69,sub20_hi.txt
20,high,1,70,sub20_hi.txt
20,high,1,71,sub20_hi.txt
20,high,1,72,sub20_hi.txt
20,high,1,73,sub20_hi.txt
20,low,0,0,sub20_lo.txt
20,low,0,1,sub20_lo.txt
20,low,0,2,sub20_lo.txt
20,low,0,3,sub20_lo.txt
20,low,0,4,sub20_lo.txt
20,low,0,5,sub20_lo.txt
20,low,0,6,sub20_lo.txt
20,low,0,7,sub20_lo.txt
20,low,0,8,sub20_lo.txt
20,low,0,9,sub20_lo.txt
20,low,0,10,sub20_lo.txt
20,low,0,11,sub20_lo.txt
20,low,0,12,sub20_lo.txt
20,low,0,13,sub20_lo.txt
20,low,0,14,sub20_lo.txt
20,low,0,15,sub20_lo.txt
20,low,0,16,sub20_lo.txt
20,low,0,17,sub20_lo.txt
20,low,0,18,sub20_lo.txt
20,low,0,19,sub20_lo.txt
20,low,0,20,sub20_lo.txt
20,low,0,21,sub20_lo.txt
20,low,0,22,sub20_lo.txt
20,low,0,23,sub20_lo.txt
20,low,0,24,sub20_lo.txt
20,low,0,25,sub20_lo.txt
20,low,0,26,sub20_lo.txt
20,low,0,27,sub20_lo.txt
20,low,0,28,sub20_lo.txt
20,low,0,29,sub20_lo.txt
20,low,0,30,sub20_lo.txt
20,low,0,31,sub20_lo.txt
20,low,0,32,sub20_lo.txt
20,low,0,33,sub20_lo.txt
20,low,0,34,sub20_lo.txt
20,low,0,35,sub20_lo.txt
20,low,0,36,sub20_lo.txt
20,low,0,37,sub20_lo.txt
20,low,0,38,sub20_lo.txt
20,low,0,39,sub20_lo.txt
20,low,0,40,sub20_lo.txt
20,low,0,41,sub20_lo.txt
20,low,0,42,sub20_lo.txt
20,low,0,43,sub20_lo.txt
20,low,0,44,sub20_lo.txt
20,low,0,45,sub20_lo.txt
20,low,0,46,sub20_lo.txt
20,low,0,47,sub20_lo.txt
20,low,0,48,sub20_lo.txt
20,low,0,49,sub20_lo.txt
20,low,0,50,sub20_lo.txt
20,low,0,51,sub20_lo.txt
20,low,0,52,sub20_lo.txt
20,low,0,53,sub20_lo.txt
20,low,0,54,sub20_lo.txt
20,low,0,55,sub20_lo.txt
20,low,0,56,sub20_lo.txt
20,low,0,57,sub20_lo.txt
20,low,0,58,sub20_lo.txt
20,low,0,59,sub20_lo.txt
20,low,0,60,sub20_lo.txt
20,low,0,61,sub20_lo.txt
20,low,0,62,sub20_lo.txt
20,low,0,63,sub20_lo.txt
20,low,0,64,sub20_lo.txt
20,low,0,65,sub20_lo.txt
20,low,0,66,sub20_lo.txt
20,low,0,67,sub20_lo.txt
20,low,0,68,sub20_lo.txt
20,low,0,69,sub20_lo.txt
20,low,0,70,sub20_lo.txt
20,low,0,71,sub20_lo.txt
20,low,0,72,sub20_lo.txt
20,low,0,73,sub20_lo.txt
21,high,1,0,sub21_hi.txt
21,high,1,1,sub21_hi.txt
21,high,1,2,sub21_hi.txt
21,high,1,3,sub21_hi.txt
21,high,1,4,sub21_hi.txt
21,high,1,5,sub21_hi.txt
21,high,1,6,sub21_hi.txt
21,high,1,7,sub21_hi.txt
21,high,1,8,sub21_hi.txt
21,high,1,9,sub21_hi.txt
21,high,1,10,sub21_hi.txt
21,high,1,11,sub21_hi.txt
21,high,1,12,sub21_hi.txt
21,high,1,13,sub21_hi.txt
21,high,1,14,sub21_hi.txt
21,high,1,15,sub21_hi.txt
21,high,1,16,sub21_hi.txt
21,high,1,17,sub21_hi.txt
21,high,1,18,sub21_hi.txt
21,high,1,19,sub21_hi.txt
21,high,1,20,sub21_hi.txt
21,high,1,21,sub21_hi.txt
21,high,1,22,sub21_hi.txt
21,high,1,23,sub21_hi.txt
21,high,1,24,sub21_hi.txt
21,high,1,25,sub21_hi.txt
21,high,1,26,sub21_hi.txt
21,high,1,27,sub21_hi.txt
21,high,1,28,sub21_hi.txt
21,high,1,29,sub21_hi.txt
21,high,1,30,sub21_hi.txt
21,high,1,31,sub21_hi.txt
21,high,1,32,sub21_hi.txt
21,high,1,33,sub21_hi.txt
21,high,1,34,sub21_hi.txt
21,high,1,35,sub21_hi.txt
21,high,1,36,sub21_hi.txt
21,high,1,37,sub21_hi.txt
21,high,1,38,sub21_hi.txt
21,high,1,39,sub21_hi.txt
21,high,1,40,sub21_hi.txt
21,high,1,41,sub21_hi.txt
21,high,1,42,sub21_hi.txt
21,high,1,43,sub21_hi.txt
21,high,1,44,sub21_hi.txt
21,high,1,45,sub21_hi.txt
21,high,1,46,sub21_hi.txt
21,high,1,47,sub21_hi.txt
21,high,1,48,sub21_hi.txt
21,high,1,49,sub21_hi.txt
21,high,1,50,sub21_hi.txt
21,high,1,51,sub21_hi.txt
21,high,1,52,sub21_hi.txt
21,high,1,53,sub21_hi.txt
21,high,1,54,sub21_hi.txt
21,high,1,55,sub21_hi.txt
21,high,1,56,sub21_hi.txt
21,high,1,57,sub21_hi.txt
21,high,1,58,sub21_hi.txt
21,high,1,59,sub21_hi.txt
21,high,1,60,sub21_hi.txt
21,high,1,61,sub21_hi.txt
21,high,1,62,sub21_hi.txt
21,high,1,63,sub21_hi.txt
21,high,1,64,sub21_hi.txt
21,high,1,65,sub21_hi.txt
21,high,1,66,sub21_hi.txt
21,high,1,67,sub21_hi.txt
21,high,1,68,sub21_hi.txt
21,high,1,69,sub21_hi.txt
21,high,1,70,sub21_hi.txt
21,high,1,71,sub21_hi.txt
21,high,1,72,sub21_hi.txt
21,high,1,73,sub21_hi.txt
21,low,0,0,sub21_lo.txt
21,low,0,1,sub21_lo.txt
21,low,0,2,sub21_lo.txt
21,low,0,3,sub21_lo.txt
21,low,0,4,sub21_lo.txt
21,low,0,5,sub21_lo.txt
21,low,0,6,sub21_lo.txt
21,low,0,7,sub21_lo.txt
21,low,0,8,sub21_lo.txt
21,low,0,9,sub21_lo.txt
21,low,0,10,sub21_lo.txt
21,low,0,11,sub21_lo.txt
21,low,0,12,sub21_lo.txt
21,low,0,13,sub21_lo.txt
21,low,0,14,sub21_lo.txt
21,low,0,15,sub21_lo.txt
21,low,0,16,sub21_lo.txt
21,low,0,17,sub21_lo.txt
21,low,0,18,sub21_lo.txt
21,low,0,19,sub21_lo.txt
21,low,0,20,sub21_lo.txt
21,low,0,21,sub21_lo.txt
21,low,0,22,sub21_lo.txt
21,low,0,23,sub21_lo.txt
21,low,0,24,sub21_lo.txt
21,low,0,25,sub21_lo.txt
21,low,0,26,sub21_lo.txt
21,low,0,27,sub21_lo.txt
21,low,0,28,sub21_lo.txt
21,low,0,29,sub21_lo.txt
21,low,0,30,sub21_lo.txt
21,low,0,31,sub21_lo.txt
21,low,0,32,sub21_lo.txt
21,low,0,33,sub21_lo.txt
21,low,0,34,sub21_lo.txt
21,low,0,35,sub21_lo.txt
21,low,0,36,sub21_lo.txt
21,low,0,37,sub21_lo.txt
21,low,0,38,sub21_lo.txt
21,low,0,39,sub21_lo.txt
21,low,0,40,sub21_lo.txt
21,low,0,41,sub21_lo.txt
21,low,0,42,sub21_lo.txt
21,low,0,43,sub21_lo.txt
21,low,0,44,sub21_lo.txt
21,low,0,45,sub21_lo.txt
21,low,0,46,sub21_lo.txt
21,low,0,47,sub21_lo.txt
21,low,0,48,sub21_lo.txt
21,low,0,49,sub21_lo.txt
21,low,0,50,sub21_lo.txt
21,low,0,51,sub21_lo.txt
21,low,0,52,sub21_lo.txt
21,low,0,53,sub21_lo.txt
21,low,0,54,sub21_lo.txt
21,low,0,55,sub21_lo.txt
21,low,0,56,sub21_lo.txt
21,low,0,57,sub21_lo.txt
21,low,0,58,sub21_lo.txt
21,low,0,59,sub21_lo.txt
21,low,0,60,sub21_lo.txt
21,low,0,61,sub21_lo.txt
21,low,0,62,sub21_lo.txt
21,low,0,63,sub21_lo.txt
21,low,0,64,sub21_lo.txt
21,low,0,65,sub21_lo.txt
21,low,0,66,sub21_lo.txt
21,low,0,67,sub21_lo.txt
21,low,0,68,sub21_lo.txt
21,low,0,69,sub21_lo.txt
21,low,0,70,sub21_lo.txt
21,low,0,71,sub21_lo.txt
21,low,0,72,sub21_lo.txt
21,low,0,73,sub21_lo.txt
22,high,1,0,sub22_hi.txt
22,high,1,1,sub22_hi.txt
22,high,1,2,sub22_hi.txt
22,high,1,3,sub22_hi.txt
22,high,1,4,sub22_hi.txt
22,high,1,5,sub22_hi.txt
22,high,1,6,sub22_hi.txt
22,high,1,7,sub22_hi.txt
22,high,1,8,sub22_hi.txt
22,high,1,9,sub22_hi.txt
22,high,1,10,sub22_hi.txt
22,high,1,11,sub22_hi.txt
22,high,1,12,sub22_hi.txt
22,high,1,13,sub22_hi.txt
22,high,1,14,sub22_hi.txt
22,high,1,15,sub22_hi.txt
22,high,1,16,sub22_hi.txt
22,high,1,17,sub22_hi.txt
22,high,1,18,sub22_hi.txt
22,high,1,19,sub22_hi.txt
22,high,1,20,sub22_hi.txt
22,high,1,21,sub22_hi.txt
22,high,1,22,sub22_hi.txt
22,high,1,23,sub22_hi.txt
22,high,1,24,sub22_hi.txt
22,high,1,25,sub22_hi.txt
22,high,1,26,sub22_hi.txt
22,high,1,27,sub22_hi.txt
22,high,1,28,sub22_hi.txt
22,high,1,29,sub22_hi.txt
22,high,1,30,sub22_hi.txt
22,high,1,31,sub22_hi.txt
22,high,1,32,sub22_hi.txt
22,high,1,33,sub22_hi.txt
22,high,1,34,sub22_hi.txt
22,high,1,35,sub22_hi.txt
22,high,1,36,sub22_hi.txt
22,high,1,37,sub22_hi.txt
22,high,1,38,sub22_hi.txt
22,high,1,39,sub22_hi.txt
22,high,1,40,sub22_hi.txt
22,high,1,41,sub22_hi.txt
22,high,1,42,sub22_hi.txt
22,high,1,43,sub22_hi.txt
22,high,1,44,sub22_hi.txt
22,high,1,45,sub22_hi.txt
22,high,1,46,sub22_hi.txt
22,high,1,47,sub22_hi.txt
22,high,1,48,sub22_hi.txt
22,high,1,49,sub22_hi.txt
22,high,1,50,sub22_hi.txt
22,high,1,51,sub22_hi.txt
22,high,1,52,sub22_hi.txt
22,high,1,53,sub22_hi.txt
22,high,1,54,sub22_hi.txt
22,high,1,55,sub22_hi.txt
22,high,1,56,sub22_hi.txt
22,high,1,57,sub22_hi.txt
22,high,1,58,sub22_hi.txt
22,high,1,59,sub22_hi.txt
22,high,1,60,sub22_hi.txt
22,high,1,61,sub22_hi.txt
22,high,1,62,sub22_hi.txt
22,high,1,63,sub22_hi.txt
22,high,1,64,sub22_hi.txt
22,high,1,65,sub22_hi.txt
22,high,1,66,sub22_hi.txt
22,high,1,67,sub22_hi.txt
22,high,1,68,sub22_hi.txt
22,high,1,69,sub22_hi.txt
22,high,1,70,sub22_hi.txt
22,high,1,71,sub22_hi.txt
22,high,1,72,sub22_hi.txt
22,high,1,73,sub22_hi.txt
22,low,0,0,sub22_lo.txt
22,low,0,1,sub22_lo.txt
22,low,0,2,sub22_lo.txt
22,low,0,3,sub22_lo.txt
22,low,0,4,sub22_lo.txt
22,low,0,5,sub22_lo.txt
22,low,0,6,sub22_lo.txt
22,low,0,7,sub22_lo.txt
22,low,0,8,sub22_lo.txt
22,low,0,9,sub22_lo.txt
22,low,0,10,sub22_lo.txt
22,low,0,11,sub22_lo.txt
22,low,0,12,sub22_lo.txt
22,low,0,13,sub22_lo.txt
22,low,0,14,sub22_lo.txt
22,low,0,15,sub22_lo.txt
22,low,0,16,sub22_lo.txt
22,low,0,17,sub22_lo.txt
22,low,0,18,sub22_lo.txt
22,low,0,19,sub22_lo.txt
22,low,0,20,sub22_lo.txt
22,low,0,21,sub22_lo.txt
22,low,0,22,sub22_lo.txt
22,low,0,23,sub22_lo.txt
22,low,0,24,sub22_lo.txt
22,low,0,25,sub22_lo.txt
22,low,0,26,sub22_lo.txt
22,low,0,27,sub22_lo.txt
22,low,0,28,sub22_lo.txt
22,low,0,29,sub22_lo.txt
22,low,0,30,sub22_lo.txt
22,low,0,31,sub22_lo.txt
22,low,0,32,sub22_lo.txt
22,low,0,33,sub22_lo.txt
22,low,0,34,sub22_lo.txt
22,low,0,35,sub22_lo.txt
22,low,0,36,sub22_lo.txt
22,low,0,37,sub22_lo.txt
22,low,0,38,sub22_lo.txt
22,low,0,39,sub22_lo.txt
22,low,0,40,sub22_lo.txt
22,low,0,41,sub22_lo.txt
22,low,0,42,sub22_lo.txt
22,low,0,43,sub22_lo.txt
22,low,0,44,sub22_lo.txt
22,low,0,45,sub22_lo.txt
22,low,0,46,sub22_lo.txt
22,low,0,47,sub22_lo.txt
22,low,0,48,sub22_lo.txt
22,low,0,49,sub22_lo.txt
22,low,0,50,sub22_lo.txt
22,low,0,51,sub22_lo.txt
22,low,0,52,sub22_lo.txt
22,low,0,53,sub22_lo.txt
22,low,0,54,sub22_lo.txt
22,low,0,55,sub22_lo.txt
22,low,0,56,sub22_lo.txt
22,low,0,57,sub22_lo.txt
22,low,0,58,sub22_lo.txt
22,low,0,59,sub22_lo.txt
22,low,0,60,sub22_lo.txt
22,low,0,61,sub22_lo.txt
22,low,0,62,sub22_lo.txt
22,low,0,63,sub22_lo.txt
22,low,0,64,sub22_lo.txt
22,low,0,65,sub22_lo.txt
22,low,0,66,sub22_lo.txt
22,low,0,67,sub22_lo.txt
22,low,0,68,sub22_lo.txt
22,low,0,69,sub22_lo.txt
22,low,0,70,sub22_lo.txt
22,low,0,71,sub22_lo.txt
22,low,0,72,sub22_lo.txt
22,low,0,73,sub22_lo.txt
23,high,1,0,sub23_hi.txt
23,high,1,1,sub23_hi.txt
23,high,1,2,sub23_hi.txt
23,high,1,3,sub23_hi.txt
23,high,1,4,sub23_hi.txt
23,high,1,5,sub23_hi.txt
23,high,1,6,sub23_hi.txt
23,high,1,7,sub23_hi.txt
23,high,1,8,sub23_hi.txt
23,high,1,9,sub23_hi.txt
23,high,1,10,sub23_hi.txt
23,high,1,11,sub23_hi.txt
23,high,1,12,sub23_hi.txt
23,high,1,13,sub23_hi.txt
23,high,1,14,sub23_hi.txt
23,high,1,15,sub23_hi.txt
23,high,1,16,sub23_hi.txt
23,high,1,17,sub23_hi.txt
23,high,1,18,sub23_hi.txt
23,high,1,19,sub23_hi.txt
23,high,1,20,sub23_hi.txt
23,high,1,21,sub23_hi.txt
23,high,1,22,sub23_hi.txt
23,high,1,23,sub23_hi.txt
23,high,1,24,sub23_hi.txt
23,high,1,25,sub23_hi.txt
23,high,1,26,sub23_hi.txt
23,high,1,27,sub23_hi.txt
23,high,1,28,sub23_hi.txt
23,high,1,29,sub23_hi.txt
23,high,1,30,sub23_hi.txt
23,high,1,31,sub23_hi.txt
23,high,1,32,sub23_hi.txt
23,high,1,33,sub23_hi.txt
23,high,1,34,sub23_hi.txt
23,high,1,35,sub23_hi.txt
23,high,1,36,sub23_hi.txt
23,high,1,37,sub23_hi.txt
23,high,1,38,sub23_hi.txt
23,high,1,39,sub23_hi.txt
23,high,1,40,sub23_hi.txt
23,high,1,41,sub23_hi.txt
23,high,1,42,sub23_hi.txt
23,high,1,43,sub23_hi.txt
23,high,1,44,sub23_hi.txt
23,high,1,45,sub23_hi.txt
23,high,1,46,sub23_hi.txt
23,high,1,47,sub23_hi.txt
23,high,1,48,sub23_hi.txt
23,high,1,49,sub23_hi.txt
23,high,1,50,sub23_hi.txt
23,high,1,51,sub23_hi.txt
23,high,1,52,sub23_hi.txt
23,high,1,53,sub23_hi.txt
23,high,1,54,sub23_hi.txt
23,high,1,55,sub23_hi.txt
23,high,1,56,sub23_hi.txt
23,high,1,57,sub23_hi.txt
23,high,1,58,sub23_hi.txt
23,high,1,59,sub23_hi.txt
23,high,1,60,sub23_hi.txt
23,high,1,61,sub23_hi.txt
23,high,1,62,sub23_hi.txt
23,high,1,63,sub23_hi.txt
23,high,1,64,sub23_hi.txt
23,high,1,65,sub23_hi.txt
23,high,1,66,sub23_hi.txt
23,high,1,67,sub23_hi.txt
23,high,1,68,sub23_hi.txt
23,high,1,69,sub23_hi.txt
23,high,1,70,sub23_hi.txt
23,high,1,71,sub23_hi.txt
23,high,1,72,sub23_hi.txt
23,high,1,73,sub23_hi.txt
23,low,0,0,sub23_lo.txt
23,low,0,1,sub23_lo.txt
23,low,0,2,sub23_lo.txt
23,low,0,3,sub23_lo.txt
23,low,0,4,sub23_lo.txt
23,low,0,5,sub23_lo.txt
23,low,0,6,sub23_lo.txt
23,low,0,7,sub23_lo.txt
23,low,0,8,sub23_lo.txt
23,low,0,9,sub23_lo.txt
23,low,0,10,sub23_lo.txt
23,low,0,11,sub23_lo.txt
23,low,0,12,sub23_lo.txt
23,low,0,13,sub23_lo.txt
23,low,0,14,sub23_lo.txt
23,low,0,15,sub23_lo.txt
23,low,0,16,sub23_lo.txt
23,low,0,17,sub23_lo.txt
23,low,0,18,sub23_lo.txt
23,low,0,19,sub23_lo.txt
23,low,0,20,sub23_lo.txt
23,low,0,21,sub23_lo.txt
23,low,0,22,sub23_lo.txt
23,low,0,23,sub23_lo.txt
23,low,0,24,sub23_lo.txt
23,low,0,25,sub23_lo.txt
23,low,0,26,sub23_lo.txt
23,low,0,27,sub23_lo.txt
23,low,0,28,sub23_lo.txt
23,low,0,29,sub23_lo.txt
23,low,0,30,sub23_lo.txt
23,low,0,31,sub23_lo.txt
23,low,0,32,sub23_lo.txt
23,low,0,33,sub23_lo.txt
23,low,0,34,sub23_lo.txt
23,low,0,35,sub23_lo.txt
23,low,0,36,sub23_lo.txt
23,low,0,37,sub23_lo.txt
23,low,0,38,sub23_lo.txt
23,low,0,39,sub23_lo.txt
23,low,0,40,sub23_lo.txt
23,low,0,41,sub23_lo.txt
23,low,0,42,sub23_lo.txt
23,low,0,43,sub23_lo.txt
23,low,0,44,sub23_lo.txt
23,low,0,45,sub23_lo.txt
23,low,0,46,sub23_lo.txt
23,low,0,47,sub23_lo.txt
23,low,0,48,sub23_lo.txt
23,low,0,49,sub23_lo.txt
23,low,0,50,sub23_lo.txt
23,low,0,51,sub23_lo.txt
23,low,0,52,sub23_lo.txt
23,low,0,53,sub23_lo.txt
23,low,0,54,sub23_lo.txt
23,low,0,55,sub23_lo.txt
23,low,0,56,sub23_lo.txt
23,low,0,57,sub23_lo.txt
23,low,0,58,sub23_lo.txt
23,low,0,59,sub23_lo.txt
23,low,0,60,sub23_lo.txt
23,low,0,61,sub23_lo.txt
23,low,0,62,sub23_lo.txt
23,low,0,63,sub23_lo.txt
23,low,0,64,sub23_lo.txt
23,low,0,65,sub23_lo.txt
23,low,0,66,sub23_lo.txt
23,low,0,67,sub23_lo.txt
23,low,0,68,sub23_lo.txt
23,low,0,69,sub23_lo.txt
23,low,0,70,sub23_lo.txt
23,low,0,71,sub23_lo.txt
23,low,0,72,sub23_lo.txt
23,low,0,73,sub23_lo.txt
24,high,1,0,sub24_hi.txt
24,high,1,1,sub24_hi.txt
24,high,1,2,sub24_hi.txt
24,high,1,3,sub24_hi.txt
24,high,1,4,sub24_hi.txt
24,high,1,5,sub24_hi.txt
24,high,1,6,sub24_hi.txt
24,high,1,7,sub24_hi.txt
24,high,1,8,sub24_hi.txt
24,high,1,9,sub24_hi.txt
24,high,1,10,sub24_hi.txt
24,high,1,11,sub24_hi.txt
24,high,1,12,sub24_hi.txt
24,high,1,13,sub24_hi.txt
24,high,1,14,sub24_hi.txt
24,high,1,15,sub24_hi.txt
24,high,1,16,sub24_hi.txt
24,high,1,17,sub24_hi.txt
24,high,1,18,sub24_hi.txt
24,high,1,19,sub24_hi.txt
24,high,1,20,sub24_hi.txt
24,high,1,21,sub24_hi.txt
24,high,1,22,sub24_hi.txt
24,high,1,23,sub24_hi.txt
24,high,1,24,sub24_hi.txt
24,high,1,25,sub24_hi.txt
24,high,1,26,sub24_hi.txt
24,high,1,27,sub24_hi.txt
24,high,1,28,sub24_hi.txt
24,high,1,29,sub24_hi.txt
24,high,1,30,sub24_hi.txt
24,high,1,31,sub24_hi.txt
24,high,1,32,sub24_hi.txt
24,high,1,33,sub24_hi.txt
24,high,1,34,sub24_hi.txt
24,high,1,35,sub24_hi.txt
24,high,1,36,sub24_hi.txt
24,high,1,37,sub24_hi.txt
24,high,1,38,sub24_hi.txt
24,high,1,39,sub24_hi.txt
24,high,1,40,sub24_hi.txt
24,high,1,41,sub24_hi.txt
24,high,1,42,sub24_hi.txt
24,high,1,43,sub24_hi.txt
24,high,1,44,sub24_hi.txt
24,high,1,45,sub24_hi.txt
24,high,1,46,sub24_hi.txt
24,high,1,47,sub24_hi.txt
24,high,1,48,sub24_hi.txt
24,high,1,49,sub24_hi.txt
24,high,1,50,sub24_hi.txt
24,high,1,51,sub24_hi.txt
24,high,1,52,sub24_hi.txt
24,high,1,53,sub24_hi.txt
24,high,1,54,sub24_hi.txt
24,high,1,55,sub24_hi.txt
24,high,1,56,sub24_hi.txt
24,high,1,57,sub24_hi.txt
24,high,1,58,sub24_hi.txt
24,high,1,59,sub24_hi.txt
24,high,1,60,sub24_hi.txt
24,high,1,61,sub24_hi.txt
24,high,1,62,sub24_hi.txt
24,high,1,63,sub24_hi.txt
24,high,1,64,sub24_hi.txt
24,high,1,65,sub24_hi.txt
24,high,1,66,sub24_hi.txt
24,high,1,67,sub24_hi.txt
24,high,1,68,sub24_hi.txt
24,high,1,69,sub24_hi.txt
24,high,1,70,sub24_hi.txt
24,high,1,71,sub24_hi.txt
24,high,1,72,sub24_hi.txt
24,high,1,73,sub24_hi.txt
24,low,0,0,sub24_lo.txt
24,low,0,1,sub24_lo.txt
24,low,0,2,sub24_lo.txt
24,low,0,3,sub24_lo.txt
24,low,0,4,sub24_lo.txt
24,low,0,5,sub24_lo.txt
24,low,0,6,sub24_lo.txt
24,low,0,7,sub24_lo.txt
24,low,0,8,sub24_lo.txt
24,low,0,9,sub24_lo.txt
24,low,0,10,sub24_lo.txt
24,low,0,11,sub24_lo.txt
24,low,0,12,sub24_lo.txt
24,low,0,13,sub24_lo.txt
24,low,0,14,sub24_lo.txt
24,low,0,15,sub24_lo.txt
24,low,0,16,sub24_lo.txt
24,low,0,17,sub24_lo.txt
24,low,0,18,sub24_lo.txt
24,low,0,19,sub24_lo.txt
24,low,0,20,sub24_lo.txt
24,low,0,21,sub24_lo.txt
24,low,0,22,sub24_lo.txt
24,low,0,23,sub24_lo.txt
24,low,0,24,sub24_lo.txt
24,low,0,25,sub24_lo.txt
24,low,0,26,sub24_lo.txt
24,low,0,27,sub24_lo.txt
24,low,0,28,sub24_lo.txt
24,low,0,29,sub24_lo.txt
24,low,0,30,sub24_lo.txt
24,low,0,31,sub24_lo.txt
24,low,0,32,sub24_lo.txt
24,low,0,33,sub24_lo.txt
24,low,0,34,sub24_lo.txt
24,low,0,35,sub24_lo.txt
24,low,0,36,sub24_lo.txt
24,low,0,37,sub24_lo.txt
24,low,0,38,sub24_lo.txt
24,low,0,39,sub24_lo.txt
24,low,0,40,sub24_lo.txt
24,low,0,41,sub24_lo.txt
24,low,0,42,sub24_lo.txt
24,low,0,43,sub24_lo.txt
24,low,0,44,sub24_lo.txt
24,low,0,45,sub24_lo.txt
24,low,0,46,sub24_lo.txt
24,low,0,47,sub24_lo.txt
24,low,0,48,sub24_lo.txt
24,low,0,49,sub24_lo.txt
24,low,0,50,sub24_lo.txt
24,low,0,51,sub24_lo.txt
24,low,0,52,sub24_lo.txt
24,low,0,53,sub24_lo.txt
24,low,0,54,sub24_lo.txt
24,low,0,55,sub24_lo.txt
24,low,0,56,sub24_lo.txt
24,low,0,57,sub24_lo.txt
24,low,0,58,sub24_lo.txt
24,low,0,59,sub24_lo.txt
24,low,0,60,sub24_lo.txt
24,low,0,61,sub24_lo.txt
24,low,0,62,sub24_lo.txt
24,low,0,63,sub24_lo.txt
24,low,0,64,sub24_lo.txt
24,low,0,65,sub24_lo.txt
24,low,0,66,sub24_lo.txt
24,low,0,67,sub24_lo.txt
24,low,0,68,sub24_lo.txt
24,low,0,69,sub24_lo.txt
24,low,0,70,sub24_lo.txt
24,low,0,71,sub24_lo.txt
24,low,0,72,sub24_lo.txt
24,low,0,73,sub24_lo.txt
25,high,1,0,sub25_hi.txt
25,high,1,1,sub25_hi.txt
25,high,1,2,sub25_hi.txt
25,high,1,3,sub25_hi.txt
25,high,1,4,sub25_hi.txt
25,high,1,5,sub25_hi.txt
25,high,1,6,sub25_hi.txt
25,high,1,7,sub25_hi.txt
25,high,1,8,sub25_hi.txt
25,high,1,9,sub25_hi.txt
25,high,1,10,sub25_hi.txt
25,high,1,11,sub25_hi.txt
25,high,1,12,sub25_hi.txt
25,high,1,13,sub25_hi.txt
25,high,1,14,sub25_hi.txt
25,high,1,15,sub25_hi.txt
25,high,1,16,sub25_hi.txt
25,high,1,17,sub25_hi.txt
25,high,1,18,sub25_hi.txt
25,high,1,19,sub25_hi.txt
25,high,1,20,sub25_hi.txt
25,high,1,21,sub25_hi.txt
25,high,1,22,sub25_hi.txt
25,high,1,23,sub25_hi.txt
25,high,1,24,sub25_hi.txt
25,high,1,25,sub25_hi.txt
25,high,1,26,sub25_hi.txt
25,high,1,27,sub25_hi.txt
25,high,1,28,sub25_hi.txt
25,high,1,29,sub25_hi.txt
25,high,1,30,sub25_hi.txt
25,high,1,31,sub25_hi.txt
25,high,1,32,sub25_hi.txt
25,high,1,33,sub25_hi.txt
25,high,1,34,sub25_hi.txt
25,high,1,35,sub25_hi.txt
25,high,1,36,sub25_hi.txt
25,high,1,37,sub25_hi.txt
25,high,1,38,sub25_hi.txt
25,high,1,39,sub25_hi.txt
25,high,1,40,sub25_hi.txt
25,high,1,41,sub25_hi.txt
25,high,1,42,sub25_hi.txt
25,high,1,43,sub25_hi.txt
25,high,1,44,sub25_hi.txt
25,high,1,45,sub25_hi.txt
25,high,1,46,sub25_hi.txt
25,high,1,47,sub25_hi.txt
25,high,1,48,sub25_hi.txt
25,high,1,49,sub25_hi.txt
25,high,1,50,sub25_hi.txt
25,high,1,51,sub25_hi.txt
25,high,1,52,sub25_hi.txt
25,high,1,53,sub25_hi.txt
25,high,1,54,sub25_hi.txt
25,high,1,55,sub25_hi.txt
25,high,1,56,sub25_hi.txt
25,high,1,57,sub25_hi.txt
25,high,1,58,sub25_hi.txt
25,high,1,59,sub25_hi.txt
25,high,1,60,sub25_hi.txt
25,high,1,61,sub25_hi.txt
25,high,1,62,sub25_hi.txt
25,high,1,63,sub25_hi.txt
25,high,1,64,sub25_hi.txt
25,high,1,65,sub25_hi.txt
25,high,1,66,sub25_hi.txt
25,high,1,67,sub25_hi.txt
25,high,1,68,sub25_hi.txt
25,high,1,69,sub25_hi.txt
25,high,1,70,sub25_hi.txt
25,high,1,71,sub25_hi.txt
25,high,1,72,sub25_hi.txt
25,high,1,73,sub25_hi.txt
25,low,0,0,sub25_lo.txt
25,low,0,1,sub25_lo.txt
25,low,0,2,sub25_lo.txt
25,low,0,3,sub25_lo.txt
25,low,0,4,sub25_lo.txt
25,low,0,5,sub25_lo.txt
25,low,0,6,sub25_lo.txt
25,low,0,7,sub25_lo.txt
25,low,0,8,sub25_lo.txt
25,low,0,9,sub25_lo.txt
25,low,0,10,sub25_lo.txt
25,low,0,11,sub25_lo.txt
25,low,0,12,sub25_lo.txt
25,low,0,13,sub25_lo.txt
25,low,0,14,sub25_lo.txt
25,low,0,15,sub25_lo.txt
25,low,0,16,sub25_lo.txt
25,low,0,17,sub25_lo.txt
25,low,0,18,sub25_lo.txt
25,low,0,19,sub25_lo.txt
25,low,0,20,sub25_lo.txt
25,low,0,21,sub25_lo.txt
25,low,0,22,sub25_lo.txt
25,low,0,23,sub25_lo.txt
25,low,0,24,sub25_lo.txt
25,low,0,25,sub25_lo.txt
25,low,0,26,sub25_lo.txt
25,low,0,27,sub25_lo.txt
25,low,0,28,sub25_lo.txt
25,low,0,29,sub25_lo.txt
25,low,0,30,sub25_lo.txt
25,low,0,31,sub25_lo.txt
25,low,0,32,sub25_lo.txt
25,low,0,33,sub25_lo.txt
25,low,0,34,sub25_lo.txt
25,low,0,35,sub25_lo.txt
25,low,0,36,sub25_lo.txt
25,low,0,37,sub25_lo.txt
25,low,0,38,sub25_lo.txt
25,low,0,39,sub25_lo.txt
25,low,0,40,sub25_lo.txt
25,low,0,41,sub25_lo.txt
25,low,0,42,sub25_lo.txt
25,low,0,43,sub25_lo.txt
25,low,0,44,sub25_lo.txt
25,low,0,45,sub25_lo.txt
25,low,0,46,sub25_lo.txt
25,low,0,47,sub25_lo.txt
25,low,0,48,sub25_lo.txt
25,low,0,49,sub25_lo.txt
25,low,0,50,sub25_lo.txt
25,low,0,51,sub25_lo.txt
25,low,0,52,sub25_lo.txt
25,low,0,53,sub25_lo.txt
25,low,0,54,sub25_lo.txt
25,low,0,55,sub25_lo.txt
25,low,0,56,sub25_lo.txt
25,low,0,57,sub25_lo.txt
25,low,0,58,sub25_lo.txt
25,low,0,59,sub25_lo.txt
25,low,0,60,sub25_lo.txt
25,low,0,61,sub25_lo.txt
25,low,0,62,sub25_lo.txt
25,low,0,63,sub25_lo.txt
25,low,0,64,sub25_lo.txt
25,low,0,65,sub25_lo.txt
25,low,0,66,sub25_lo.txt
25,low,0,67,sub25_lo.txt
25,low,0,68,sub25_lo.txt
25,low,0,69,sub25_lo.txt
25,low,0,70,sub25_lo.txt
25,low,0,71,sub25_lo.txt
25,low,0,72,sub25_lo.txt
25,low,0,73,sub25_lo.txt
26,high,1,0,sub26_hi.txt
26,high,1,1,sub26_hi.txt
26,high,1,2,sub26_hi.txt
26,high,1,3,sub26_hi.txt
26,high,1,4,sub26_hi.txt
26,high,1,5,sub26_hi.txt
26,high,1,6,sub26_hi.txt
26,high,1,7,sub26_hi.txt
26,high,1,8,sub26_hi.txt
26,high,1,9,sub26_hi.txt
26,high,1,10,sub26_hi.txt
26,high,1,11,sub26_hi.txt
26,high,1,12,sub26_hi.txt
26,high,1,13,sub26_hi.txt
26,high,1,14,sub26_hi.txt
26,high,1,15,sub26_hi.txt
26,high,1,16,sub26_hi.txt
26,high,1,17,sub26_hi.txt
26,high,1,18,sub26_hi.txt
26,high,1,19,sub26_hi.txt
26,high,1,20,sub26_hi.txt
26,high,1,21,sub26_hi.txt
26,high,1,22,sub26_hi.txt
26,high,1,23,sub26_hi.txt
26,high,1,24,sub26_hi.txt
26,high,1,25,sub26_hi.txt
26,high,1,26,sub26_hi.txt
26,high,1,27,sub26_hi.txt
26,high,1,28,sub26_hi.txt
26,high,1,29,sub26_hi.txt
26,high,1,30,sub26_hi.txt
26,high,1,31,sub26_hi.txt
26,high,1,32,sub26_hi.txt
26,high,1,33,sub26_hi.txt
26,high,1,34,sub26_hi.txt
26,high,1,35,sub26_hi.txt
26,high,1,36,sub26_hi.txt
26,high,1,37,sub26_hi.txt
26,high,1,38,sub26_hi.txt
26,high,1,39,sub26_hi.txt
26,high,1,40,sub26_hi.txt
26,high,1,41,sub26_hi.txt
26,high,1,42,sub26_hi.txt
26,high,1,43,sub26_hi.txt
26,high,1,44,sub26_hi.txt
26,high,1,45,sub26_hi.txt
26,high,1,46,sub26_hi.txt
26,high,1,47,sub26_hi.txt
26,high,1,48,sub26_hi.txt
26,high,1,49,sub26_hi.txt
26,high,1,50,sub26_hi.txt
26,high,1,51,sub26_hi.txt
26,high,1,52,sub26_hi.txt
26,high,1,53,sub26_hi.txt
26,high,1,54,sub26_hi.txt
26,high,1,55,sub26_hi.txt
26,high,1,56,sub26_hi.txt
26,high,1,57,sub26_hi.txt
26,high,1,58,sub26_hi.txt
26,high,1,59,sub26_hi.txt
26,high,1,60,sub26_hi.txt
26,high,1,61,sub26_hi.txt
26,high,1,62,sub26_hi.txt
26,high,1,63,sub26_hi.txt
26,high,1,64,sub26_hi.txt
26,high,1,65,sub26_hi.txt
26,high,1,66,sub26_hi.txt
26,high,1,67,sub26_hi.txt
26,high,1,68,sub26_hi.txt
26,high,1,69,sub26_hi.txt
26,high,1,70,sub26_hi.txt
26,high,1,71,sub26_hi.txt
26,high,1,72,sub26_hi.txt
26,high,1,73,sub26_hi.txt
26,low,0,0,sub26_lo.txt
26,low,0,1,sub26_lo.txt
26,low,0,2,sub26_lo.txt
26,low,0,3,sub26_lo.txt
26,low,0,4,sub26_lo.txt
26,low,0,5,sub26_lo.txt
26,low,0,6,sub26_lo.txt
26,low,0,7,sub26_lo.txt
26,low,0,8,sub26_lo.txt
26,low,0,9,sub26_lo.txt
26,low,0,10,sub26_lo.txt
26,low,0,11,sub26_lo.txt
26,low,0,12,sub26_lo.txt
26,low,0,13,sub26_lo.txt
26,low,0,14,sub26_lo.txt
26,low,0,15,sub26_lo.txt
26,low,0,16,sub26_lo.txt
26,low,0,17,sub26_lo.txt
26,low,0,18,sub26_lo.txt
26,low,0,19,sub26_lo.txt
26,low,0,20,sub26_lo.txt
26,low,0,21,sub26_lo.txt
26,low,0,22,sub26_lo.txt
26,low,0,23,sub26_lo.txt
26,low,0,24,sub26_lo.txt
26,low,0,25,sub26_lo.txt
26,low,0,26,sub26_lo.txt
26,low,0,27,sub26_lo.txt
26,low,0,28,sub26_lo.txt
26,low,0,29,sub26_lo.txt
26,low,0,30,sub26_lo.txt
26,low,0,31,sub26_lo.txt
26,low,0,32,sub26_lo.txt
26,low,0,33,sub26_lo.txt
26,low,0,34,sub26_lo.txt
26,low,0,35,sub26_lo.txt
26,low,0,36,sub26_lo.txt
26,low,0,37,sub26_lo.txt
26,low,0,38,sub26_lo.txt
26,low,0,39,sub26_lo.txt
26,low,0,40,sub26_lo.txt
26,low,0,41,sub26_lo.txt
26,low,0,42,sub26_lo.txt
26,low,0,43,sub26_lo.txt
26,low,0,44,sub26_lo.txt
26,low,0,45,sub26_lo.txt
26,low,0,46,sub26_lo.txt
26,low,0,47,sub26_lo.txt
26,low,0,48,sub26_lo.txt
26,low,0,49,sub26_lo.txt
26,low,0,50,sub26_lo.txt
26,low,0,51,sub26_lo.txt
26,low,0,52,sub26_lo.txt
26,low,0,53,sub26_lo.txt
26,low,0,54,sub26_lo.txt
26,low,0,55,sub26_lo.txt
26,low,0,56,sub26_lo.txt
26,low,0,57,sub26_lo.txt
26,low,0,58,sub26_lo.txt
26,low,0,59,sub26_lo.txt
26,low,0,60,sub26_lo.txt
26,low,0,61,sub26_lo.txt
26,low,0,62,sub26_lo.txt
26,low,0,63,sub26_lo.txt
26,low,0,64,sub26_lo.txt
26,low,0,65,sub26_lo.txt
26,low,0,66,sub26_lo.txt
26,low,0,67,sub26_lo.txt
26,low,0,68,sub26_lo.txt
26,low,0,69,sub26_lo.txt
26,low,0,70,sub26_lo.txt
26,low,0,71,sub26_lo.txt
26,low,0,72,sub26_lo.txt
26,low,0,73,sub26_lo.txt
27,high,1,0,sub27_hi.txt
27,high,1,1,sub27_hi.txt
27,high,1,2,sub27_hi.txt
27,high,1,3,sub27_hi.txt
27,high,1,4,sub27_hi.txt
27,high,1,5,sub27_hi.txt
27,high,1,6,sub27_hi.txt
27,high,1,7,sub27_hi.txt
27,high,1,8,sub27_hi.txt
27,high,1,9,sub27_hi.txt
27,high,1,10,sub27_hi.txt
27,high,1,11,sub27_hi.txt
27,high,1,12,sub27_hi.txt
27,high,1,13,sub27_hi.txt
27,high,1,14,sub27_hi.txt
27,high,1,15,sub27_hi.txt
27,high,1,16,sub27_hi.txt
27,high,1,17,sub27_hi.txt
27,high,1,18,sub27_hi.txt
27,high,1,19,sub27_hi.txt
27,high,1,20,sub27_hi.txt
27,high,1,21,sub27_hi.txt
27,high,1,22,sub27_hi.txt
27,high,1,23,sub27_hi.txt
27,high,1,24,sub27_hi.txt
27,high,1,25,sub27_hi.txt
27,high,1,26,sub27_hi.txt
27,high,1,27,sub27_hi.txt
27,high,1,28,sub27_hi.txt
27,high,1,29,sub27_hi.txt
27,high,1,30,sub27_hi.txt
27,high,1,31,sub27_hi.txt
27,high,1,32,sub27_hi.txt
27,high,1,33,sub27_hi.txt
27,high,1,34,sub27_hi.txt
27,high,1,35,sub27_hi.txt
27,high,1,36,sub27_hi.txt
27,high,1,37,sub27_hi.txt
27,high,1,38,sub27_hi.txt
27,high,1,39,sub27_hi.txt
27,high,1,40,sub27_hi.txt
27,high,1,41,sub27_hi.txt
27,high,1,42,sub27_hi.txt
27,high,1,43,sub27_hi.txt
27,high,1,44,sub27_hi.txt
27,high,1,45,sub27_hi.txt
27,high,1,46,sub27_hi.txt
27,high,1,47,sub27_hi.txt
27,high,1,48,sub27_hi.txt
27,high,1,49,sub27_hi.txt
27,high,1,50,sub27_hi.txt
27,high,1,51,sub27_hi.txt
27,high,1,52,sub27_hi.txt
27,high,1,53,sub27_hi.txt
27,high,1,54,sub27_hi.txt
27,high,1,55,sub27_hi.txt
27,high,1,56,sub27_hi.txt
27,high,1,57,sub27_hi.txt
27,high,1,58,sub27_hi.txt
27,high,1,59,sub27_hi.txt
27,high,1,60,sub27_hi.txt
27,high,1,61,sub27_hi.txt
27,high,1,62,sub27_hi.txt
27,high,1,63,sub27_hi.txt
27,high,1,64,sub27_hi.txt
27,high,1,65,sub27_hi.txt
27,high,1,66,sub27_hi.txt
27,high,1,67,sub27_hi.txt
27,high,1,68,sub27_hi.txt
27,high,1,69,sub27_hi.txt
27,high,1,70,sub27_hi.txt
27,high,1,71,sub27_hi.txt
27,high,1,72,sub27_hi.txt
27,high,1,73,sub27_hi.txt
27,low,0,0,sub27_lo.txt
27,low,0,1,sub27_lo.txt
27,low,0,2,sub27_lo.txt
27,low,0,3,sub27_lo.txt
27,low,0,4,sub27_lo.txt
27,low,0,5,sub27_lo.txt
27,low,0,6,sub27_lo.txt
27,low,0,7,sub27_lo.txt
27,low,0,8,sub27_lo.txt
27,low,0,9,sub27_lo.txt
27,low,0,10,sub27_lo.txt
27,low,0,11,sub27_lo.txt
27,low,0,12,sub27_lo.txt
27,low,0,13,sub27_lo.txt
27,low,0,14,sub27_lo.txt
27,low,0,15,sub27_lo.txt
27,low,0,16,sub27_lo.txt
27,low,0,17,sub27_lo.txt
27,low,0,18,sub27_lo.txt
27,low,0,19,sub27_lo.txt
27,low,0,20,sub27_lo.txt
27,low,0,21,sub27_lo.txt
27,low,0,22,sub27_lo.txt
27,low,0,23,sub27_lo.txt
27,low,0,24,sub27_lo.txt
27,low,0,25,sub27_lo.txt
27,low,0,26,sub27_lo.txt
27,low,0,27,sub27_lo.txt
27,low,0,28,sub27_lo.txt
27,low,0,29,sub27_lo.txt
27,low,0,30,sub27_lo.txt
27,low,0,31,sub27_lo.txt
27,low,0,32,sub27_lo.txt
27,low,0,33,sub27_lo.txt
27,low,0,34,sub27_lo.txt
27,low,0,35,sub27_lo.txt
27,low,0,36,sub27_lo.txt
27,low,0,37,sub27_lo.txt
27,low,0,38,sub27_lo.txt
27,low,0,39,sub27_lo.txt
27,low,0,40,sub27_lo.txt
27,low,0,41,sub27_lo.txt
27,low,0,42,sub27_lo.txt
27,low,0,43,sub27_lo.txt
27,low,0,44,sub27_lo.txt
27,low,0,45,sub27_lo.txt
27,low,0,46,sub27_lo.txt
27,low,0,47,sub27_lo.txt
27,low,0,48,sub27_lo.txt
27,low,0,49,sub27_lo.txt
27,low,0,50,sub27_lo.txt
27,low,0,51,sub27_lo.txt
27,low,0,52,sub27_lo.txt
27,low,0,53,sub27_lo.txt
27,low,0,54,sub27_lo.txt
27,low,0,55,sub27_lo.txt
27,low,0,56,sub27_lo.txt
27,low,0,57,sub27_lo.txt
27,low,0,58,sub27_lo.txt
27,low,0,59,sub27_lo.txt
27,low,0,60,sub27_lo.txt
27,low,0,61,sub27_lo.txt
27,low,0,62,sub27_lo.txt
27,low,0,63,sub27_lo.txt
27,low,0,64,sub27_lo.txt
27,low,0,65,sub27_lo.txt
27,low,0,66,sub27_lo.txt
27,low,0,67,sub27_lo.txt
27,low,0,68,sub27_lo.txt
27,low,0,69,sub27_lo.txt
27,low,0,70,sub27_lo.txt
27,low,0,71,sub27_lo.txt
27,low,0,72,sub27_lo.txt
27,low,0,73,sub27_lo.txt
28,high,1,0,sub28_hi.txt
28,high,1,1,sub28_hi.txt
28,high,1,2,sub28_hi.txt
28,high,1,3,sub28_hi.txt
28,high,1,4,sub28_hi.txt
28,high,1,5,sub28_hi.txt
28,high,1,6,sub28_hi.txt
28,high,1,7,sub28_hi.txt
28,high,1,8,sub28_hi.txt
28,high,1,9,sub28_hi.txt
28,high,1,10,sub28_hi.txt
28,high,1,11,sub28_hi.txt
28,high,1,12,sub28_hi.txt
28,high,1,13,sub28_hi.txt
28,high,1,14,sub28_hi.txt
28,high,1,15,sub28_hi.txt
28,high,1,16,sub28_hi.txt
28,high,1,17,sub28_hi.txt
28,high,1,18,sub28_hi.txt
28,high,1,19,sub28_hi.txt
28,high,1,20,sub28_hi.txt
28,high,1,21,sub28_hi.txt
28,high,1,22,sub28_hi.txt
28,high,1,23,sub28_hi.txt
28,high,1,24,sub28_hi.txt
28,high,1,25,sub28_hi.txt
28,high,1,26,sub28_hi.txt
28,high,1,27,sub28_hi.txt
28,high,1,28,sub28_hi.txt
28,high,1,29,sub28_hi.txt
28,high,1,30,sub28_hi.txt
28,high,1,31,sub28_hi.txt
28,high,1,32,sub28_hi.txt
28,high,1,33,sub28_hi.txt
28,high,1,34,sub28_hi.txt
28,high,1,35,sub28_hi.txt
28,high,1,36,sub28_hi.txt
28,high,1,37,sub28_hi.txt
28,high,1,38,sub28_hi.txt
28,high,1,39,sub28_hi.txt
28,high,1,40,sub28_hi.txt
28,high,1,41,sub28_hi.txt
28,high,1,42,sub28_hi.txt
28,high,1,43,sub28_hi.txt
28,high,1,44,sub28_hi.txt
28,high,1,45,sub28_hi.txt
28,high,1,46,sub28_hi.txt
28,high,1,47,sub28_hi.txt
28,high,1,48,sub28_hi.txt
28,high,1,49,sub28_hi.txt
28,high,1,50,sub28_hi.txt
28,high,1,51,sub28_hi.txt
28,high,1,52,sub28_hi.txt
28,high,1,53,sub28_hi.txt
28,high,1,54,sub28_hi.txt
28,high,1,55,sub28_hi.txt
28,high,1,56,sub28_hi.txt
28,high,1,57,sub28_hi.txt
28,high,1,58,sub28_hi.txt
28,high,1,59,sub28_hi.txt
28,high,1,60,sub28_hi.txt
28,high,1,61,sub28_hi.txt
28,high,1,62,sub28_hi.txt
28,high,1,63,sub28_hi.txt
28,high,1,64,sub28_hi.txt
28,high,1,65,sub28_hi.txt
28,high,1,66,sub28_hi.txt
28,high,1,67,sub28_hi.txt
28,high,1,68,sub28_hi.txt
28,high,1,69,sub28_hi.txt
28,high,1,70,sub28_hi.txt
28,high,1,71,sub28_hi.txt
28,high,1,72,sub28_hi.txt
28,high,1,73,sub28_hi.txt
28,low,0,0,sub28_lo.txt
28,low,0,1,sub28_lo.txt
28,low,0,2,sub28_lo.txt
28,low,0,3,sub28_lo.txt
28,low,0,4,sub28_lo.txt
28,low,0,5,sub28_lo.txt
28,low,0,6,sub28_lo.txt
28,low,0,7,sub28_lo.txt
28,low,0,8,sub28_lo.txt
28,low,0,9,sub28_lo.txt
28,low,0,10,sub28_lo.txt
28,low,0,11,sub28_lo.txt
28,low,0,12,sub28_lo.txt
28,low,0,13,sub28_lo.txt
28,low,0,14,sub28_lo.txt
28,low,0,15,sub28_lo.txt
28,low,0,16,sub28_lo.txt
28,low,0,17,sub28_lo.txt
28,low,0,18,sub28_lo.txt
28,low,0,19,sub28_lo.txt
28,low,0,20,sub28_lo.txt
28,low,0,21,sub28_lo.txt
28,low,0,22,sub28_lo.txt
28,low,0,23,sub28_lo.txt
28,low,0,24,sub28_lo.txt
28,low,0,25,sub28_lo.txt
28,low,0,26,sub28_lo.txt
28,low,0,27,sub28_lo.txt
28,low,0,28,sub28_lo.txt
28,low,0,29,sub28_lo.txt
28,low,0,30,sub28_lo.txt
28,low,0,31,sub28_lo.txt
28,low,0,32,sub28_lo.txt
28,low,0,33,sub28_lo.txt
28,low,0,34,sub28_lo.txt
28,low,0,35,sub28_lo.txt
28,low,0,36,sub28_lo.txt
28,low,0,37,sub28_lo.txt
28,low,0,38,sub28_lo.txt
28,low,0,39,sub28_lo.txt
28,low,0,40,sub28_lo.txt
28,low,0,41,sub28_lo.txt
28,low,0,42,sub28_lo.txt
28,low,0,43,sub28_lo.txt
28,low,0,44,sub28_lo.txt
28,low,0,45,sub28_lo.txt
28,low,0,46,sub28_lo.txt
28,low,0,47,sub28_lo.txt
28,low,0,48,sub28_lo.txt
28,low,0,49,sub28_lo.txt
28,low,0,50,sub28_lo.txt
28,low,0,51,sub28_lo.txt
28,low,0,52,sub28_lo.txt
28,low,0,53,sub28_lo.txt
28,low,0,54,sub28_lo.txt
28,low,0,55,sub28_lo.txt
28,low,0,56,sub28_lo.txt
28,low,0,57,sub28_lo.txt
28,low,0,58,sub28_lo.txt
28,low,0,59,sub28_lo.txt
28,low,0,60,sub28_lo.txt
28,low,0,61,sub28_lo.txt
28,low,0,62,sub28_lo.txt
28,low,0,63,sub28_lo.txt
28,low,0,64,sub28_lo.txt
28,low,0,65,sub28_lo.txt
28,low,0,66,sub28_lo.txt
28,low,0,67,sub28_lo.txt
28,low,0,68,sub28_lo.txt
28,low,0,69,sub28_lo.txt
28,low,0,70,sub28_lo.txt
28,low,0,71,sub28_lo.txt
28,low,0,72,sub28_lo.txt
28,low,0,73,sub28_lo.txt
29,high,1,0,sub29_hi.txt
29,high,1,1,sub29_hi.txt
29,high,1,2,sub29_hi.txt
29,high,1,3,sub29_hi.txt
29,high,1,4,sub29_hi.txt
29,high,1,5,sub29_hi.txt
29,high,1,6,sub29_hi.txt
29,high,1,7,sub29_hi.txt
29,high,1,8,sub29_hi.txt
29,high,1,9,sub29_hi.txt
29,high,1,10,sub29_hi.txt
29,high,1,11,sub29_hi.txt
29,high,1,12,sub29_hi.txt
29,high,1,13,sub29_hi.txt
29,high,1,14,sub29_hi.txt
29,high,1,15,sub29_hi.txt
29,high,1,16,sub29_hi.txt
29,high,1,17,sub29_hi.txt
29,high,1,18,sub29_hi.txt
29,high,1,19,sub29_hi.txt
29,high,1,20,sub29_hi.txt
29,high,1,21,sub29_hi.txt
29,high,1,22,sub29_hi.txt
29,high,1,23,sub29_hi.txt
29,high,1,24,sub29_hi.txt
29,high,1,25,sub29_hi.txt
29,high,1,26,sub29_hi.txt
29,high,1,27,sub29_hi.txt
29,high,1,28,sub29_hi.txt
29,high,1,29,sub29_hi.txt
29,high,1,30,sub29_hi.txt
29,high,1,31,sub29_hi.txt
29,high,1,32,sub29_hi.txt
29,high,1,33,sub29_hi.txt
29,high,1,34,sub29_hi.txt
29,high,1,35,sub29_hi.txt
29,high,1,36,sub29_hi.txt
29,high,1,37,sub29_hi.txt
29,high,1,38,sub29_hi.txt
29,high,1,39,sub29_hi.txt
29,high,1,40,sub29_hi.txt
29,high,1,41,sub29_hi.txt
29,high,1,42,sub29_hi.txt
29,high,1,43,sub29_hi.txt
29,high,1,44,sub29_hi.txt
29,high,1,45,sub29_hi.txt
29,high,1,46,sub29_hi.txt
29,high,1,47,sub29_hi.txt
29,high,1,48,sub29_hi.txt
29,high,1,49,sub29_hi.txt
29,high,1,50,sub29_hi.txt
29,high,1,51,sub29_hi.txt
29,high,1,52,sub29_hi.txt
29,high,1,53,sub29_hi.txt
29,high,1,54,sub29_hi.txt
29,high,1,55,sub29_hi.txt
29,high,1,56,sub29_hi.txt
29,high,1,57,sub29_hi.txt
29,high,1,58,sub29_hi.txt
29,high,1,59,sub29_hi.txt
29,high,1,60,sub29_hi.txt
29,high,1,61,sub29_hi.txt
29,high,1,62,sub29_hi.txt
29,high,1,63,sub29_hi.txt
29,high,1,64,sub29_hi.txt
29,high,1,65,sub29_hi.txt
29,high,1,66,sub29_hi.txt
29,high,1,67,sub29_hi.txt
29,high,1,68,sub29_hi.txt
29,high,1,69,sub29_hi.txt
29,high,1,70,sub29_hi.txt
29,high,1,71,sub29_hi.txt
29,high,1,72,sub29_hi.txt
29,high,1,73,sub29_hi.txt
29,low,0,0,sub29_lo.txt
29,low,0,1,sub29_lo.txt
29,low,0,2,sub29_lo.txt
29,low,0,3,sub29_lo.txt
29,low,0,4,sub29_lo.txt
29,low,0,5,sub29_lo.txt
29,low,0,6,sub29_lo.txt
29,low,0,7,sub29_lo.txt
29,low,0,8,sub29_lo.txt
29,low,0,9,sub29_lo.txt
29,low,0,10,sub29_lo.txt
29,low,0,11,sub29_lo.txt
29,low,0,12,sub29_lo.txt
29,low,0,13,sub29_lo.txt
29,low,0,14,sub29_lo.txt
29,low,0,15,sub29_lo.txt
29,low,0,16,sub29_lo.txt
29,low,0,17,sub29_lo.txt
29,low,0,18,sub29_lo.txt
29,low,0,19,sub29_lo.txt
29,low,0,20,sub29_lo.txt
29,low,0,21,sub29_lo.txt
29,low,0,22,sub29_lo.txt
29,low,0,23,sub29_lo.txt
29,low,0,24,sub29_lo.txt
29,low,0,25,sub29_lo.txt
29,low,0,26,sub29_lo.txt
29,low,0,27,sub29_lo.txt
29,low,0,28,sub29_lo.txt
29,low,0,29,sub29_lo.txt
29,low,0,30,sub29_lo.txt
29,low,0,31,sub29_lo.txt
29,low,0,32,sub29_lo.txt
29,low,0,33,sub29_lo.txt
29,low,0,34,sub29_lo.txt
29,low,0,35,sub29_lo.txt
29,low,0,36,sub29_lo.txt
29,low,0,37,sub29_lo.txt
29,low,0,38,sub29_lo.txt
29,low,0,39,sub29_lo.txt
29,low,0,40,sub29_lo.txt
29,low,0,41,sub29_lo.txt
29,low,0,42,sub29_lo.txt
29,low,0,43,sub29_lo.txt
29,low,0,44,sub29_lo.txt
29,low,0,45,sub29_lo.txt
29,low,0,46,sub29_lo.txt
29,low,0,47,sub29_lo.txt
29,low,0,48,sub29_lo.txt
29,low,0,49,sub29_lo.txt
29,low,0,50,sub29_lo.txt
29,low,0,51,sub29_lo.txt
29,low,0,52,sub29_lo.txt
29,low,0,53,sub29_lo.txt
29,low,0,54,sub29_lo.txt
29,low,0,55,sub29_lo.txt
29,low,0,56,sub29_lo.txt
29,low,0,57,sub29_lo.txt
29,low,0,58,sub29_lo.txt
29,low,0,59,sub29_lo.txt
29,low,0,60,sub29_lo.txt
29,low,0,61,sub29_lo.txt
29,low,0,62,sub29_lo.txt
29,low,0,63,sub29_lo.txt
29,low,0,64,sub29_lo.txt
29,low,0,65,sub29_lo.txt
29,low,0,66,sub29_lo.txt
29,low,0,67,sub29_lo.txt
29,low,0,68,sub29_lo.txt
29,low,0,69,sub29_lo.txt
29,low,0,70,sub29_lo.txt
29,low,0,71,sub29_lo.txt
29,low,0,72,sub29_lo.txt
29,low,0,73,sub29_lo.txt
30,high,1,0,sub30_hi.txt
30,high,1,1,sub30_hi.txt
30,high,1,2,sub30_hi.txt
30,high,1,3,sub30_hi.txt
30,high,1,4,sub30_hi.txt
30,high,1,5,sub30_hi.txt
30,high,1,6,sub30_hi.txt
30,high,1,7,sub30_hi.txt
30,high,1,8,sub30_hi.txt
30,high,1,9,sub30_hi.txt
30,high,1,10,sub30_hi.txt
30,high,1,11,sub30_hi.txt
30,high,1,12,sub30_hi.txt
30,high,1,13,sub30_hi.txt
30,high,1,14,sub30_hi.txt
30,high,1,15,sub30_hi.txt
30,high,1,16,sub30_hi.txt
30,high,1,17,sub30_hi.txt
30,high,1,18,sub30_hi.txt
30,high,1,19,sub30_hi.txt
30,high,1,20,sub30_hi.txt
30,high,1,21,sub30_hi.txt
30,high,1,22,sub30_hi.txt
30,high,1,23,sub30_hi.txt
30,high,1,24,sub30_hi.txt
30,high,1,25,sub30_hi.txt
30,high,1,26,sub30_hi.txt
30,high,1,27,sub30_hi.txt
30,high,1,28,sub30_hi.txt
30,high,1,29,sub30_hi.txt
30,high,1,30,sub30_hi.txt
30,high,1,31,sub30_hi.txt
30,high,1,32,sub30_hi.txt
30,high,1,33,sub30_hi.txt
30,high,1,34,sub30_hi.txt
30,high,1,35,sub30_hi.txt
30,high,1,36,sub30_hi.txt
30,high,1,37,sub30_hi.txt
30,high,1,38,sub30_hi.txt
30,high,1,39,sub30_hi.txt
30,high,1,40,sub30_hi.txt
30,high,1,41,sub30_hi.txt
30,high,1,42,sub30_hi.txt
30,high,1,43,sub30_hi.txt
30,high,1,44,sub30_hi.txt
30,high,1,45,sub30_hi.txt
30,high,1,46,sub30_hi.txt
30,high,1,47,sub30_hi.txt
30,high,1,48,sub30_hi.txt
30,high,1,49,sub30_hi.txt
30,high,1,50,sub30_hi.txt
30,high,1,51,sub30_hi.txt
30,high,1,52,sub30_hi.txt
30,high,1,53,sub30_hi.txt
30,high,1,54,sub30_hi.txt
30,high,1,55,sub30_hi.txt
30,high,1,56,sub30_hi.txt
30,high,1,57,sub30_hi.txt
30,high,1,58,sub30_hi.txt
30,high,1,59,sub30_hi.txt
30,high,1,60,sub30_hi.txt
30,high,1,61,sub30_hi.txt
30,high,1,62,sub30_hi.txt
30,high,1,63,sub30_hi.txt
30,high,1,64,sub30_hi.txt
30,high,1,65,sub30_hi.txt
30,high,1,66,sub30_hi.txt
30,high,1,67,sub30_hi.txt
30,high,1,68,sub30_hi.txt
30,high,1,69,sub30_hi.txt
30,high,1,70,sub30_hi.txt
30,high,1,71,sub30_hi.txt
30,high,1,72,sub30_hi.txt
30,high,1,73,sub30_hi.txt
30,low,0,0,sub30_lo.txt
30,low,0,1,sub30_lo.txt
30,low,0,2,sub30_lo.txt
30,low,0,3,sub30_lo.txt
30,low,0,4,sub30_lo.txt
30,low,0,5,sub30_lo.txt
30,low,0,6,sub30_lo.txt
30,low,0,7,sub30_lo.txt
30,low,0,8,sub30_lo.txt
30,low,0,9,sub30_lo.txt
30,low,0,10,sub30_lo.txt
30,low,0,11,sub30_lo.txt
30,low,0,12,sub30_lo.txt
30,low,0,13,sub30_lo.txt
30,low,0,14,sub30_lo.txt
30,low,0,15,sub30_lo.txt
30,low,0,16,sub30_lo.txt
30,low,0,17,sub30_lo.txt
30,low,0,18,sub30_lo.txt
30,low,0,19,sub30_lo.txt
30,low,0,20,sub30_lo.txt
30,low,0,21,sub30_lo.txt
30,low,0,22,sub30_lo.txt
30,low,0,23,sub30_lo.txt
30,low,0,24,sub30_lo.txt
30,low,0,25,sub30_lo.txt
30,low,0,26,sub30_lo.txt
30,low,0,27,sub30_lo.txt
30,low,0,28,sub30_lo.txt
30,low,0,29,sub30_lo.txt
30,low,0,30,sub30_lo.txt
30,low,0,31,sub30_lo.txt
30,low,0,32,sub30_lo.txt
30,low,0,33,sub30_lo.txt
30,low,0,34,sub30_lo.txt
30,low,0,35,sub30_lo.txt
30,low,0,36,sub30_lo.txt
30,low,0,37,sub30_lo.txt
30,low,0,38,sub30_lo.txt
30,low,0,39,sub30_lo.txt
30,low,0,40,sub30_lo.txt
30,low,0,41,sub30_lo.txt
30,low,0,42,sub30_lo.txt
30,low,0,43,sub30_lo.txt
30,low,0,44,sub30_lo.txt
30,low,0,45,sub30_lo.txt
30,low,0,46,sub30_lo.txt
30,low,0,47,sub30_lo.txt
30,low,0,48,sub30_lo.txt
30,low,0,49,sub30_lo.txt
30,low,0,50,sub30_lo.txt
30,low,0,51,sub30_lo.txt
30,low,0,52,sub30_lo.txt
30,low,0,53,sub30_lo.txt
30,low,0,54,sub30_lo.txt
30,low,0,55,sub30_lo.txt
30,low,0,56,sub30_lo.txt
30,low,0,57,sub30_lo.txt
30,low,0,58,sub30_lo.txt
30,low,0,59,sub30_lo.txt
30,low,0,60,sub30_lo.txt
30,low,0,61,sub30_lo.txt
30,low,0,62,sub30_lo.txt
30,low,0,63,sub30_lo.txt
30,low,0,64,sub30_lo.txt
30,low,0,65,sub30_lo.txt
30,low,0,66,sub30_lo.txt
30,low,0,67,sub30_lo.txt
30,low,0,68,sub30_lo.txt
30,low,0,69,sub30_lo.txt
30,low,0,70,sub30_lo.txt
30,low,0,71,sub30_lo.txt
30,low,0,72,sub30_lo.txt
30,low,0,73,sub30_lo.txt
31,high,1,0,sub31_hi.txt
31,high,1,1,sub31_hi.txt
31,high,1,2,sub31_hi.txt
31,high,1,3,sub31_hi.txt
31,high,1,4,sub31_hi.txt
31,high,1,5,sub31_hi.txt
31,high,1,6,sub31_hi.txt
31,high,1,7,sub31_hi.txt
31,high,1,8,sub31_hi.txt
31,high,1,9,sub31_hi.txt
31,high,1,10,sub31_hi.txt
31,high,1,11,sub31_hi.txt
31,high,1,12,sub31_hi.txt
31,high,1,13,sub31_hi.txt
31,high,1,14,sub31_hi.txt
31,high,1,15,sub31_hi.txt
31,high,1,16,sub31_hi.txt
31,high,1,17,sub31_hi.txt
31,high,1,18,sub31_hi.txt
31,high,1,19,sub31_hi.txt
31,high,1,20,sub31_hi.txt
31,high,1,21,sub31_hi.txt
31,high,1,22,sub31_hi.txt
31,high,1,23,sub31_hi.txt
31,high,1,24,sub31_hi.txt
31,high,1,25,sub31_hi.txt
31,high,1,26,sub31_hi.txt
31,high,1,27,sub31_hi.txt
31,high,1,28,sub31_hi.txt
31,high,1,29,sub31_hi.txt
31,high,1,30,sub31_hi.txt
31,high,1,31,sub31_hi.txt
31,high,1,32,sub31_hi.txt
31,high,1,33,sub31_hi.txt
31,high,1,34,sub31_hi.txt
31,high,1,35,sub31_hi.txt
31,high,1,36,sub31_hi.txt
31,high,1,37,sub31_hi.txt
31,high,1,38,sub31_hi.txt
31,high,1,39,sub31_hi.txt
31,high,1,40,sub31_hi.txt
31,high,1,41,sub31_hi.txt
31,high,1,42,sub31_hi.txt
31,high,1,43,sub31_hi.txt
31,high,1,44,sub31_hi.txt
31,high,1,45,sub31_hi.txt
31,high,1,46,sub31_hi.txt
31,high,1,47,sub31_hi.txt
31,high,1,48,sub31_hi.txt
31,high,1,49,sub31_hi.txt
31,high,1,50,sub31_hi.txt
31,high,1,51,sub31_hi.txt
31,high,1,52,sub31_hi.txt
31,high,1,53,sub31_hi.txt
31,high,1,54,sub31_hi.txt
31,high,1,55,sub31_hi.txt
31,high,1,56,sub31_hi.txt
31,high,1,57,sub31_hi.txt
31,high,1,58,sub31_hi.txt
31,high,1,59,sub31_hi.txt
31,high,1,60,sub31_hi.txt
31,high,1,61,sub31_hi.txt
31,high,1,62,sub31_hi.txt
31,high,1,63,sub31_hi.txt
31,high,1,64,sub31_hi.txt
31,high,1,65,sub31_hi.txt
31,high,1,66,sub31_hi.txt
31,high,1,67,sub31_hi.txt
31,high,1,68,sub31_hi.txt
31,high,1,69,sub31_hi.txt
31,high,1,70,sub31_hi.txt
31,high,1,71,sub31_hi.txt
31,high,1,72,sub31_hi.txt
31,high,1,73,sub31_hi.txt
31,low,0,0,sub31_lo.txt
31,low,0,1,sub31_lo.txt
31,low,0,2,sub31_lo.txt
31,low,0,3,sub31_lo.txt
31,low,0,4,sub31_lo.txt
31,low,0,5,sub31_lo.txt
31,low,0,6,sub31_lo.txt
31,low,0,7,sub31_lo.txt
31,low,0,8,sub31_lo.txt
31,low,0,9,sub31_lo.txt
31,low,0,10,sub31_lo.txt
31,low,0,11,sub31_lo.txt
31,low,0,12,sub31_lo.txt
31,low,0,13,sub31_lo.txt
31,low,0,14,sub31_lo.txt
31,low,0,15,sub31_lo.txt
31,low,0,16,sub31_lo.txt
31,low,0,17,sub31_lo.txt
31,low,0,18,sub31_lo.txt
31,low,0,19,sub31_lo.txt
31,low,0,20,sub31_lo.txt
31,low,0,21,sub31_lo.txt
31,low,0,22,sub31_lo.txt
31,low,0,23,sub31_lo.txt
31,low,0,24,sub31_lo.txt
31,low,0,25,sub31_lo.txt
31,low,0,26,sub31_lo.txt
31,low,0,27,sub31_lo.txt
31,low,0,28,sub31_lo.txt
31,low,0,29,sub31_lo.txt
31,low,0,30,sub31_lo.txt
31,low,0,31,sub31_lo.txt
31,low,0,32,sub31_lo.txt
31,low,0,33,sub31_lo.txt
31,low,0,34,sub31_lo.txt
31,low,0,35,sub31_lo.txt
31,low,0,36,sub31_lo.txt
31,low,0,37,sub31_lo.txt
31,low,0,38,sub31_lo.txt
31,low,0,39,sub31_lo.txt
31,low,0,40,sub31_lo.txt
31,low,0,41,sub31_lo.txt
31,low,0,42,sub31_lo.txt
31,low,0,43,sub31_lo.txt
31,low,0,44,sub31_lo.txt
31,low,0,45,sub31_lo.txt
31,low,0,46,sub31_lo.txt
31,low,0,47,sub31_lo.txt
31,low,0,48,sub31_lo.txt
31,low,0,49,sub31_lo.txt
31,low,0,50,sub31_lo.txt
31,low,0,51,sub31_lo.txt
31,low,0,52,sub31_lo.txt
31,low,0,53,sub31_lo.txt
31,low,0,54,sub31_lo.txt
31,low,0,55,sub31_lo.txt
31,low,0,56,sub31_lo.txt
31,low,0,57,sub31_lo.txt
31,low,0,58,sub31_lo.txt
31,low,0,59,sub31_lo.txt
31,low,0,60,sub31_lo.txt
31,low,0,61,sub31_lo.txt
31,low,0,62,sub31_lo.txt
31,low,0,63,sub31_lo.txt
31,low,0,64,sub31_lo.txt
31,low,0,65,sub31_lo.txt
31,low,0,66,sub31_lo.txt
31,low,0,67,sub31_lo.txt
31,low,0,68,sub31_lo.txt
31,low,0,69,sub31_lo.txt
31,low,0,70,sub31_lo.txt
31,low,0,71,sub31_lo.txt
31,low,0,72,sub31_lo.txt
31,low,0,73,sub31_lo.txt
32,high,1,0,sub32_hi.txt
32,high,1,1,sub32_hi.txt
32,high,1,2,sub32_hi.txt
32,high,1,3,sub32_hi.txt
32,high,1,4,sub32_hi.txt
32,high,1,5,sub32_hi.txt
32,high,1,6,sub32_hi.txt
32,high,1,7,sub32_hi.txt
32,high,1,8,sub32_hi.txt
32,high,1,9,sub32_hi.txt
32,high,1,10,sub32_hi.txt
32,high,1,11,sub32_hi.txt
32,high,1,12,sub32_hi.txt
32,high,1,13,sub32_hi.txt
32,high,1,14,sub32_hi.txt
32,high,1,15,sub32_hi.txt
32,high,1,16,sub32_hi.txt
32,high,1,17,sub32_hi.txt
32,high,1,18,sub32_hi.txt
32,high,1,19,sub32_hi.txt
32,high,1,20,sub32_hi.txt
32,high,1,21,sub32_hi.txt
32,high,1,22,sub32_hi.txt
32,high,1,23,sub32_hi.txt
32,high,1,24,sub32_hi.txt
32,high,1,25,sub32_hi.txt
32,high,1,26,sub32_hi.txt
32,high,1,27,sub32_hi.txt
32,high,1,28,sub32_hi.txt
32,high,1,29,sub32_hi.txt
32,high,1,30,sub32_hi.txt
32,high,1,31,sub32_hi.txt
32,high,1,32,sub32_hi.txt
32,high,1,33,sub32_hi.txt
32,high,1,34,sub32_hi.txt
32,high,1,35,sub32_hi.txt
32,high,1,36,sub32_hi.txt
32,high,1,37,sub32_hi.txt
32,high,1,38,sub32_hi.txt
32,high,1,39,sub32_hi.txt
32,high,1,40,sub32_hi.txt
32,high,1,41,sub32_hi.txt
32,high,1,42,sub32_hi.txt
32,high,1,43,sub32_hi.txt
32,high,1,44,sub32_hi.txt
32,high,1,45,sub32_hi.txt
32,high,1,46,sub32_hi.txt
32,high,1,47,sub32_hi.txt
32,high,1,48,sub32_hi.txt
32,high,1,49,sub32_hi.txt
32,high,1,50,sub32_hi.txt
32,high,1,51,sub32_hi.txt
32,high,1,52,sub32_hi.txt
32,high,1,53,sub32_hi.txt
32,high,1,54,sub32_hi.txt
32,high,1,55,sub32_hi.txt
32,high,1,56,sub32_hi.txt
32,high,1,57,sub32_hi.txt
32,high,1,58,sub32_hi.txt
32,high,1,59,sub32_hi.txt
32,high,1,60,sub32_hi.txt
32,high,1,61,sub32_hi.txt
32,high,1,62,sub32_hi.txt
32,high,1,63,sub32_hi.txt
32,high,1,64,sub32_hi.txt
32,high,1,65,sub32_hi.txt
32,high,1,66,sub32_hi.txt
32,high,1,67,sub32_hi.txt
32,high,1,68,sub32_hi.txt
32,high,1,69,sub32_hi.txt
32,high,1,70,sub32_hi.txt
32,high,1,71,sub32_hi.txt
32,high,1,72,sub32_hi.txt
32,high,1,73,sub32_hi.txt
32,low,0,0,sub32_lo.txt
32,low,0,1,sub32_lo.txt
32,low,0,2,sub32_lo.txt
32,low,0,3,sub32_lo.txt
32,low,0,4,sub32_lo.txt
32,low,0,5,sub32_lo.txt
32,low,0,6,sub32_lo.txt
32,low,0,7,sub32_lo.txt
32,low,0,8,sub32_lo.txt
32,low,0,9,sub32_lo.txt
32,low,0,10,sub32_lo.txt
32,low,0,11,sub32_lo.txt
32,low,0,12,sub32_lo.txt
32,low,0,13,sub32_lo.txt
32,low,0,14,sub32_lo.txt
32,low,0,15,sub32_lo.txt
32,low,0,16,sub32_lo.txt
32,low,0,17,sub32_lo.txt
32,low,0,18,sub32_lo.txt
32,low,0,19,sub32_lo.txt
32,low,0,20,sub32_lo.txt
32,low,0,21,sub32_lo.txt
32,low,0,22,sub32_lo.txt
32,low,0,23,sub32_lo.txt
32,low,0,24,sub32_lo.txt
32,low,0,25,sub32_lo.txt
32,low,0,26,sub32_lo.txt
32,low,0,27,sub32_lo.txt
32,low,0,28,sub32_lo.txt
32,low,0,29,sub32_lo.txt
32,low,0,30,sub32_lo.txt
32,low,0,31,sub32_lo.txt
32,low,0,32,sub32_lo.txt
32,low,0,33,sub32_lo.txt
32,low,0,34,sub32_lo.txt
32,low,0,35,sub32_lo.txt
32,low,0,36,sub32_lo.txt
32,low,0,37,sub32_lo.txt
32,low,0,38,sub32_lo.txt
32,low,0,39,sub32_lo.txt
32,low,0,40,sub32_lo.txt
32,low,0,41,sub32_lo.txt
32,low,0,42,sub32_lo.txt
32,low,0,43,sub32_lo.txt
32,low,0,44,sub32_lo.txt
32,low,0,45,sub32_lo.txt
32,low,0,46,sub32_lo.txt
32,low,0,47,sub32_lo.txt
32,low,0,48,sub32_lo.txt
32,low,0,49,sub32_lo.txt
32,low,0,50,sub32_lo.txt
32,low,0,51,sub32_lo.txt
32,low,0,52,sub32_lo.txt
32,low,0,53,sub32_lo.txt
32,low,0,54,sub32_lo.txt
32,low,0,55,sub32_lo.txt
32,low,0,56,sub32_lo.txt
32,low,0,57,sub32_lo.txt
32,low,0,58,sub32_lo.txt
32,low,0,59,sub32_lo.txt
32,low,0,60,sub32_lo.txt
32,low,0,61,sub32_lo.txt
32,low,0,62,sub32_lo.txt
32,low,0,63,sub32_lo.txt
32,low,0,64,sub32_lo.txt
32,low,0,65,sub32_lo.txt
32,low,0,66,sub32_lo.txt
32,low,0,67,sub32_lo.txt
32,low,0,68,sub32_lo.txt
32,low,0,69,sub32_lo.txt
32,low,0,70,sub32_lo.txt
32,low,0,71,sub32_lo.txt
32,low,0,72,sub32_lo.txt
32,low,0,73,sub32_lo.txt
33,high,1,0,sub33_hi.txt
33,high,1,1,sub33_hi.txt
33,high,1,2,sub33_hi.txt
33,high,1,3,sub33_hi.txt
33,high,1,4,sub33_hi.txt
33,high,1,5,sub33_hi.txt
33,high,1,6,sub33_hi.txt
33,high,1,7,sub33_hi.txt
33,high,1,8,sub33_hi.txt
33,high,1,9,sub33_hi.txt
33,high,1,10,sub33_hi.txt
33,high,1,11,sub33_hi.txt
33,high,1,12,sub33_hi.txt
33,high,1,13,sub33_hi.txt
33,high,1,14,sub33_hi.txt
33,high,1,15,sub33_hi.txt
33,high,1,16,sub33_hi.txt
33,high,1,17,sub33_hi.txt
33,high,1,18,sub33_hi.txt
33,high,1,19,sub33_hi.txt
33,high,1,20,sub33_hi.txt
33,high,1,21,sub33_hi.txt
33,high,1,22,sub33_hi.txt
33,high,1,23,sub33_hi.txt
33,high,1,24,sub33_hi.txt
33,high,1,25,sub33_hi.txt
33,high,1,26,sub33_hi.txt
33,high,1,27,sub33_hi.txt
33,high,1,28,sub33_hi.txt
33,high,1,29,sub33_hi.txt
33,high,1,30,sub33_hi.txt
33,high,1,31,sub33_hi.txt
33,high,1,32,sub33_hi.txt
33,high,1,33,sub33_hi.txt
33,high,1,34,sub33_hi.txt
33,high,1,35,sub33_hi.txt
33,high,1,36,sub33_hi.txt
33,high,1,37,sub33_hi.txt
33,high,1,38,sub33_hi.txt
33,high,1,39,sub33_hi.txt
33,high,1,40,sub33_hi.txt
33,high,1,41,sub33_hi.txt
33,high,1,42,sub33_hi.txt
33,high,1,43,sub33_hi.txt
33,high,1,44,sub33_hi.txt
33,high,1,45,sub33_hi.txt
33,high,1,46,sub33_hi.txt
33,high,1,47,sub33_hi.txt
33,high,1,48,sub33_hi.txt
33,high,1,49,sub33_hi.txt
33,high,1,50,sub33_hi.txt
33,high,1,51,sub33_hi.txt
33,high,1,52,sub33_hi.txt
33,high,1,53,sub33_hi.txt
33,high,1,54,sub33_hi.txt
33,high,1,55,sub33_hi.txt
33,high,1,56,sub33_hi.txt
33,high,1,57,sub33_hi.txt
33,high,1,58,sub33_hi.txt
33,high,1,59,sub33_hi.txt
33,high,1,60,sub33_hi.txt
33,high,1,61,sub33_hi.txt
33,high,1,62,sub33_hi.txt
33,high,1,63,sub33_hi.txt
33,high,1,64,sub33_hi.txt
33,high,1,65,sub33_hi.txt
33,high,1,66,sub33_hi.txt
33,high,1,67,sub33_hi.txt
33,high,1,68,sub33_hi.txt
33,high,1,69,sub33_hi.txt
33,high,1,70,sub33_hi.txt
33,high,1,71,sub33_hi.txt
33,high,1,72,sub33_hi.txt
33,high,1,73,sub33_hi.txt
33,low,0,0,sub33_lo.txt
33,low,0,1,sub33_lo.txt
33,low,0,2,sub33_lo.txt
33,low,0,3,sub33_lo.txt
33,low,0,4,sub33_lo.txt
33,low,0,5,sub33_lo.txt
33,low,0,6,sub33_lo.txt
33,low,0,7,sub33_lo.txt
33,low,0,8,sub33_lo.txt
33,low,0,9,sub33_lo.txt
33,low,0,10,sub33_lo.txt
33,low,0,11,sub33_lo.txt
33,low,0,12,sub33_lo.txt
33,low,0,13,sub33_lo.txt
33,low,0,14,sub33_lo.txt
33,low,0,15,sub33_lo.txt
33,low,0,16,sub33_lo.txt
33,low,0,17,sub33_lo.txt
33,low,0,18,sub33_lo.txt
33,low,0,19,sub33_lo.txt
33,low,0,20,sub33_lo.txt
33,low,0,21,sub33_lo.txt
33,low,0,22,sub33_lo.txt
33,low,0,23,sub33_lo.txt
33,low,0,24,sub33_lo.txt
33,low,0,25,sub33_lo.txt
33,low,0,26,sub33_lo.txt
33,low,0,27,sub33_lo.txt
33,low,0,28,sub33_lo.txt
33,low,0,29,sub33_lo.txt
33,low,0,30,sub33_lo.txt
33,low,0,31,sub33_lo.txt
33,low,0,32,sub33_lo.txt
33,low,0,33,sub33_lo.txt
33,low,0,34,sub33_lo.txt
33,low,0,35,sub33_lo.txt
33,low,0,36,sub33_lo.txt
33,low,0,37,sub33_lo.txt
33,low,0,38,sub33_lo.txt
33,low,0,39,sub33_lo.txt
33,low,0,40,sub33_lo.txt
33,low,0,41,sub33_lo.txt
33,low,0,42,sub33_lo.txt
33,low,0,43,sub33_lo.txt
33,low,0,44,sub33_lo.txt
33,low,0,45,sub33_lo.txt
33,low,0,46,sub33_lo.txt
33,low,0,47,sub33_lo.txt
33,low,0,48,sub33_lo.txt
33,low,0,49,sub33_lo.txt
33,low,0,50,sub33_lo.txt
33,low,0,51,sub33_lo.txt
33,low,0,52,sub33_lo.txt
33,low,0,53,sub33_lo.txt
33,low,0,54,sub33_lo.txt
33,low,0,55,sub33_lo.txt
33,low,0,56,sub33_lo.txt
33,low,0,57,sub33_lo.txt
33,low,0,58,sub33_lo.txt
33,low,0,59,sub33_lo.txt
33,low,0,60,sub33_lo.txt
33,low,0,61,sub33_lo.txt
33,low,0,62,sub33_lo.txt
33,low,0,63,sub33_lo.txt
33,low,0,64,sub33_lo.txt
33,low,0,65,sub33_lo.txt
33,low,0,66,sub33_lo.txt
33,low,0,67,sub33_lo.txt
33,low,0,68,sub33_lo.txt
33,low,0,69,sub33_lo.txt
33,low,0,70,sub33_lo.txt
33,low,0,71,sub33_lo.txt
33,low,0,72,sub33_lo.txt
33,low,0,73,sub33_lo.txt
34,high,1,0,sub34_hi.txt
34,high,1,1,sub34_hi.txt
34,high,1,2,sub34_hi.txt
34,high,1,3,sub34_hi.txt
34,high,1,4,sub34_hi.txt
34,high,1,5,sub34_hi.txt
34,high,1,6,sub34_hi.txt
34,high,1,7,sub34_hi.txt
34,high,1,8,sub34_hi.txt
34,high,1,9,sub34_hi.txt
34,high,1,10,sub34_hi.txt
34,high,1,11,sub34_hi.txt
34,high,1,12,sub34_hi.txt
34,high,1,13,sub34_hi.txt
34,high,1,14,sub34_hi.txt
34,high,1,15,sub34_hi.txt
34,high,1,16,sub34_hi.txt
34,high,1,17,sub34_hi.txt
34,high,1,18,sub34_hi.txt
34,high,1,19,sub34_hi.txt
34,high,1,20,sub34_hi.txt
34,high,1,21,sub34_hi.txt
34,high,1,22,sub34_hi.txt
34,high,1,23,sub34_hi.txt
34,high,1,24,sub34_hi.txt
34,high,1,25,sub34_hi.txt
34,high,1,26,sub34_hi.txt
34,high,1,27,sub34_hi.txt
34,high,1,28,sub34_hi.txt
34,high,1,29,sub34_hi.txt
34,high,1,30,sub34_hi.txt
34,high,1,31,sub34_hi.txt
34,high,1,32,sub34_hi.txt
34,high,1,33,sub34_hi.txt
34,high,1,34,sub34_hi.txt
34,high,1,35,sub34_hi.txt
34,high,1,36,sub34_hi.txt
34,high,1,37,sub34_hi.txt
34,high,1,38,sub34_hi.txt
34,high,1,39,sub34_hi.txt
34,high,1,40,sub34_hi.txt
34,high,1,41,sub34_hi.txt
34,high,1,42,sub34_hi.txt
34,high,1,43,sub34_hi.txt
34,high,1,44,sub34_hi.txt
34,high,1,45,sub34_hi.txt
34,high,1,46,sub34_hi.txt
34,high,1,47,sub34_hi.txt
34,high,1,48,sub34_hi.txt
34,high,1,49,sub34_hi.txt
34,high,1,50,sub34_hi.txt
34,high,1,51,sub34_hi.txt
34,high,1,52,sub34_hi.txt
34,high,1,53,sub34_hi.txt
34,high,1,54,sub34_hi.txt
34,high,1,55,sub34_hi.txt
34,high,1,56,sub34_hi.txt
34,high,1,57,sub34_hi.txt
34,high,1,58,sub34_hi.txt
34,high,1,59,sub34_hi.txt
34,high,1,60,sub34_hi.txt
34,high,1,61,sub34_hi.txt
34,high,1,62,sub34_hi.txt
34,high,1,63,sub34_hi.txt
34,high,1,64,sub34_hi.txt
34,high,1,65,sub34_hi.txt
34,high,1,66,sub34_hi.txt
34,high,1,67,sub34_hi.txt
34,high,1,68,sub34_hi.txt
34,high,1,69,sub34_hi.txt
34,high,1,70,sub34_hi.txt
34,high,1,71,sub34_hi.txt
34,high,1,72,sub34_hi.txt
34,high,1,73,sub34_hi.txt
34,low,0,0,sub34_lo.txt
34,low,0,1,sub34_lo.txt
34,low,0,2,sub34_lo.txt
34,low,0,3,sub34_lo.txt
34,low,0,4,sub34_lo.txt
34,low,0,5,sub34_lo.txt
34,low,0,6,sub34_lo.txt
34,low,0,7,sub34_lo.txt
34,low,0,8,sub34_lo.txt
34,low,0,9,sub34_lo.txt
34,low,0,10,sub34_lo.txt
34,low,0,11,sub34_lo.txt
34,low,0,12,sub34_lo.txt
34,low,0,13,sub34_lo.txt
34,low,0,14,sub34_lo.txt
34,low,0,15,sub34_lo.txt
34,low,0,16,sub34_lo.txt
34,low,0,17,sub34_lo.txt
34,low,0,18,sub34_lo.txt
34,low,0,19,sub34_lo.txt
34,low,0,20,sub34_lo.txt
34,low,0,21,sub34_lo.txt
34,low,0,22,sub34_lo.txt
34,low,0,23,sub34_lo.txt
34,low,0,24,sub34_lo.txt
34,low,0,25,sub34_lo.txt
34,low,0,26,sub34_lo.txt
34,low,0,27,sub34_lo.txt
34,low,0,28,sub34_lo.txt
34,low,0,29,sub34_lo.txt
34,low,0,30,sub34_lo.txt
34,low,0,31,sub34_lo.txt
34,low,0,32,sub34_lo.txt
34,low,0,33,sub34_lo.txt
34,low,0,34,sub34_lo.txt
34,low,0,35,sub34_lo.txt
34,low,0,36,sub34_lo.txt
34,low,0,37,sub34_lo.txt
34,low,0,38,sub34_lo.txt
34,low,0,39,sub34_lo.txt
34,low,0,40,sub34_lo.txt
34,low,0,41,sub34_lo.txt
34,low,0,42,sub34_lo.txt
34,low,0,43,sub34_lo.txt
34,low,0,44,sub34_lo.txt
34,low,0,45,sub34_lo.txt
34,low,0,46,sub34_lo.txt
34,low,0,47,sub34_lo.txt
34,low,0,48,sub34_lo.txt
34,low,0,49,sub34_lo.txt
34,low,0,50,sub34_lo.txt
34,low,0,51,sub34_lo.txt
34,low,0,52,sub34_lo.txt
34,low,0,53,sub34_lo.txt
34,low,0,54,sub34_lo.txt
34,low,0,55,sub34_lo.txt
34,low,0,56,sub34_lo.txt
34,low,0,57,sub34_lo.txt
34,low,0,58,sub34_lo.txt
34,low,0,59,sub34_lo.txt
34,low,0,60,sub34_lo.txt
34,low,0,61,sub34_lo.txt
34,low,0,62,sub34_lo.txt
34,low,0,63,sub34_lo.txt
34,low,0,64,sub34_lo.txt
34,low,0,65,sub34_lo.txt
34,low,0,66,sub34_lo.txt
34,low,0,67,sub34_lo.txt
34,low,0,68,sub34_lo.txt
34,low,0,69,sub34_lo.txt
34,low,0,70,sub34_lo.txt
34,low,0,71,sub34_lo.txt
34,low,0,72,sub34_lo.txt
34,low,0,73,sub34_lo.txt
35,high,1,0,sub35_hi.txt
35,high,1,1,sub35_hi.txt
35,high,1,2,sub35_hi.txt
35,high,1,3,sub35_hi.txt
35,high,1,4,sub35_hi.txt
35,high,1,5,sub35_hi.txt
35,high,1,6,sub35_hi.txt
35,high,1,7,sub35_hi.txt
35,high,1,8,sub35_hi.txt
35,high,1,9,sub35_hi.txt
35,high,1,10,sub35_hi.txt
35,high,1,11,sub35_hi.txt
35,high,1,12,sub35_hi.txt
35,high,1,13,sub35_hi.txt
35,high,1,14,sub35_hi.txt
35,high,1,15,sub35_hi.txt
35,high,1,16,sub35_hi.txt
35,high,1,17,sub35_hi.txt
35,high,1,18,sub35_hi.txt
35,high,1,19,sub35_hi.txt
35,high,1,20,sub35_hi.txt
35,high,1,21,sub35_hi.txt
35,high,1,22,sub35_hi.txt
35,high,1,23,sub35_hi.txt
35,high,1,24,sub35_hi.txt
35,high,1,25,sub35_hi.txt
35,high,1,26,sub35_hi.txt
35,high,1,27,sub35_hi.txt
35,high,1,28,sub35_hi.txt
35,high,1,29,sub35_hi.txt
35,high,1,30,sub35_hi.txt
35,high,1,31,sub35_hi.txt
35,high,1,32,sub35_hi.txt
35,high,1,33,sub35_hi.txt
35,high,1,34,sub35_hi.txt
35,high,1,35,sub35_hi.txt
35,high,1,36,sub35_hi.txt
35,high,1,37,sub35_hi.txt
35,high,1,38,sub35_hi.txt
35,high,1,39,sub35_hi.txt
35,high,1,40,sub35_hi.txt
35,high,1,41,sub35_hi.txt
35,high,1,42,sub35_hi.txt
35,high,1,43,sub35_hi.txt
35,high,1,44,sub35_hi.txt
35,high,1,45,sub35_hi.txt
35,high,1,46,sub35_hi.txt
35,high,1,47,sub35_hi.txt
35,high,1,48,sub35_hi.txt
35,high,1,49,sub35_hi.txt
35,high,1,50,sub35_hi.txt
35,high,1,51,sub35_hi.txt
35,high,1,52,sub35_hi.txt
35,high,1,53,sub35_hi.txt
35,high,1,54,sub35_hi.txt
35,high,1,55,sub35_hi.txt
35,high,1,56,sub35_hi.txt
35,high,1,57,sub35_hi.txt
35,high,1,58,sub35_hi.txt
35,high,1,59,sub35_hi.txt
35,high,1,60,sub35_hi.txt
35,high,1,61,sub35_hi.txt
35,high,1,62,sub35_hi.txt
35,high,1,63,sub35_hi.txt
35,high,1,64,sub35_hi.txt
35,high,1,65,sub35_hi.txt
35,high,1,66,sub35_hi.txt
35,high,1,67,sub35_hi.txt
35,high,1,68,sub35_hi.txt
35,high,1,69,sub35_hi.txt
35,high,1,70,sub35_hi.txt
35,high,1,71,sub35_hi.txt
35,high,1,72,sub35_hi.txt
35,high,1,73,sub35_hi.txt
35,low,0,0,sub35_lo.txt
35,low,0,1,sub35_lo.txt
35,low,0,2,sub35_lo.txt
35,low,0,3,sub35_lo.txt
35,low,0,4,sub35_lo.txt
35,low,0,5,sub35_lo.txt
35,low,0,6,sub35_lo.txt
35,low,0,7,sub35_lo.txt
35,low,0,8,sub35_lo.txt
35,low,0,9,sub35_lo.txt
35,low,0,10,sub35_lo.txt
35,low,0,11,sub35_lo.txt
35,low,0,12,sub35_lo.txt
35,low,0,13,sub35_lo.txt
35,low,0,14,sub35_lo.txt
35,low,0,15,sub35_lo.txt
35,low,0,16,sub35_lo.txt
35,low,0,17,sub35_lo.txt
35,low,0,18,sub35_lo.txt
35,low,0,19,sub35_lo.txt
35,low,0,20,sub35_lo.txt
35,low,0,21,sub35_lo.txt
35,low,0,22,sub35_lo.txt
35,low,0,23,sub35_lo.txt
35,low,0,24,sub35_lo.txt
35,low,0,25,sub35_lo.txt
35,low,0,26,sub35_lo.txt
35,low,0,27,sub35_lo.txt
35,low,0,28,sub35_lo.txt
35,low,0,29,sub35_lo.txt
35,low,0,30,sub35_lo.txt
35,low,0,31,sub35_lo.txt
35,low,0,32,sub35_lo.txt
35,low,0,33,sub35_lo.txt
35,low,0,34,sub35_lo.txt
35,low,0,35,sub35_lo.txt
35,low,0,36,sub35_lo.txt
35,low,0,37,sub35_lo.txt
35,low,0,38,sub35_lo.txt
35,low,0,39,sub35_lo.txt
35,low,0,40,sub35_lo.txt
35,low,0,41,sub35_lo.txt
35,low,0,42,sub35_lo.txt
35,low,0,43,sub35_lo.txt
35,low,0,44,sub35_lo.txt
35,low,0,45,sub35_lo.txt
35,low,0,46,sub35_lo.txt
35,low,0,47,sub35_lo.txt
35,low,0,48,sub35_lo.txt
35,low,0,49,sub35_lo.txt
35,low,0,50,sub35_lo.txt
35,low,0,51,sub35_lo.txt
35,low,0,52,sub35_lo.txt
35,low,0,53,sub35_lo.txt
35,low,0,54,sub35_lo.txt
35,low,0,55,sub35_lo.txt
35,low,0,56,sub35_lo.txt
35,low,0,57,sub35_lo.txt
35,low,0,58,sub35_lo.txt
35,low,0,59,sub35_lo.txt
35,low,0,60,sub35_lo.txt
35,low,0,61,sub35_lo.txt
35,low,0,62,sub35_lo.txt
35,low,0,63,sub35_lo.txt
35,low,0,64,sub35_lo.txt
35,low,0,65,sub35_lo.txt
35,low,0,66,sub35_lo.txt
35,low,0,67,sub35_lo.txt
35,low,0,68,sub35_lo.txt
35,low,0,69,sub35_lo.txt
35,low,0,70,sub35_lo.txt
35,low,0,71,sub35_lo.txt
35,low,0,72,sub35_lo.txt
35,low,0,73,sub35_lo.txt
36,high,1,0,sub36_hi.txt
36,high,1,1,sub36_hi.txt
36,high,1,2,sub36_hi.txt
36,high,1,3,sub36_hi.txt
36,high,1,4,sub36_hi.txt
36,high,1,5,sub36_hi.txt
36,high,1,6,sub36_hi.txt
36,high,1,7,sub36_hi.txt
36,high,1,8,sub36_hi.txt
36,high,1,9,sub36_hi.txt
36,high,1,10,sub36_hi.txt
36,high,1,11,sub36_hi.txt
36,high,1,12,sub36_hi.txt
36,high,1,13,sub36_hi.txt
36,high,1,14,sub36_hi.txt
36,high,1,15,sub36_hi.txt
36,high,1,16,sub36_hi.txt
36,high,1,17,sub36_hi.txt
36,high,1,18,sub36_hi.txt
36,high,1,19,sub36_hi.txt
36,high,1,20,sub36_hi.txt
36,high,1,21,sub36_hi.txt
36,high,1,22,sub36_hi.txt
36,high,1,23,sub36_hi.txt
36,high,1,24,sub36_hi.txt
36,high,1,25,sub36_hi.txt
36,high,1,26,sub36_hi.txt
36,high,1,27,sub36_hi.txt
36,high,1,28,sub36_hi.txt
36,high,1,29,sub36_hi.txt
36,high,1,30,sub36_hi.txt
36,high,1,31,sub36_hi.txt
36,high,1,32,sub36_hi.txt
36,high,1,33,sub36_hi.txt
36,high,1,34,sub36_hi.txt
36,high,1,35,sub36_hi.txt
36,high,1,36,sub36_hi.txt
36,high,1,37,sub36_hi.txt
36,high,1,38,sub36_hi.txt
36,high,1,39,sub36_hi.txt
36,high,1,40,sub36_hi.txt
36,high,1,41,sub36_hi.txt
36,high,1,42,sub36_hi.txt
36,high,1,43,sub36_hi.txt
36,high,1,44,sub36_hi.txt
36,high,1,45,sub36_hi.txt
36,high,1,46,sub36_hi.txt
36,high,1,47,sub36_hi.txt
36,high,1,48,sub36_hi.txt
36,high,1,49,sub36_hi.txt
36,high,1,50,sub36_hi.txt
36,high,1,51,sub36_hi.txt
36,high,1,52,sub36_hi.txt
36,high,1,53,sub36_hi.txt
36,high,1,54,sub36_hi.txt
36,high,1,55,sub36_hi.txt
36,high,1,56,sub36_hi.txt
36,high,1,57,sub36_hi.txt
36,high,1,58,sub36_hi.txt
36,high,1,59,sub36_hi.txt
36,high,1,60,sub36_hi.txt
36,high,1,61,sub36_hi.txt
36,high,1,62,sub36_hi.txt
36,high,1,63,sub36_hi.txt
36,high,1,64,sub36_hi.txt
36,high,1,65,sub36_hi.txt
36,high,1,66,sub36_hi.txt
36,high,1,67,sub36_hi.txt
36,high,1,68,sub36_hi.txt
36,high,1,69,sub36_hi.txt
36,high,1,70,sub36_hi.txt
36,high,1,71,sub36_hi.txt
36,high,1,72,sub36_hi.txt
36,high,1,73,sub36_hi.txt
36,low,0,0,sub36_lo.txt
36,low,0,1,sub36_lo.txt
36,low,0,2,sub36_lo.txt
36,low,0,3,sub36_lo.txt
36,low,0,4,sub36_lo.txt
36,low,0,5,sub36_lo.txt
36,low,0,6,sub36_lo.txt
36,low,0,7,sub36_lo.txt
36,low,0,8,sub36_lo.txt
36,low,0,9,sub36_lo.txt
36,low,0,10,sub36_lo.txt
36,low,0,11,sub36_lo.txt
36,low,0,12,sub36_lo.txt
36,low,0,13,sub36_lo.txt
36,low,0,14,sub36_lo.txt
36,low,0,15,sub36_lo.txt
36,low,0,16,sub36_lo.txt
36,low,0,17,sub36_lo.txt
36,low,0,18,sub36_lo.txt
36,low,0,19,sub36_lo.txt
36,low,0,20,sub36_lo.txt
36,low,0,21,sub36_lo.txt
36,low,0,22,sub36_lo.txt
36,low,0,23,sub36_lo.txt
36,low,0,24,sub36_lo.txt
36,low,0,25,sub36_lo.txt
36,low,0,26,sub36_lo.txt
36,low,0,27,sub36_lo.txt
36,low,0,28,sub36_lo.txt
36,low,0,29,sub36_lo.txt
36,low,0,30,sub36_lo.txt
36,low,0,31,sub36_lo.txt
36,low,0,32,sub36_lo.txt
36,low,0,33,sub36_lo.txt
36,low,0,34,sub36_lo.txt
36,low,0,35,sub36_lo.txt
36,low,0,36,sub36_lo.txt
36,low,0,37,sub36_lo.txt
36,low,0,38,sub36_lo.txt
36,low,0,39,sub36_lo.txt
36,low,0,40,sub36_lo.txt
36,low,0,41,sub36_lo.txt
36,low,0,42,sub36_lo.txt
36,low,0,43,sub36_lo.txt
36,low,0,44,sub36_lo.txt
36,low,0,45,sub36_lo.txt
36,low,0,46,sub36_lo.txt
36,low,0,47,sub36_lo.txt
36,low,0,48,sub36_lo.txt
36,low,0,49,sub36_lo.txt
36,low,0,50,sub36_lo.txt
36,low,0,51,sub36_lo.txt
36,low,0,52,sub36_lo.txt
36,low,0,53,sub36_lo.txt
36,low,0,54,sub36_lo.txt
36,low,0,55,sub36_lo.txt
36,low,0,56,sub36_lo.txt
36,low,0,57,sub36_lo.txt
36,low,0,58,sub36_lo.txt
36,low,0,59,sub36_lo.txt
36,low,0,60,sub36_lo.txt
36,low,0,61,sub36_lo.txt
36,low,0,62,sub36_lo.txt
36,low,0,63,sub36_lo.txt
36,low,0,64,sub36_lo.txt
36,low,0,65,sub36_lo.txt
36,low,0,66,sub36_lo.txt
36,low,0,67,sub36_lo.txt
36,low,0,68,sub36_lo.txt
36,low,0,69,sub36_lo.txt
36,low,0,70,sub36_lo.txt
36,low,0,71,sub36_lo.txt
36,low,0,72,sub36_lo.txt
36,low,0,73,sub36_lo.txt
37,high,1,0,sub37_hi.txt
37,high,1,1,sub37_hi.txt
37,high,1,2,sub37_hi.txt
37,high,1,3,sub37_hi.txt
37,high,1,4,sub37_hi.txt
37,high,1,5,sub37_hi.txt
37,high,1,6,sub37_hi.txt
37,high,1,7,sub37_hi.txt
37,high,1,8,sub37_hi.txt
37,high,1,9,sub37_hi.txt
37,high,1,10,sub37_hi.txt
37,high,1,11,sub37_hi.txt
37,high,1,12,sub37_hi.txt
37,high,1,13,sub37_hi.txt
37,high,1,14,sub37_hi.txt
37,high,1,15,sub37_hi.txt
37,high,1,16,sub37_hi.txt
37,high,1,17,sub37_hi.txt
37,high,1,18,sub37_hi.txt
37,high,1,19,sub37_hi.txt
37,high,1,20,sub37_hi.txt
37,high,1,21,sub37_hi.txt
37,high,1,22,sub37_hi.txt
37,high,1,23,sub37_hi.txt
37,high,1,24,sub37_hi.txt
37,high,1,25,sub37_hi.txt
37,high,1,26,sub37_hi.txt
37,high,1,27,sub37_hi.txt
37,high,1,28,sub37_hi.txt
37,high,1,29,sub37_hi.txt
37,high,1,30,sub37_hi.txt
37,high,1,31,sub37_hi.txt
37,high,1,32,sub37_hi.txt
37,high,1,33,sub37_hi.txt
37,high,1,34,sub37_hi.txt
37,high,1,35,sub37_hi.txt
37,high,1,36,sub37_hi.txt
37,high,1,37,sub37_hi.txt
37,high,1,38,sub37_hi.txt
37,high,1,39,sub37_hi.txt
37,high,1,40,sub37_hi.txt
37,high,1,41,sub37_hi.txt
37,high,1,42,sub37_hi.txt
37,high,1,43,sub37_hi.txt
37,high,1,44,sub37_hi.txt
37,high,1,45,sub37_hi.txt
37,high,1,46,sub37_hi.txt
37,high,1,47,sub37_hi.txt
37,high,1,48,sub37_hi.txt
37,high,1,49,sub37_hi.txt
37,high,1,50,sub37_hi.txt
37,high,1,51,sub37_hi.txt
37,high,1,52,sub37_hi.txt
37,high,1,53,sub37_hi.txt
37,high,1,54,sub37_hi.txt
37,high,1,55,sub37_hi.txt
37,high,1,56,sub37_hi.txt
37,high,1,57,sub37_hi.txt
37,high,1,58,sub37_hi.txt
37,high,1,59,sub37_hi.txt
37,high,1,60,sub37_hi.txt
37,high,1,61,sub37_hi.txt
37,high,1,62,sub37_hi.txt
37,high,1,63,sub37_hi.txt
37,high,1,64,sub37_hi.txt
37,high,1,65,sub37_hi.txt
37,high,1,66,sub37_hi.txt
37,high,1,67,sub37_hi.txt
37,high,1,68,sub37_hi.txt
37,high,1,69,sub37_hi.txt
37,high,1,70,sub37_hi.txt
37,high,1,71,sub37_hi.txt
37,high,1,72,sub37_hi.txt
37,high,1,73,sub37_hi.txt
37,low,0,0,sub37_lo.txt
37,low,0,1,sub37_lo.txt
37,low,0,2,sub37_lo.txt
37,low,0,3,sub37_lo.txt
37,low,0,4,sub37_lo.txt
37,low,0,5,sub37_lo.txt
37,low,0,6,sub37_lo.txt
37,low,0,7,sub37_lo.txt
37,low,0,8,sub37_lo.txt
37,low,0,9,sub37_lo.txt
37,low,0,10,sub37_lo.txt
37,low,0,11,sub37_lo.txt
37,low,0,12,sub37_lo.txt
37,low,0,13,sub37_lo.txt
37,low,0,14,sub37_lo.txt
37,low,0,15,sub37_lo.txt
37,low,0,16,sub37_lo.txt
37,low,0,17,sub37_lo.txt
37,low,0,18,sub37_lo.txt
37,low,0,19,sub37_lo.txt
37,low,0,20,sub37_lo.txt
37,low,0,21,sub37_lo.txt
37,low,0,22,sub37_lo.txt
37,low,0,23,sub37_lo.txt
37,low,0,24,sub37_lo.txt
37,low,0,25,sub37_lo.txt
37,low,0,26,sub37_lo.txt
37,low,0,27,sub37_lo.txt
37,low,0,28,sub37_lo.txt
37,low,0,29,sub37_lo.txt
37,low,0,30,sub37_lo.txt
37,low,0,31,sub37_lo.txt
37,low,0,32,sub37_lo.txt
37,low,0,33,sub37_lo.txt
37,low,0,34,sub37_lo.txt
37,low,0,35,sub37_lo.txt
37,low,0,36,sub37_lo.txt
37,low,0,37,sub37_lo.txt
37,low,0,38,sub37_lo.txt
37,low,0,39,sub37_lo.txt
37,low,0,40,sub37_lo.txt
37,low,0,41,sub37_lo.txt
37,low,0,42,sub37_lo.txt
37,low,0,43,sub37_lo.txt
37,low,0,44,sub37_lo.txt
37,low,0,45,sub37_lo.txt
37,low,0,46,sub37_lo.txt
37,low,0,47,sub37_lo.txt
37,low,0,48,sub37_lo.txt
37,low,0,49,sub37_lo.txt
37,low,0,50,sub37_lo.txt
37,low,0,51,sub37_lo.txt
37,low,0,52,sub37_lo.txt
37,low,0,53,sub37_lo.txt
37,low,0,54,sub37_lo.txt
37,low,0,55,sub37_lo.txt
37,low,0,56,sub37_lo.txt
37,low,0,57,sub37_lo.txt
37,low,0,58,sub37_lo.txt
37,low,0,59,sub37_lo.txt
37,low,0,60,sub37_lo.txt
37,low,0,61,sub37_lo.txt
37,low,0,62,sub37_lo.txt
37,low,0,63,sub37_lo.txt
37,low,0,64,sub37_lo.txt
37,low,0,65,sub37_lo.txt
37,low,0,66,sub37_lo.txt
37,low,0,67,sub37_lo.txt
37,low,0,68,sub37_lo.txt
37,low,0,69,sub37_lo.txt
37,low,0,70,sub37_lo.txt
37,low,0,71,sub37_lo.txt
37,low,0,72,sub37_lo.txt
37,low,0,73,sub37_lo.txt
38,high,1,0,sub38_hi.txt
38,high,1,1,sub38_hi.txt
38,high,1,2,sub38_hi.txt
38,high,1,3,sub38_hi.txt
38,high,1,4,sub38_hi.txt
38,high,1,5,sub38_hi.txt
38,high,1,6,sub38_hi.txt
38,high,1,7,sub38_hi.txt
38,high,1,8,sub38_hi.txt
38,high,1,9,sub38_hi.txt
38,high,1,10,sub38_hi.txt
38,high,1,11,sub38_hi.txt
38,high,1,12,sub38_hi.txt
38,high,1,13,sub38_hi.txt
38,high,1,14,sub38_hi.txt
38,high,1,15,sub38_hi.txt
38,high,1,16,sub38_hi.txt
38,high,1,17,sub38_hi.txt
38,high,1,18,sub38_hi.txt
38,high,1,19,sub38_hi.txt
38,high,1,20,sub38_hi.txt
38,high,1,21,sub38_hi.txt
38,high,1,22,sub38_hi.txt
38,high,1,23,sub38_hi.txt
38,high,1,24,sub38_hi.txt
38,high,1,25,sub38_hi.txt
38,high,1,26,sub38_hi.txt
38,high,1,27,sub38_hi.txt
38,high,1,28,sub38_hi.txt
38,high,1,29,sub38_hi.txt
38,high,1,30,sub38_hi.txt
38,high,1,31,sub38_hi.txt
38,high,1,32,sub38_hi.txt
38,high,1,33,sub38_hi.txt
38,high,1,34,sub38_hi.txt
38,high,1,35,sub38_hi.txt
38,high,1,36,sub38_hi.txt
38,high,1,37,sub38_hi.txt
38,high,1,38,sub38_hi.txt
38,high,1,39,sub38_hi.txt
38,high,1,40,sub38_hi.txt
38,high,1,41,sub38_hi.txt
38,high,1,42,sub38_hi.txt
38,high,1,43,sub38_hi.txt
38,high,1,44,sub38_hi.txt
38,high,1,45,sub38_hi.txt
38,high,1,46,sub38_hi.txt
38,high,1,47,sub38_hi.txt
38,high,1,48,sub38_hi.txt
38,high,1,49,sub38_hi.txt
38,high,1,50,sub38_hi.txt
38,high,1,51,sub38_hi.txt
38,high,1,52,sub38_hi.txt
38,high,1,53,sub38_hi.txt
38,high,1,54,sub38_hi.txt
38,high,1,55,sub38_hi.txt
38,high,1,56,sub38_hi.txt
38,high,1,57,sub38_hi.txt
38,high,1,58,sub38_hi.txt
38,high,1,59,sub38_hi.txt
38,high,1,60,sub38_hi.txt
38,high,1,61,sub38_hi.txt
38,high,1,62,sub38_hi.txt
38,high,1,63,sub38_hi.txt
38,high,1,64,sub38_hi.txt
38,high,1,65,sub38_hi.txt
38,high,1,66,sub38_hi.txt
38,high,1,67,sub38_hi.txt
38,high,1,68,sub38_hi.txt
38,high,1,69,sub38_hi.txt
38,high,1,70,sub38_hi.txt
38,high,1,71,sub38_hi.txt
38,high,1,72,sub38_hi.txt
38,high,1,73,sub38_hi.txt
38,low,0,0,sub38_lo.txt
38,low,0,1,sub38_lo.txt
38,low,0,2,sub38_lo.txt
38,low,0,3,sub38_lo.txt
38,low,0,4,sub38_lo.txt
38,low,0,5,sub38_lo.txt
38,low,0,6,sub38_lo.txt
38,low,0,7,sub38_lo.txt
38,low,0,8,sub38_lo.txt
38,low,0,9,sub38_lo.txt
38,low,0,10,sub38_lo.txt
38,low,0,11,sub38_lo.txt
38,low,0,12,sub38_lo.txt
38,low,0,13,sub38_lo.txt
38,low,0,14,sub38_lo.txt
38,low,0,15,sub38_lo.txt
38,low,0,16,sub38_lo.txt
38,low,0,17,sub38_lo.txt
38,low,0,18,sub38_lo.txt
38,low,0,19,sub38_lo.txt
38,low,0,20,sub38_lo.txt
38,low,0,21,sub38_lo.txt
38,low,0,22,sub38_lo.txt
38,low,0,23,sub38_lo.txt
38,low,0,24,sub38_lo.txt
38,low,0,25,sub38_lo.txt
38,low,0,26,sub38_lo.txt
38,low,0,27,sub38_lo.txt
38,low,0,28,sub38_lo.txt
38,low,0,29,sub38_lo.txt
38,low,0,30,sub38_lo.txt
38,low,0,31,sub38_lo.txt
38,low,0,32,sub38_lo.txt
38,low,0,33,sub38_lo.txt
38,low,0,34,sub38_lo.txt
38,low,0,35,sub38_lo.txt
38,low,0,36,sub38_lo.txt
38,low,0,37,sub38_lo.txt
38,low,0,38,sub38_lo.txt
38,low,0,39,sub38_lo.txt
38,low,0,40,sub38_lo.txt
38,low,0,41,sub38_lo.txt
38,low,0,42,sub38_lo.txt
38,low,0,43,sub38_lo.txt
38,low,0,44,sub38_lo.txt
38,low,0,45,sub38_lo.txt
38,low,0,46,sub38_lo.txt
38,low,0,47,sub38_lo.txt
38,low,0,48,sub38_lo.txt
38,low,0,49,sub38_lo.txt
38,low,0,50,sub38_lo.txt
38,low,0,51,sub38_lo.txt
38,low,0,52,sub38_lo.txt
38,low,0,53,sub38_lo.txt
38,low,0,54,sub38_lo.txt
38,low,0,55,sub38_lo.txt
38,low,0,56,sub38_lo.txt
38,low,0,57,sub38_lo.txt
38,low,0,58,sub38_lo.txt
38,low,0,59,sub38_lo.txt
38,low,0,60,sub38_lo.txt
38,low,0,61,sub38_lo.txt
38,low,0,62,sub38_lo.txt
38,low,0,63,sub38_lo.txt
38,low,0,64,sub38_lo.txt
38,low,0,65,sub38_lo.txt
38,low,0,66,sub38_lo.txt
38,low,0,67,sub38_lo.txt
38,low,0,68,sub38_lo.txt
38,low,0,69,sub38_lo.txt
38,low,0,70,sub38_lo.txt
38,low,0,71,sub38_lo.txt
38,low,0,72,sub38_lo.txt
38,low,0,73,sub38_lo.txt
39,high,1,0,sub39_hi.txt
39,high,1,1,sub39_hi.txt
39,high,1,2,sub39_hi.txt
39,high,1,3,sub39_hi.txt
39,high,1,4,sub39_hi.txt
39,high,1,5,sub39_hi.txt
39,high,1,6,sub39_hi.txt
39,high,1,7,sub39_hi.txt
39,high,1,8,sub39_hi.txt
39,high,1,9,sub39_hi.txt
39,high,1,10,sub39_hi.txt
39,high,1,11,sub39_hi.txt
39,high,1,12,sub39_hi.txt
39,high,1,13,sub39_hi.txt
39,high,1,14,sub39_hi.txt
39,high,1,15,sub39_hi.txt
39,high,1,16,sub39_hi.txt
39,high,1,17,sub39_hi.txt
39,high,1,18,sub39_hi.txt
39,high,1,19,sub39_hi.txt
39,high,1,20,sub39_hi.txt
39,high,1,21,sub39_hi.txt
39,high,1,22,sub39_hi.txt
39,high,1,23,sub39_hi.txt
39,high,1,24,sub39_hi.txt
39,high,1,25,sub39_hi.txt
39,high,1,26,sub39_hi.txt
39,high,1,27,sub39_hi.txt
39,high,1,28,sub39_hi.txt
39,high,1,29,sub39_hi.txt
39,high,1,30,sub39_hi.txt
39,high,1,31,sub39_hi.txt
39,high,1,32,sub39_hi.txt
39,high,1,33,sub39_hi.txt
39,high,1,34,sub39_hi.txt
39,high,1,35,sub39_hi.txt
39,high,1,36,sub39_hi.txt
39,high,1,37,sub39_hi.txt
39,high,1,38,sub39_hi.txt
39,high,1,39,sub39_hi.txt
39,high,1,40,sub39_hi.txt
39,high,1,41,sub39_hi.txt
39,high,1,42,sub39_hi.txt
39,high,1,43,sub39_hi.txt
39,high,1,44,sub39_hi.txt
39,high,1,45,sub39_hi.txt
39,high,1,46,sub39_hi.txt
39,high,1,47,sub39_hi.txt
39,high,1,48,sub39_hi.txt
39,high,1,49,sub39_hi.txt
39,high,1,50,sub39_hi.txt
39,high,1,51,sub39_hi.txt
39,high,1,52,sub39_hi.txt
39,high,1,53,sub39_hi.txt
39,high,1,54,sub39_hi.txt
39,high,1,55,sub39_hi.txt
39,high,1,56,sub39_hi.txt
39,high,1,57,sub39_hi.txt
39,high,1,58,sub39_hi.txt
39,high,1,59,sub39_hi.txt
39,high,1,60,sub39_hi.txt
39,high,1,61,sub39_hi.txt
39,high,1,62,sub39_hi.txt
39,high,1,63,sub39_hi.txt
39,high,1,64,sub39_hi.txt
39,high,1,65,sub39_hi.txt
39,high,1,66,sub39_hi.txt
39,high,1,67,sub39_hi.txt
39,high,1,68,sub39_hi.txt
39,high,1,69,sub39_hi.txt
39,high,1,70,sub39_hi.txt
39,high,1,71,sub39_hi.txt
39,high,1,72,sub39_hi.txt
39,high,1,73,sub39_hi.txt
39,low,0,0,sub39_lo.txt
39,low,0,1,sub39_lo.txt
39,low,0,2,sub39_lo.txt
39,low,0,3,sub39_lo.txt
39,low,0,4,sub39_lo.txt
39,low,0,5,sub39_lo.txt
39,low,0,6,sub39_lo.txt
39,low,0,7,sub39_lo.txt
39,low,0,8,sub39_lo.txt
39,low,0,9,sub39_lo.txt
39,low,0,10,sub39_lo.txt
39,low,0,11,sub39_lo.txt
39,low,0,12,sub39_lo.txt
39,low,0,13,sub39_lo.txt
39,low,0,14,sub39_lo.txt
39,low,0,15,sub39_lo.txt
39,low,0,16,sub39_lo.txt
39,low,0,17,sub39_lo.txt
39,low,0,18,sub39_lo.txt
39,low,0,19,sub39_lo.txt
39,low,0,20,sub39_lo.txt
39,low,0,21,sub39_lo.txt
39,low,0,22,sub39_lo.txt
39,low,0,23,sub39_lo.txt
39,low,0,24,sub39_lo.txt
39,low,0,25,sub39_lo.txt
39,low,0,26,sub39_lo.txt
39,low,0,27,sub39_lo.txt
39,low,0,28,sub39_lo.txt
39,low,0,29,sub39_lo.txt
39,low,0,30,sub39_lo.txt
39,low,0,31,sub39_lo.txt
39,low,0,32,sub39_lo.txt
39,low,0,33,sub39_lo.txt
39,low,0,34,sub39_lo.txt
39,low,0,35,sub39_lo.txt
39,low,0,36,sub39_lo.txt
39,low,0,37,sub39_lo.txt
39,low,0,38,sub39_lo.txt
39,low,0,39,sub39_lo.txt
39,low,0,40,sub39_lo.txt
39,low,0,41,sub39_lo.txt
39,low,0,42,sub39_lo.txt
39,low,0,43,sub39_lo.txt
39,low,0,44,sub39_lo.txt
39,low,0,45,sub39_lo.txt
39,low,0,46,sub39_lo.txt
39,low,0,47,sub39_lo.txt
39,low,0,48,sub39_lo.txt
39,low,0,49,sub39_lo.txt
39,low,0,50,sub39_lo.txt
39,low,0,51,sub39_lo.txt
39,low,0,52,sub39_lo.txt
39,low,0,53,sub39_lo.txt
39,low,0,54,sub39_lo.txt
39,low,0,55,sub39_lo.txt
39,low,0,56,sub39_lo.txt
39,low,0,57,sub39_lo.txt
39,low,0,58,sub39_lo.txt
39,low,0,59,sub39_lo.txt
39,low,0,60,sub39_lo.txt
39,low,0,61,sub39_lo.txt
39,low,0,62,sub39_lo.txt
39,low,0,63,sub39_lo.txt
39,low,0,64,sub39_lo.txt
39,low,0,65,sub39_lo.txt
39,low,0,66,sub39_lo.txt
39,low,0,67,sub39_lo.txt
39,low,0,68,sub39_lo.txt
39,low,0,69,sub39_lo.txt
39,low,0,70,sub39_lo.txt
39,low,0,71,sub39_lo.txt
39,low,0,72,sub39_lo.txt
39,low,0,73,sub39_lo.txt
40,high,1,0,sub40_hi.txt
40,high,1,1,sub40_hi.txt
40,high,1,2,sub40_hi.txt
40,high,1,3,sub40_hi.txt
40,high,1,4,sub40_hi.txt
40,high,1,5,sub40_hi.txt
40,high,1,6,sub40_hi.txt
40,high,1,7,sub40_hi.txt
40,high,1,8,sub40_hi.txt
40,high,1,9,sub40_hi.txt
40,high,1,10,sub40_hi.txt
40,high,1,11,sub40_hi.txt
40,high,1,12,sub40_hi.txt
40,high,1,13,sub40_hi.txt
40,high,1,14,sub40_hi.txt
40,high,1,15,sub40_hi.txt
40,high,1,16,sub40_hi.txt
40,high,1,17,sub40_hi.txt
40,high,1,18,sub40_hi.txt
40,high,1,19,sub40_hi.txt
40,high,1,20,sub40_hi.txt
40,high,1,21,sub40_hi.txt
40,high,1,22,sub40_hi.txt
40,high,1,23,sub40_hi.txt
40,high,1,24,sub40_hi.txt
40,high,1,25,sub40_hi.txt
40,high,1,26,sub40_hi.txt
40,high,1,27,sub40_hi.txt
40,high,1,28,sub40_hi.txt
40,high,1,29,sub40_hi.txt
40,high,1,30,sub40_hi.txt
40,high,1,31,sub40_hi.txt
40,high,1,32,sub40_hi.txt
40,high,1,33,sub40_hi.txt
40,high,1,34,sub40_hi.txt
40,high,1,35,sub40_hi.txt
40,high,1,36,sub40_hi.txt
40,high,1,37,sub40_hi.txt
40,high,1,38,sub40_hi.txt
40,high,1,39,sub40_hi.txt
40,high,1,40,sub40_hi.txt
40,high,1,41,sub40_hi.txt
40,high,1,42,sub40_hi.txt
40,high,1,43,sub40_hi.txt
40,high,1,44,sub40_hi.txt
40,high,1,45,sub40_hi.txt
40,high,1,46,sub40_hi.txt
40,high,1,47,sub40_hi.txt
40,high,1,48,sub40_hi.txt
40,high,1,49,sub40_hi.txt
40,high,1,50,sub40_hi.txt
40,high,1,51,sub40_hi.txt
40,high,1,52,sub40_hi.txt
40,high,1,53,sub40_hi.txt
40,high,1,54,sub40_hi.txt
40,high,1,55,sub40_hi.txt
40,high,1,56,sub40_hi.txt
40,high,1,57,sub40_hi.txt
40,high,1,58,sub40_hi.txt
40,high,1,59,sub40_hi.txt
40,high,1,60,sub40_hi.txt
40,high,1,61,sub40_hi.txt
40,high,1,62,sub40_hi.txt
40,high,1,63,sub40_hi.txt
40,high,1,64,sub40_hi.txt
40,high,1,65,sub40_hi.txt
40,high,1,66,sub40_hi.txt
40,high,1,67,sub40_hi.txt
40,high,1,68,sub40_hi.txt
40,high,1,69,sub40_hi.txt
40,high,1,70,sub40_hi.txt
40,high,1,71,sub40_hi.txt
40,high,1,72,sub40_hi.txt
40,high,1,73,sub40_hi.txt
40,low,0,0,sub40_lo.txt
40,low,0,1,sub40_lo.txt
40,low,0,2,sub40_lo.txt
40,low,0,3,sub40_lo.txt
40,low,0,4,sub40_lo.txt
40,low,0,5,sub40_lo.txt
40,low,0,6,sub40_lo.txt
40,low,0,7,sub40_lo.txt
40,low,0,8,sub40_lo.txt
40,low,0,9,sub40_lo.txt
40,low,0,10,sub40_lo.txt
40,low,0,11,sub40_lo.txt
40,low,0,12,sub40_lo.txt
40,low,0,13,sub40_lo.txt
40,low,0,14,sub40_lo.txt
40,low,0,15,sub40_lo.txt
40,low,0,16,sub40_lo.txt
40,low,0,17,sub40_lo.txt
40,low,0,18,sub40_lo.txt
40,low,0,19,sub40_lo.txt
40,low,0,20,sub40_lo.txt
40,low,0,21,sub40_lo.txt
40,low,0,22,sub40_lo.txt
40,low,0,23,sub40_lo.txt
40,low,0,24,sub40_lo.txt
40,low,0,25,sub40_lo.txt
40,low,0,26,sub40_lo.txt
40,low,0,27,sub40_lo.txt
40,low,0,28,sub40_lo.txt
40,low,0,29,sub40_lo.txt
40,low,0,30,sub40_lo.txt
40,low,0,31,sub40_lo.txt
40,low,0,32,sub40_lo.txt
40,low,0,33,sub40_lo.txt
40,low,0,34,sub40_lo.txt
40,low,0,35,sub40_lo.txt
40,low,0,36,sub40_lo.txt
40,low,0,37,sub40_lo.txt
40,low,0,38,sub40_lo.txt
40,low,0,39,sub40_lo.txt
40,low,0,40,sub40_lo.txt
40,low,0,41,sub40_lo.txt
40,low,0,42,sub40_lo.txt
40,low,0,43,sub40_lo.txt
40,low,0,44,sub40_lo.txt
40,low,0,45,sub40_lo.txt
40,low,0,46,sub40_lo.txt
40,low,0,47,sub40_lo.txt
40,low,0,48,sub40_lo.txt
40,low,0,49,sub40_lo.txt
40,low,0,50,sub40_lo.txt
40,low,0,51,sub40_lo.txt
40,low,0,52,sub40_lo.txt
40,low,0,53,sub40_lo.txt
40,low,0,54,sub40_lo.txt
40,low,0,55,sub40_lo.txt
40,low,0,56,sub40_lo.txt
40,low,0,57,sub40_lo.txt
40,low,0,58,sub40_lo.txt
40,low,0,59,sub40_lo.txt
40,low,0,60,sub40_lo.txt
40,low,0,61,sub40_lo.txt
40,low,0,62,sub40_lo.txt
40,low,0,63,sub40_lo.txt
40,low,0,64,sub40_lo.txt
40,low,0,65,sub40_lo.txt
40,low,0,66,sub40_lo.txt
40,low,0,67,sub40_lo.txt
40,low,0,68,sub40_lo.txt
40,low,0,69,sub40_lo.txt
40,low,0,70,sub40_lo.txt
40,low,0,71,sub40_lo.txt
40,low,0,72,sub40_lo.txt
40,low,0,73,sub40_lo.txt
41,high,1,0,sub41_hi.txt
41,high,1,1,sub41_hi.txt
41,high,1,2,sub41_hi.txt
41,high,1,3,sub41_hi.txt
41,high,1,4,sub41_hi.txt
41,high,1,5,sub41_hi.txt
41,high,1,6,sub41_hi.txt
41,high,1,7,sub41_hi.txt
41,high,1,8,sub41_hi.txt
41,high,1,9,sub41_hi.txt
41,high,1,10,sub41_hi.txt
41,high,1,11,sub41_hi.txt
41,high,1,12,sub41_hi.txt
41,high,1,13,sub41_hi.txt
41,high,1,14,sub41_hi.txt
41,high,1,15,sub41_hi.txt
41,high,1,16,sub41_hi.txt
41,high,1,17,sub41_hi.txt
41,high,1,18,sub41_hi.txt
41,high,1,19,sub41_hi.txt
41,high,1,20,sub41_hi.txt
41,high,1,21,sub41_hi.txt
41,high,1,22,sub41_hi.txt
41,high,1,23,sub41_hi.txt
41,high,1,24,sub41_hi.txt
41,high,1,25,sub41_hi.txt
41,high,1,26,sub41_hi.txt
41,high,1,27,sub41_hi.txt
41,high,1,28,sub41_hi.txt
41,high,1,29,sub41_hi.txt
41,high,1,30,sub41_hi.txt
41,high,1,31,sub41_hi.txt
41,high,1,32,sub41_hi.txt
41,high,1,33,sub41_hi.txt
41,high,1,34,sub41_hi.txt
41,high,1,35,sub41_hi.txt
41,high,1,36,sub41_hi.txt
41,high,1,37,sub41_hi.txt
41,high,1,38,sub41_hi.txt
41,high,1,39,sub41_hi.txt
41,high,1,40,sub41_hi.txt
41,high,1,41,sub41_hi.txt
41,high,1,42,sub41_hi.txt
41,high,1,43,sub41_hi.txt
41,high,1,44,sub41_hi.txt
41,high,1,45,sub41_hi.txt
41,high,1,46,sub41_hi.txt
41,high,1,47,sub41_hi.txt
41,high,1,48,sub41_hi.txt
41,high,1,49,sub41_hi.txt
41,high,1,50,sub41_hi.txt
41,high,1,51,sub41_hi.txt
41,high,1,52,sub41_hi.txt
41,high,1,53,sub41_hi.txt
41,high,1,54,sub41_hi.txt
41,high,1,55,sub41_hi.txt
41,high,1,56,sub41_hi.txt
41,high,1,57,sub41_hi.txt
41,high,1,58,sub41_hi.txt
41,high,1,59,sub41_hi.txt
41,high,1,60,sub41_hi.txt
41,high,1,61,sub41_hi.txt
41,high,1,62,sub41_hi.txt
41,high,1,63,sub41_hi.txt
41,high,1,64,sub41_hi.txt
41,high,1,65,sub41_hi.txt
41,high,1,66,sub41_hi.txt
41,high,1,67,sub41_hi.txt
41,high,1,68,sub41_hi.txt
41,high,1,69,sub41_hi.txt
41,high,1,70,sub41_hi.txt
41,high,1,71,sub41_hi.txt
41,high,1,72,sub41_hi.txt
41,high,1,73,sub41_hi.txt
41,low,0,0,sub41_lo.txt
41,low,0,1,sub41_lo.txt
41,low,0,2,sub41_lo.txt
41,low,0,3,sub41_lo.txt
41,low,0,4,sub41_lo.txt
41,low,0,5,sub41_lo.txt
41,low,0,6,sub41_lo.txt
41,low,0,7,sub41_lo.txt
41,low,0,8,sub41_lo.txt
41,low,0,9,sub41_lo.txt
41,low,0,10,sub41_lo.txt
41,low,0,11,sub41_lo.txt
41,low,0,12,sub41_lo.txt
41,low,0,13,sub41_lo.txt
41,low,0,14,sub41_lo.txt
41,low,0,15,sub41_lo.txt
41,low,0,16,sub41_lo.txt
41,low,0,17,sub41_lo.txt
41,low,0,18,sub41_lo.txt
41,low,0,19,sub41_lo.txt
41,low,0,20,sub41_lo.txt
41,low,0,21,sub41_lo.txt
41,low,0,22,sub41_lo.txt
41,low,0,23,sub41_lo.txt
41,low,0,24,sub41_lo.txt
41,low,0,25,sub41_lo.txt
41,low,0,26,sub41_lo.txt
41,low,0,27,sub41_lo.txt
41,low,0,28,sub41_lo.txt
41,low,0,29,sub41_lo.txt
41,low,0,30,sub41_lo.txt
41,low,0,31,sub41_lo.txt
41,low,0,32,sub41_lo.txt
41,low,0,33,sub41_lo.txt
41,low,0,34,sub41_lo.txt
41,low,0,35,sub41_lo.txt
41,low,0,36,sub41_lo.txt
41,low,0,37,sub41_lo.txt
41,low,0,38,sub41_lo.txt
41,low,0,39,sub41_lo.txt
41,low,0,40,sub41_lo.txt
41,low,0,41,sub41_lo.txt
41,low,0,42,sub41_lo.txt
41,low,0,43,sub41_lo.txt
41,low,0,44,sub41_lo.txt
41,low,0,45,sub41_lo.txt
41,low,0,46,sub41_lo.txt
41,low,0,47,sub41_lo.txt
41,low,0,48,sub41_lo.txt
41,low,0,49,sub41_lo.txt
41,low,0,50,sub41_lo.txt
41,low,0,51,sub41_lo.txt
41,low,0,52,sub41_lo.txt
41,low,0,53,sub41_lo.txt
41,low,0,54,sub41_lo.txt
41,low,0,55,sub41_lo.txt
41,low,0,56,sub41_lo.txt
41,low,0,57,sub41_lo.txt
41,low,0,58,sub41_lo.txt
41,low,0,59,sub41_lo.txt
41,low,0,60,sub41_lo.txt
41,low,0,61,sub41_lo.txt
41,low,0,62,sub41_lo.txt
41,low,0,63,sub41_lo.txt
41,low,0,64,sub41_lo.txt
41,low,0,65,sub41_lo.txt
41,low,0,66,sub41_lo.txt
41,low,0,67,sub41_lo.txt
41,low,0,68,sub41_lo.txt
41,low,0,69,sub41_lo.txt
41,low,0,70,sub41_lo.txt
41,low,0,71,sub41_lo.txt
41,low,0,72,sub41_lo.txt
41,low,0,73,sub41_lo.txt
42,high,1,0,sub42_hi.txt
42,high,1,1,sub42_hi.txt
42,high,1,2,sub42_hi.txt
42,high,1,3,sub42_hi.txt
42,high,1,4,sub42_hi.txt
42,high,1,5,sub42_hi.txt
42,high,1,6,sub42_hi.txt
42,high,1,7,sub42_hi.txt
42,high,1,8,sub42_hi.txt
42,high,1,9,sub42_hi.txt
42,high,1,10,sub42_hi.txt
42,high,1,11,sub42_hi.txt
42,high,1,12,sub42_hi.txt
42,high,1,13,sub42_hi.txt
42,high,1,14,sub42_hi.txt
42,high,1,15,sub42_hi.txt
42,high,1,16,sub42_hi.txt
42,high,1,17,sub42_hi.txt
42,high,1,18,sub42_hi.txt
42,high,1,19,sub42_hi.txt
42,high,1,20,sub42_hi.txt
42,high,1,21,sub42_hi.txt
42,high,1,22,sub42_hi.txt
42,high,1,23,sub42_hi.txt
42,high,1,24,sub42_hi.txt
42,high,1,25,sub42_hi.txt
42,high,1,26,sub42_hi.txt
42,high,1,27,sub42_hi.txt
42,high,1,28,sub42_hi.txt
42,high,1,29,sub42_hi.txt
42,high,1,30,sub42_hi.txt
42,high,1,31,sub42_hi.txt
42,high,1,32,sub42_hi.txt
42,high,1,33,sub42_hi.txt
42,high,1,34,sub42_hi.txt
42,high,1,35,sub42_hi.txt
42,high,1,36,sub42_hi.txt
42,high,1,37,sub42_hi.txt
42,high,1,38,sub42_hi.txt
42,high,1,39,sub42_hi.txt
42,high,1,40,sub42_hi.txt
42,high,1,41,sub42_hi.txt
42,high,1,42,sub42_hi.txt
42,high,1,43,sub42_hi.txt
42,high,1,44,sub42_hi.txt
42,high,1,45,sub42_hi.txt
42,high,1,46,sub42_hi.txt
42,high,1,47,sub42_hi.txt
42,high,1,48,sub42_hi.txt
42,high,1,49,sub42_hi.txt
42,high,1,50,sub42_hi.txt
42,high,1,51,sub42_hi.txt
42,high,1,52,sub42_hi.txt
42,high,1,53,sub42_hi.txt
42,high,1,54,sub42_hi.txt
42,high,1,55,sub42_hi.txt
42,high,1,56,sub42_hi.txt
42,high,1,57,sub42_hi.txt
42,high,1,58,sub42_hi.txt
42,high,1,59,sub42_hi.txt
42,high,1,60,sub42_hi.txt
42,high,1,61,sub42_hi.txt
42,high,1,62,sub42_hi.txt
42,high,1,63,sub42_hi.txt
42,high,1,64,sub42_hi.txt
42,high,1,65,sub42_hi.txt
42,high,1,66,sub42_hi.txt
42,high,1,67,sub42_hi.txt
42,high,1,68,sub42_hi.txt
42,high,1,69,sub42_hi.txt
42,high,1,70,sub42_hi.txt
42,high,1,71,sub42_hi.txt
42,high,1,72,sub42_hi.txt
42,high,1,73,sub42_hi.txt
42,low,0,0,sub42_lo.txt
42,low,0,1,sub42_lo.txt
42,low,0,2,sub42_lo.txt
42,low,0,3,sub42_lo.txt
42,low,0,4,sub42_lo.txt
42,low,0,5,sub42_lo.txt
42,low,0,6,sub42_lo.txt
42,low,0,7,sub42_lo.txt
42,low,0,8,sub42_lo.txt
42,low,0,9,sub42_lo.txt
42,low,0,10,sub42_lo.txt
42,low,0,11,sub42_lo.txt
42,low,0,12,sub42_lo.txt
42,low,0,13,sub42_lo.txt
42,low,0,14,sub42_lo.txt
42,low,0,15,sub42_lo.txt
42,low,0,16,sub42_lo.txt
42,low,0,17,sub42_lo.txt
42,low,0,18,sub42_lo.txt
42,low,0,19,sub42_lo.txt
42,low,0,20,sub42_lo.txt
42,low,0,21,sub42_lo.txt
42,low,0,22,sub42_lo.txt
42,low,0,23,sub42_lo.txt
42,low,0,24,sub42_lo.txt
42,low,0,25,sub42_lo.txt
42,low,0,26,sub42_lo.txt
42,low,0,27,sub42_lo.txt
42,low,0,28,sub42_lo.txt
42,low,0,29,sub42_lo.txt
42,low,0,30,sub42_lo.txt
42,low,0,31,sub42_lo.txt
42,low,0,32,sub42_lo.txt
42,low,0,33,sub42_lo.txt
42,low,0,34,sub42_lo.txt
42,low,0,35,sub42_lo.txt
42,low,0,36,sub42_lo.txt
42,low,0,37,sub42_lo.txt
42,low,0,38,sub42_lo.txt
42,low,0,39,sub42_lo.txt
42,low,0,40,sub42_lo.txt
42,low,0,41,sub42_lo.txt
42,low,0,42,sub42_lo.txt
42,low,0,43,sub42_lo.txt
42,low,0,44,sub42_lo.txt
42,low,0,45,sub42_lo.txt
42,low,0,46,sub42_lo.txt
42,low,0,47,sub42_lo.txt
42,low,0,48,sub42_lo.txt
42,low,0,49,sub42_lo.txt
42,low,0,50,sub42_lo.txt
42,low,0,51,sub42_lo.txt
42,low,0,52,sub42_lo.txt
42,low,0,53,sub42_lo.txt
42,low,0,54,sub42_lo.txt
42,low,0,55,sub42_lo.txt
42,low,0,56,sub42_lo.txt
42,low,0,57,sub42_lo.txt
42,low,0,58,sub42_lo.txt
42,low,0,59,sub42_lo.txt
42,low,0,60,sub42_lo.txt
42,low,0,61,sub42_lo.txt
42,low,0,62,sub42_lo.txt
42,low,0,63,sub42_lo.txt
42,low,0,64,sub42_lo.txt
42,low,0,65,sub42_lo.txt
42,low,0,66,sub42_lo.txt
42,low,0,67,sub42_lo.txt
42,low,0,68,sub42_lo.txt
42,low,0,69,sub42_lo.txt
42,low,0,70,sub42_lo.txt
42,low,0,71,sub42_lo.txt
42,low,0,72,sub42_lo.txt
42,low,0,73,sub42_lo.txt
43,high,1,0,sub43_hi.txt
43,high,1,1,sub43_hi.txt
43,high,1,2,sub43_hi.txt
43,high,1,3,sub43_hi.txt
43,high,1,4,sub43_hi.txt
43,high,1,5,sub43_hi.txt
43,high,1,6,sub43_hi.txt
43,high,1,7,sub43_hi.txt
43,high,1,8,sub43_hi.txt
43,high,1,9,sub43_hi.txt
43,high,1,10,sub43_hi.txt
43,high,1,11,sub43_hi.txt
43,high,1,12,sub43_hi.txt
43,high,1,13,sub43_hi.txt
43,high,1,14,sub43_hi.txt
43,high,1,15,sub43_hi.txt
43,high,1,16,sub43_hi.txt
43,high,1,17,sub43_hi.txt
43,high,1,18,sub43_hi.txt
43,high,1,19,sub43_hi.txt
43,high,1,20,sub43_hi.txt
43,high,1,21,sub43_hi.txt
43,high,1,22,sub43_hi.txt
43,high,1,23,sub43_hi.txt
43,high,1,24,sub43_hi.txt
43,high,1,25,sub43_hi.txt
43,high,1,26,sub43_hi.txt
43,high,1,27,sub43_hi.txt
43,high,1,28,sub43_hi.txt
43,high,1,29,sub43_hi.txt
43,high,1,30,sub43_hi.txt
43,high,1,31,sub43_hi.txt
43,high,1,32,sub43_hi.txt
43,high,1,33,sub43_hi.txt
43,high,1,34,sub43_hi.txt
43,high,1,35,sub43_hi.txt
43,high,1,36,sub43_hi.txt
43,high,1,37,sub43_hi.txt
43,high,1,38,sub43_hi.txt
43,high,1,39,sub43_hi.txt
43,high,1,40,sub43_hi.txt
43,high,1,41,sub43_hi.txt
43,high,1,42,sub43_hi.txt
43,high,1,43,sub43_hi.txt
43,high,1,44,sub43_hi.txt
43,high,1,45,sub43_hi.txt
43,high,1,46,sub43_hi.txt
43,high,1,47,sub43_hi.txt
43,high,1,48,sub43_hi.txt
43,high,1,49,sub43_hi.txt
43,high,1,50,sub43_hi.txt
43,high,1,51,sub43_hi.txt
43,high,1,52,sub43_hi.txt
43,high,1,53,sub43_hi.txt
43,high,1,54,sub43_hi.txt
43,high,1,55,sub43_hi.txt
43,high,1,56,sub43_hi.txt
43,high,1,57,sub43_hi.txt
43,high,1,58,sub43_hi.txt
43,high,1,59,sub43_hi.txt
43,high,1,60,sub43_hi.txt
43,high,1,61,sub43_hi.txt
43,high,1,62,sub43_hi.txt
43,high,1,63,sub43_hi.txt
43,high,1,64,sub43_hi.txt
43,high,1,65,sub43_hi.txt
43,high,1,66,sub43_hi.txt
43,high,1,67,sub43_hi.txt
43,high,1,68,sub43_hi.txt
43,high,1,69,sub43_hi.txt
43,high,1,70,sub43_hi.txt
43,high,1,71,sub43_hi.txt
43,high,1,72,sub43_hi.txt
43,high,1,73,sub43_hi.txt
43,low,0,0,sub43_lo.txt
43,low,0,1,sub43_lo.txt
43,low,0,2,sub43_lo.txt
43,low,0,3,sub43_lo.txt
43,low,0,4,sub43_lo.txt
43,low,0,5,sub43_lo.txt
43,low,0,6,sub43_lo.txt
43,low,0,7,sub43_lo.txt
43,low,0,8,sub43_lo.txt
43,low,0,9,sub43_lo.txt
43,low,0,10,sub43_lo.txt
43,low,0,11,sub43_lo.txt
43,low,0,12,sub43_lo.txt
43,low,0,13,sub43_lo.txt
43,low,0,14,sub43_lo.txt
43,low,0,15,sub43_lo.txt
43,low,0,16,sub43_lo.txt
43,low,0,17,sub43_lo.txt
43,low,0,18,sub43_lo.txt
43,low,0,19,sub43_lo.txt
43,low,0,20,sub43_lo.txt
43,low,0,21,sub43_lo.txt
43,low,0,22,sub43_lo.txt
43,low,0,23,sub43_lo.txt
43,low,0,24,sub43_lo.txt
43,low,0,25,sub43_lo.txt
43,low,0,26,sub43_lo.txt
43,low,0,27,sub43_lo.txt
43,low,0,28,sub43_lo.txt
43,low,0,29,sub43_lo.txt
43,low,0,30,sub43_lo.txt
43,low,0,31,sub43_lo.txt
43,low,0,32,sub43_lo.txt
43,low,0,33,sub43_lo.txt
43,low,0,34,sub43_lo.txt
43,low,0,35,sub43_lo.txt
43,low,0,36,sub43_lo.txt
43,low,0,37,sub43_lo.txt
43,low,0,38,sub43_lo.txt
43,low,0,39,sub43_lo.txt
43,low,0,40,sub43_lo.txt
43,low,0,41,sub43_lo.txt
43,low,0,42,sub43_lo.txt
43,low,0,43,sub43_lo.txt
43,low,0,44,sub43_lo.txt
43,low,0,45,sub43_lo.txt
43,low,0,46,sub43_lo.txt
43,low,0,47,sub43_lo.txt
43,low,0,48,sub43_lo.txt
43,low,0,49,sub43_lo.txt
43,low,0,50,sub43_lo.txt
43,low,0,51,sub43_lo.txt
43,low,0,52,sub43_lo.txt
43,low,0,53,sub43_lo.txt
43,low,0,54,sub43_lo.txt
43,low,0,55,sub43_lo.txt
43,low,0,56,sub43_lo.txt
43,low,0,57,sub43_lo.txt
43,low,0,58,sub43_lo.txt
43,low,0,59,sub43_lo.txt
43,low,0,60,sub43_lo.txt
43,low,0,61,sub43_lo.txt
43,low,0,62,sub43_lo.txt
43,low,0,63,sub43_lo.txt
43,low,0,64,sub43_lo.txt
43,low,0,65,sub43_lo.txt
43,low,0,66,sub43_lo.txt
43,low,0,67,sub43_lo.txt
43,low,0,68,sub43_lo.txt
43,low,0,69,sub43_lo.txt
43,low,0,70,sub43_lo.txt
43,low,0,71,sub43_lo.txt
43,low,0,72,sub43_lo.txt
43,low,0,73,sub43_lo.txt
44,high,1,0,sub44_hi.txt
44,high,1,1,sub44_hi.txt
44,high,1,2,sub44_hi.txt
44,high,1,3,sub44_hi.txt
44,high,1,4,sub44_hi.txt
44,high,1,5,sub44_hi.txt
44,high,1,6,sub44_hi.txt
44,high,1,7,sub44_hi.txt
44,high,1,8,sub44_hi.txt
44,high,1,9,sub44_hi.txt
44,high,1,10,sub44_hi.txt
44,high,1,11,sub44_hi.txt
44,high,1,12,sub44_hi.txt
44,high,1,13,sub44_hi.txt
44,high,1,14,sub44_hi.txt
44,high,1,15,sub44_hi.txt
44,high,1,16,sub44_hi.txt
44,high,1,17,sub44_hi.txt
44,high,1,18,sub44_hi.txt
44,high,1,19,sub44_hi.txt
44,high,1,20,sub44_hi.txt
44,high,1,21,sub44_hi.txt
44,high,1,22,sub44_hi.txt
44,high,1,23,sub44_hi.txt
44,high,1,24,sub44_hi.txt
44,high,1,25,sub44_hi.txt
44,high,1,26,sub44_hi.txt
44,high,1,27,sub44_hi.txt
44,high,1,28,sub44_hi.txt
44,high,1,29,sub44_hi.txt
44,high,1,30,sub44_hi.txt
44,high,1,31,sub44_hi.txt
44,high,1,32,sub44_hi.txt
44,high,1,33,sub44_hi.txt
44,high,1,34,sub44_hi.txt
44,high,1,35,sub44_hi.txt
44,high,1,36,sub44_hi.txt
44,high,1,37,sub44_hi.txt
44,high,1,38,sub44_hi.txt
44,high,1,39,sub44_hi.txt
44,high,1,40,sub44_hi.txt
44,high,1,41,sub44_hi.txt
44,high,1,42,sub44_hi.txt
44,high,1,43,sub44_hi.txt
44,high,1,44,sub44_hi.txt
44,high,1,45,sub44_hi.txt
44,high,1,46,sub44_hi.txt
44,high,1,47,sub44_hi.txt
44,high,1,48,sub44_hi.txt
44,high,1,49,sub44_hi.txt
44,high,1,50,sub44_hi.txt
44,high,1,51,sub44_hi.txt
44,high,1,52,sub44_hi.txt
44,high,1,53,sub44_hi.txt
44,high,1,54,sub44_hi.txt
44,high,1,55,sub44_hi.txt
44,high,1,56,sub44_hi.txt
44,high,1,57,sub44_hi.txt
44,high,1,58,sub44_hi.txt
44,high,1,59,sub44_hi.txt
44,high,1,60,sub44_hi.txt
44,high,1,61,sub44_hi.txt
44,high,1,62,sub44_hi.txt
44,high,1,63,sub44_hi.txt
44,high,1,64,sub44_hi.txt
44,high,1,65,sub44_hi.txt
44,high,1,66,sub44_hi.txt
44,high,1,67,sub44_hi.txt
44,high,1,68,sub44_hi.txt
44,high,1,69,sub44_hi.txt
44,high,1,70,sub44_hi.txt
44,high,1,71,sub44_hi.txt
44,high,1,72,sub44_hi.txt
44,high,1,73,sub44_hi.txt
44,low,0,0,sub44_lo.txt
44,low,0,1,sub44_lo.txt
44,low,0,2,sub44_lo.txt
44,low,0,3,sub44_lo.txt
44,low,0,4,sub44_lo.txt
44,low,0,5,sub44_lo.txt
44,low,0,6,sub44_lo.txt
44,low,0,7,sub44_lo.txt
44,low,0,8,sub44_lo.txt
44,low,0,9,sub44_lo.txt
44,low,0,10,sub44_lo.txt
44,low,0,11,sub44_lo.txt
44,low,0,12,sub44_lo.txt
44,low,0,13,sub44_lo.txt
44,low,0,14,sub44_lo.txt
44,low,0,15,sub44_lo.txt
44,low,0,16,sub44_lo.txt
44,low,0,17,sub44_lo.txt
44,low,0,18,sub44_lo.txt
44,low,0,19,sub44_lo.txt
44,low,0,20,sub44_lo.txt
44,low,0,21,sub44_lo.txt
44,low,0,22,sub44_lo.txt
44,low,0,23,sub44_lo.txt
44,low,0,24,sub44_lo.txt
44,low,0,25,sub44_lo.txt
44,low,0,26,sub44_lo.txt
44,low,0,27,sub44_lo.txt
44,low,0,28,sub44_lo.txt
44,low,0,29,sub44_lo.txt
44,low,0,30,sub44_lo.txt
44,low,0,31,sub44_lo.txt
44,low,0,32,sub44_lo.txt
44,low,0,33,sub44_lo.txt
44,low,0,34,sub44_lo.txt
44,low,0,35,sub44_lo.txt
44,low,0,36,sub44_lo.txt
44,low,0,37,sub44_lo.txt
44,low,0,38,sub44_lo.txt
44,low,0,39,sub44_lo.txt
44,low,0,40,sub44_lo.txt
44,low,0,41,sub44_lo.txt
44,low,0,42,sub44_lo.txt
44,low,0,43,sub44_lo.txt
44,low,0,44,sub44_lo.txt
44,low,0,45,sub44_lo.txt
44,low,0,46,sub44_lo.txt
44,low,0,47,sub44_lo.txt
44,low,0,48,sub44_lo.txt
44,low,0,49,sub44_lo.txt
44,low,0,50,sub44_lo.txt
44,low,0,51,sub44_lo.txt
44,low,0,52,sub44_lo.txt
44,low,0,53,sub44_lo.txt
44,low,0,54,sub44_lo.txt
44,low,0,55,sub44_lo.txt
44,low,0,56,sub44_lo.txt
44,low,0,57,sub44_lo.txt
44,low,0,58,sub44_lo.txt
44,low,0,59,sub44_lo.txt
44,low,0,60,sub44_lo.txt
44,low,0,61,sub44_lo.txt
44,low,0,62,sub44_lo.txt
44,low,0,63,sub44_lo.txt
44,low,0,64,sub44_lo.txt
44,low,0,65,sub44_lo.txt
44,low,0,66,sub44_lo.txt
44,low,0,67,sub44_lo.txt
44,low,0,68,sub44_lo.txt
44,low,0,69,sub44_lo.txt
44,low,0,70,sub44_lo.txt
44,low,0,71,sub44_lo.txt
44,low,0,72,sub44_lo.txt
44,low,0,73,sub44_lo.txt
45,high,1,0,sub45_hi.txt
45,high,1,1,sub45_hi.txt
45,high,1,2,sub45_hi.txt
45,high,1,3,sub45_hi.txt
45,high,1,4,sub45_hi.txt
45,high,1,5,sub45_hi.txt
45,high,1,6,sub45_hi.txt
45,high,1,7,sub45_hi.txt
45,high,1,8,sub45_hi.txt
45,high,1,9,sub45_hi.txt
45,high,1,10,sub45_hi.txt
45,high,1,11,sub45_hi.txt
45,high,1,12,sub45_hi.txt
45,high,1,13,sub45_hi.txt
45,high,1,14,sub45_hi.txt
45,high,1,15,sub45_hi.txt
45,high,1,16,sub45_hi.txt
45,high,1,17,sub45_hi.txt
45,high,1,18,sub45_hi.txt
45,high,1,19,sub45_hi.txt
45,high,1,20,sub45_hi.txt
45,high,1,21,sub45_hi.txt
45,high,1,22,sub45_hi.txt
45,high,1,23,sub45_hi.txt
45,high,1,24,sub45_hi.txt
45,high,1,25,sub45_hi.txt
45,high,1,26,sub45_hi.txt
45,high,1,27,sub45_hi.txt
45,high,1,28,sub45_hi.txt
45,high,1,29,sub45_hi.txt
45,high,1,30,sub45_hi.txt
45,high,1,31,sub45_hi.txt
45,high,1,32,sub45_hi.txt
45,high,1,33,sub45_hi.txt
45,high,1,34,sub45_hi.txt
45,high,1,35,sub45_hi.txt
45,high,1,36,sub45_hi.txt
45,high,1,37,sub45_hi.txt
45,high,1,38,sub45_hi.txt
45,high,1,39,sub45_hi.txt
45,high,1,40,sub45_hi.txt
45,high,1,41,sub45_hi.txt
45,high,1,42,sub45_hi.txt
45,high,1,43,sub45_hi.txt
45,high,1,44,sub45_hi.txt
45,high,1,45,sub45_hi.txt
45,high,1,46,sub45_hi.txt
45,high,1,47,sub45_hi.txt
45,high,1,48,sub45_hi.txt
45,high,1,49,sub45_hi.txt
45,high,1,50,sub45_hi.txt
45,high,1,51,sub45_hi.txt
45,high,1,52,sub45_hi.txt
45,high,1,53,sub45_hi.txt
45,high,1,54,sub45_hi.txt
45,high,1,55,sub45_hi.txt
45,high,1,56,sub45_hi.txt
45,high,1,57,sub45_hi.txt
45,high,1,58,sub45_hi.txt
45,high,1,59,sub45_hi.txt
45,high,1,60,sub45_hi.txt
45,high,1,61,sub45_hi.txt
45,high,1,62,sub45_hi.txt
45,high,1,63,sub45_hi.txt
45,high,1,64,sub45_hi.txt
45,high,1,65,sub45_hi.txt
45,high,1,66,sub45_hi.txt
45,high,1,67,sub45_hi.txt
45,high,1,68,sub45_hi.txt
45,high,1,69,sub45_hi.txt
45,high,1,70,sub45_hi.txt
45,high,1,71,sub45_hi.txt
45,high,1,72,sub45_hi.txt
45,high,1,73,sub45_hi.txt
45,low,0,0,sub45_lo.txt
45,low,0,1,sub45_lo.txt
45,low,0,2,sub45_lo.txt
45,low,0,3,sub45_lo.txt
45,low,0,4,sub45_lo.txt
45,low,0,5,sub45_lo.txt
45,low,0,6,sub45_lo.txt
45,low,0,7,sub45_lo.txt
45,low,0,8,sub45_lo.txt
45,low,0,9,sub45_lo.txt
45,low,0,10,sub45_lo.txt
45,low,0,11,sub45_lo.txt
45,low,0,12,sub45_lo.txt
45,low,0,13,sub45_lo.txt
45,low,0,14,sub45_lo.txt
45,low,0,15,sub45_lo.txt
45,low,0,16,sub45_lo.txt
45,low,0,17,sub45_lo.txt
45,low,0,18,sub45_lo.txt
45,low,0,19,sub45_lo.txt
45,low,0,20,sub45_lo.txt
45,low,0,21,sub45_lo.txt
45,low,0,22,sub45_lo.txt
45,low,0,23,sub45_lo.txt
45,low,0,24,sub45_lo.txt
45,low,0,25,sub45_lo.txt
45,low,0,26,sub45_lo.txt
45,low,0,27,sub45_lo.txt
45,low,0,28,sub45_lo.txt
45,low,0,29,sub45_lo.txt
45,low,0,30,sub45_lo.txt
45,low,0,31,sub45_lo.txt
45,low,0,32,sub45_lo.txt
45,low,0,33,sub45_lo.txt
45,low,0,34,sub45_lo.txt
45,low,0,35,sub45_lo.txt
45,low,0,36,sub45_lo.txt
45,low,0,37,sub45_lo.txt
45,low,0,38,sub45_lo.txt
45,low,0,39,sub45_lo.txt
45,low,0,40,sub45_lo.txt
45,low,0,41,sub45_lo.txt
45,low,0,42,sub45_lo.txt
45,low,0,43,sub45_lo.txt
45,low,0,44,sub45_lo.txt
45,low,0,45,sub45_lo.txt
45,low,0,46,sub45_lo.txt
45,low,0,47,sub45_lo.txt
45,low,0,48,sub45_lo.txt
45,low,0,49,sub45_lo.txt
45,low,0,50,sub45_lo.txt
45,low,0,51,sub45_lo.txt
45,low,0,52,sub45_lo.txt
45,low,0,53,sub45_lo.txt
45,low,0,54,sub45_lo.txt
45,low,0,55,sub45_lo.txt
45,low,0,56,sub45_lo.txt
45,low,0,57,sub45_lo.txt
45,low,0,58,sub45_lo.txt
45,low,0,59,sub45_lo.txt
45,low,0,60,sub45_lo.txt
45,low,0,61,sub45_lo.txt
45,low,0,62,sub45_lo.txt
45,low,0,63,sub45_lo.txt
45,low,0,64,sub45_lo.txt
45,low,0,65,sub45_lo.txt
45,low,0,66,sub45_lo.txt
45,low,0,67,sub45_lo.txt
45,low,0,68,sub45_lo.txt
45,low,0,69,sub45_lo.txt
45,low,0,70,sub45_lo.txt
45,low,0,71,sub45_lo.txt
45,low,0,72,sub45_lo.txt
45,low,0,73,sub45_lo.txt
46,high,1,0,sub46_hi.txt
46,high,1,1,sub46_hi.txt
46,high,1,2,sub46_hi.txt
46,high,1,3,sub46_hi.txt
46,high,1,4,sub46_hi.txt
46,high,1,5,sub46_hi.txt
46,high,1,6,sub46_hi.txt
46,high,1,7,sub46_hi.txt
46,high,1,8,sub46_hi.txt
46,high,1,9,sub46_hi.txt
46,high,1,10,sub46_hi.txt
46,high,1,11,sub46_hi.txt
46,high,1,12,sub46_hi.txt
46,high,1,13,sub46_hi.txt
46,high,1,14,sub46_hi.txt
46,high,1,15,sub46_hi.txt
46,high,1,16,sub46_hi.txt
46,high,1,17,sub46_hi.txt
46,high,1,18,sub46_hi.txt
46,high,1,19,sub46_hi.txt
46,high,1,20,sub46_hi.txt
46,high,1,21,sub46_hi.txt
46,high,1,22,sub46_hi.txt
46,high,1,23,sub46_hi.txt
46,high,1,24,sub46_hi.txt
46,high,1,25,sub46_hi.txt
46,high,1,26,sub46_hi.txt
46,high,1,27,sub46_hi.txt
46,high,1,28,sub46_hi.txt
46,high,1,29,sub46_hi.txt
46,high,1,30,sub46_hi.txt
46,high,1,31,sub46_hi.txt
46,high,1,32,sub46_hi.txt
46,high,1,33,sub46_hi.txt
46,high,1,34,sub46_hi.txt
46,high,1,35,sub46_hi.txt
46,high,1,36,sub46_hi.txt
46,high,1,37,sub46_hi.txt
46,high,1,38,sub46_hi.txt
46,high,1,39,sub46_hi.txt
46,high,1,40,sub46_hi.txt
46,high,1,41,sub46_hi.txt
46,high,1,42,sub46_hi.txt
46,high,1,43,sub46_hi.txt
46,high,1,44,sub46_hi.txt
46,high,1,45,sub46_hi.txt
46,high,1,46,sub46_hi.txt
46,high,1,47,sub46_hi.txt
46,high,1,48,sub46_hi.txt
46,high,1,49,sub46_hi.txt
46,high,1,50,sub46_hi.txt
46,high,1,51,sub46_hi.txt
46,high,1,52,sub46_hi.txt
46,high,1,53,sub46_hi.txt
46,high,1,54,sub46_hi.txt
46,high,1,55,sub46_hi.txt
46,high,1,56,sub46_hi.txt
46,high,1,57,sub46_hi.txt
46,high,1,58,sub46_hi.txt
46,high,1,59,sub46_hi.txt
46,high,1,60,sub46_hi.txt
46,high,1,61,sub46_hi.txt
46,high,1,62,sub46_hi.txt
46,high,1,63,sub46_hi.txt
46,high,1,64,sub46_hi.txt
46,high,1,65,sub46_hi.txt
46,high,1,66,sub46_hi.txt
46,high,1,67,sub46_hi.txt
46,high,1,68,sub46_hi.txt
46,high,1,69,sub46_hi.txt
46,high,1,70,sub46_hi.txt
46,high,1,71,sub46_hi.txt
46,high,1,72,sub46_hi.txt
46,high,1,73,sub46_hi.txt
46,low,0,0,sub46_lo.txt
46,low,0,1,sub46_lo.txt
46,low,0,2,sub46_lo.txt
46,low,0,3,sub46_lo.txt
46,low,0,4,sub46_lo.txt
46,low,0,5,sub46_lo.txt
46,low,0,6,sub46_lo.txt
46,low,0,7,sub46_lo.txt
46,low,0,8,sub46_lo.txt
46,low,0,9,sub46_lo.txt
46,low,0,10,sub46_lo.txt
46,low,0,11,sub46_lo.txt
46,low,0,12,sub46_lo.txt
46,low,0,13,sub46_lo.txt
46,low,0,14,sub46_lo.txt
46,low,0,15,sub46_lo.txt
46,low,0,16,sub46_lo.txt
46,low,0,17,sub46_lo.txt
46,low,0,18,sub46_lo.txt
46,low,0,19,sub46_lo.txt
46,low,0,20,sub46_lo.txt
46,low,0,21,sub46_lo.txt
46,low,0,22,sub46_lo.txt
46,low,0,23,sub46_lo.txt
46,low,0,24,sub46_lo.txt
46,low,0,25,sub46_lo.txt
46,low,0,26,sub46_lo.txt
46,low,0,27,sub46_lo.txt
46,low,0,28,sub46_lo.txt
46,low,0,29,sub46_lo.txt
46,low,0,30,sub46_lo.txt
46,low,0,31,sub46_lo.txt
46,low,0,32,sub46_lo.txt
46,low,0,33,sub46_lo.txt
46,low,0,34,sub46_lo.txt
46,low,0,35,sub46_lo.txt
46,low,0,36,sub46_lo.txt
46,low,0,37,sub46_lo.txt
46,low,0,38,sub46_lo.txt
46,low,0,39,sub46_lo.txt
46,low,0,40,sub46_lo.txt
46,low,0,41,sub46_lo.txt
46,low,0,42,sub46_lo.txt
46,low,0,43,sub46_lo.txt
46,low,0,44,sub46_lo.txt
46,low,0,45,sub46_lo.txt
46,low,0,46,sub46_lo.txt
46,low,0,47,sub46_lo.txt
46,low,0,48,sub46_lo.txt
46,low,0,49,sub46_lo.txt
46,low,0,50,sub46_lo.txt
46,low,0,51,sub46_lo.txt
46,low,0,52,sub46_lo.txt
46,low,0,53,sub46_lo.txt
46,low,0,54,sub46_lo.txt
46,low,0,55,sub46_lo.txt
46,low,0,56,sub46_lo.txt
46,low,0,57,sub46_lo.txt
46,low,0,58,sub46_lo.txt
46,low,0,59,sub46_lo.txt
46,low,0,60,sub46_lo.txt
46,low,0,61,sub46_lo.txt
46,low,0,62,sub46_lo.txt
46,low,0,63,sub46_lo.txt
46,low,0,64,sub46_lo.txt
46,low,0,65,sub46_lo.txt
46,low,0,66,sub46_lo.txt
46,low,0,67,sub46_lo.txt
46,low,0,68,sub46_lo.txt
46,low,0,69,sub46_lo.txt
46,low,0,70,sub46_lo.txt
46,low,0,71,sub46_lo.txt
46,low,0,72,sub46_lo.txt
46,low,0,73,sub46_lo.txt
47,high,1,0,sub47_hi.txt
47,high,1,1,sub47_hi.txt
47,high,1,2,sub47_hi.txt
47,high,1,3,sub47_hi.txt
47,high,1,4,sub47_hi.txt
47,high,1,5,sub47_hi.txt
47,high,1,6,sub47_hi.txt
47,high,1,7,sub47_hi.txt
47,high,1,8,sub47_hi.txt
47,high,1,9,sub47_hi.txt
47,high,1,10,sub47_hi.txt
47,high,1,11,sub47_hi.txt
47,high,1,12,sub47_hi.txt
47,high,1,13,sub47_hi.txt
47,high,1,14,sub47_hi.txt
47,high,1,15,sub47_hi.txt
47,high,1,16,sub47_hi.txt
47,high,1,17,sub47_hi.txt
47,high,1,18,sub47_hi.txt
47,high,1,19,sub47_hi.txt
47,high,1,20,sub47_hi.txt
47,high,1,21,sub47_hi.txt
47,high,1,22,sub47_hi.txt
47,high,1,23,sub47_hi.txt
47,high,1,24,sub47_hi.txt
47,high,1,25,sub47_hi.txt
47,high,1,26,sub47_hi.txt
47,high,1,27,sub47_hi.txt
47,high,1,28,sub47_hi.txt
47,high,1,29,sub47_hi.txt
47,high,1,30,sub47_hi.txt
47,high,1,31,sub47_hi.txt
47,high,1,32,sub47_hi.txt
47,high,1,33,sub47_hi.txt
47,high,1,34,sub47_hi.txt
47,high,1,35,sub47_hi.txt
47,high,1,36,sub47_hi.txt
47,high,1,37,sub47_hi.txt
47,high,1,38,sub47_hi.txt
47,high,1,39,sub47_hi.txt
47,high,1,40,sub47_hi.txt
47,high,1,41,sub47_hi.txt
47,high,1,42,sub47_hi.txt
47,high,1,43,sub47_hi.txt
47,high,1,44,sub47_hi.txt
47,high,1,45,sub47_hi.txt
47,high,1,46,sub47_hi.txt
47,high,1,47,sub47_hi.txt
47,high,1,48,sub47_hi.txt
47,high,1,49,sub47_hi.txt
47,high,1,50,sub47_hi.txt
47,high,1,51,sub47_hi.txt
47,high,1,52,sub47_hi.txt
47,high,1,53,sub47_hi.txt
47,high,1,54,sub47_hi.txt
47,high,1,55,sub47_hi.txt
47,high,1,56,sub47_hi.txt
47,high,1,57,sub47_hi.txt
47,high,1,58,sub47_hi.txt
47,high,1,59,sub47_hi.txt
47,high,1,60,sub47_hi.txt
47,high,1,61,sub47_hi.txt
47,high,1,62,sub47_hi.txt
47,high,1,63,sub47_hi.txt
47,high,1,64,sub47_hi.txt
47,high,1,65,sub47_hi.txt
47,high,1,66,sub47_hi.txt
47,high,1,67,sub47_hi.txt
47,high,1,68,sub47_hi.txt
47,high,1,69,sub47_hi.txt
47,high,1,70,sub47_hi.txt
47,high,1,71,sub47_hi.txt
47,high,1,72,sub47_hi.txt
47,high,1,73,sub47_hi.txt
47,low,0,0,sub47_lo.txt
47,low,0,1,sub47_lo.txt
47,low,0,2,sub47_lo.txt
47,low,0,3,sub47_lo.txt
47,low,0,4,sub47_lo.txt
47,low,0,5,sub47_lo.txt
47,low,0,6,sub47_lo.txt
47,low,0,7,sub47_lo.txt
47,low,0,8,sub47_lo.txt
47,low,0,9,sub47_lo.txt
47,low,0,10,sub47_lo.txt
47,low,0,11,sub47_lo.txt
47,low,0,12,sub47_lo.txt
47,low,0,13,sub47_lo.txt
47,low,0,14,sub47_lo.txt
47,low,0,15,sub47_lo.txt
47,low,0,16,sub47_lo.txt
47,low,0,17,sub47_lo.txt
47,low,0,18,sub47_lo.txt
47,low,0,19,sub47_lo.txt
47,low,0,20,sub47_lo.txt
47,low,0,21,sub47_lo.txt
47,low,0,22,sub47_lo.txt
47,low,0,23,sub47_lo.txt
47,low,0,24,sub47_lo.txt
47,low,0,25,sub47_lo.txt
47,low,0,26,sub47_lo.txt
47,low,0,27,sub47_lo.txt
47,low,0,28,sub47_lo.txt
47,low,0,29,sub47_lo.txt
47,low,0,30,sub47_lo.txt
47,low,0,31,sub47_lo.txt
47,low,0,32,sub47_lo.txt
47,low,0,33,sub47_lo.txt
47,low,0,34,sub47_lo.txt
47,low,0,35,sub47_lo.txt
47,low,0,36,sub47_lo.txt
47,low,0,37,sub47_lo.txt
47,low,0,38,sub47_lo.txt
47,low,0,39,sub47_lo.txt
47,low,0,40,sub47_lo.txt
47,low,0,41,sub47_lo.txt
47,low,0,42,sub47_lo.txt
47,low,0,43,sub47_lo.txt
47,low,0,44,sub47_lo.txt
47,low,0,45,sub47_lo.txt
47,low,0,46,sub47_lo.txt
47,low,0,47,sub47_lo.txt
47,low,0,48,sub47_lo.txt
47,low,0,49,sub47_lo.txt
47,low,0,50,sub47_lo.txt
47,low,0,51,sub47_lo.txt
47,low,0,52,sub47_lo.txt
47,low,0,53,sub47_lo.txt
47,low,0,54,sub47_lo.txt
47,low,0,55,sub47_lo.txt
47,low,0,56,sub47_lo.txt
47,low,0,57,sub47_lo.txt
47,low,0,58,sub47_lo.txt
47,low,0,59,sub47_lo.txt
47,low,0,60,sub47_lo.txt
47,low,0,61,sub47_lo.txt
47,low,0,62,sub47_lo.txt
47,low,0,63,sub47_lo.txt
47,low,0,64,sub47_lo.txt
47,low,0,65,sub47_lo.txt
47,low,0,66,sub47_lo.txt
47,low,0,67,sub47_lo.txt
47,low,0,68,sub47_lo.txt
47,low,0,69,sub47_lo.txt
47,low,0,70,sub47_lo.txt
47,low,0,71,sub47_lo.txt
47,low,0,72,sub47_lo.txt
47,low,0,73,sub47_lo.txt
48,high,1,0,sub48_hi.txt
48,high,1,1,sub48_hi.txt
48,high,1,2,sub48_hi.txt
48,high,1,3,sub48_hi.txt
48,high,1,4,sub48_hi.txt
48,high,1,5,sub48_hi.txt
48,high,1,6,sub48_hi.txt
48,high,1,7,sub48_hi.txt
48,high,1,8,sub48_hi.txt
48,high,1,9,sub48_hi.txt
48,high,1,10,sub48_hi.txt
48,high,1,11,sub48_hi.txt
48,high,1,12,sub48_hi.txt
48,high,1,13,sub48_hi.txt
48,high,1,14,sub48_hi.txt
48,high,1,15,sub48_hi.txt
48,high,1,16,sub48_hi.txt
48,high,1,17,sub48_hi.txt
48,high,1,18,sub48_hi.txt
48,high,1,19,sub48_hi.txt
48,high,1,20,sub48_hi.txt
48,high,1,21,sub48_hi.txt
48,high,1,22,sub48_hi.txt
48,high,1,23,sub48_hi.txt
48,high,1,24,sub48_hi.txt
48,high,1,25,sub48_hi.txt
48,high,1,26,sub48_hi.txt
48,high,1,27,sub48_hi.txt
48,high,1,28,sub48_hi.txt
48,high,1,29,sub48_hi.txt
48,high,1,30,sub48_hi.txt
48,high,1,31,sub48_hi.txt
48,high,1,32,sub48_hi.txt
48,high,1,33,sub48_hi.txt
48,high,1,34,sub48_hi.txt
48,high,1,35,sub48_hi.txt
48,high,1,36,sub48_hi.txt
48,high,1,37,sub48_hi.txt
48,high,1,38,sub48_hi.txt
48,high,1,39,sub48_hi.txt
48,high,1,40,sub48_hi.txt
48,high,1,41,sub48_hi.txt
48,high,1,42,sub48_hi.txt
48,high,1,43,sub48_hi.txt
48,high,1,44,sub48_hi.txt
48,high,1,45,sub48_hi.txt
48,high,1,46,sub48_hi.txt
48,high,1,47,sub48_hi.txt
48,high,1,48,sub48_hi.txt
48,high,1,49,sub48_hi.txt
48,high,1,50,sub48_hi.txt
48,high,1,51,sub48_hi.txt
48,high,1,52,sub48_hi.txt
48,high,1,53,sub48_hi.txt
48,high,1,54,sub48_hi.txt
48,high,1,55,sub48_hi.txt
48,high,1,56,sub48_hi.txt
48,high,1,57,sub48_hi.txt
48,high,1,58,sub48_hi.txt
48,high,1,59,sub48_hi.txt
48,high,1,60,sub48_hi.txt
48,high,1,61,sub48_hi.txt
48,high,1,62,sub48_hi.txt
48,high,1,63,sub48_hi.txt
48,high,1,64,sub48_hi.txt
48,high,1,65,sub48_hi.txt
48,high,1,66,sub48_hi.txt
48,high,1,67,sub48_hi.txt
48,high,1,68,sub48_hi.txt
48,high,1,69,sub48_hi.txt
48,high,1,70,sub48_hi.txt
48,high,1,71,sub48_hi.txt
48,high,1,72,sub48_hi.txt
48,high,1,73,sub48_hi.txt
48,low,0,0,sub48_lo.txt
48,low,0,1,sub48_lo.txt
48,low,0,2,sub48_lo.txt
48,low,0,3,sub48_lo.txt
48,low,0,4,sub48_lo.txt
48,low,0,5,sub48_lo.txt
48,low,0,6,sub48_lo.txt
48,low,0,7,sub48_lo.txt
48,low,0,8,sub48_lo.txt
48,low,0,9,sub48_lo.txt
48,low,0,10,sub48_lo.txt
48,low,0,11,sub48_lo.txt
48,low,0,12,sub48_lo.txt
48,low,0,13,sub48_lo.txt
48,low,0,14,sub48_lo.txt
48,low,0,15,sub48_lo.txt
48,low,0,16,sub48_lo.txt
48,low,0,17,sub48_lo.txt
48,low,0,18,sub48_lo.txt
48,low,0,19,sub48_lo.txt
48,low,0,20,sub48_lo.txt
48,low,0,21,sub48_lo.txt
48,low,0,22,sub48_lo.txt
48,low,0,23,sub48_lo.txt
48,low,0,24,sub48_lo.txt
48,low,0,25,sub48_lo.txt
48,low,0,26,sub48_lo.txt
48,low,0,27,sub48_lo.txt
48,low,0,28,sub48_lo.txt
48,low,0,29,sub48_lo.txt
48,low,0,30,sub48_lo.txt
48,low,0,31,sub48_lo.txt
48,low,0,32,sub48_lo.txt
48,low,0,33,sub48_lo.txt
48,low,0,34,sub48_lo.txt
48,low,0,35,sub48_lo.txt
48,low,0,36,sub48_lo.txt
48,low,0,37,sub48_lo.txt
48,low,0,38,sub48_lo.txt
48,low,0,39,sub48_lo.txt
48,low,0,40,sub48_lo.txt
48,low,0,41,sub48_lo.txt
48,low,0,42,sub48_lo.txt
48,low,0,43,sub48_lo.txt
48,low,0,44,sub48_lo.txt
48,low,0,45,sub48_lo.txt
48,low,0,46,sub48_lo.txt
48,low,0,47,sub48_lo.txt
48,low,0,48,sub48_lo.txt
48,low,0,49,sub48_lo.txt
48,low,0,50,sub48_lo.txt
48,low,0,51,sub48_lo.txt
48,low,0,52,sub48_lo.txt
48,low,0,53,sub48_lo.txt
48,low,0,54,sub48_lo.txt
48,low,0,55,sub48_lo.txt
48,low,0,56,sub48_lo.txt
48,low,0,57,sub48_lo.txt
48,low,0,58,sub48_lo.txt
48,low,0,59,sub48_lo.txt
48,low,0,60,sub48_lo.txt
48,low,0,61,sub48_lo.txt
48,low,0,62,sub48_lo.txt
48,low,0,63,sub48_lo.txt
48,low,0,64,sub48_lo.txt
48,low,0,65,sub48_lo.txt
48,low,0,66,sub48_lo.txt
48,low,0,67,sub48_lo.txt
48,low,0,68,sub48_lo.txt
48,low,0,69,sub48_lo.txt
48,low,0,70,sub48_lo.txt
48,low,0,71,sub48_lo.txt
48,low,0,72,sub48_lo.txt
48,low,0,73,sub48_lo.txt
